entidad,proveedor,mes,dia,hora,ivrs_total,ivrs_contactados,tasa_contacto_hora,casos_con_ivr,telefonos_con_ivr,casos_unicos_mes,telefonos_unicos_mes
ADT0,GSM_MOVI,2026-05,2026-05-01,8,354,16,0.0452,202,344,2985,5427
AUSO,GSM_MOVI,2026-05,2026-05-01,8,797,86,0.1079,631,792,3540,5467
AYS3,GSM_MOVI,2026-05,2026-05-01,8,262,19,0.0725,234,262,3621,4268
AYS3,GSM_PERS,2026-05,2026-05-01,8,220,18,0.0818,192,208,1937,2168
AYSA,GSM_MOVI,2026-05,2026-05-01,8,555,28,0.0505,477,555,6984,8575
AYSA,GSM_PERS,2026-05,2026-05-01,8,867,69,0.0796,776,857,7005,7878
AYSE,GSM_MOVI,2026-05,2026-05-01,8,258,35,0.1357,230,258,1016,1142
AYSE,GSM_PERS,2026-05,2026-05-01,8,2457,123,0.0501,1766,2455,9457,15014
DRPW,GSM_MOVI,2026-05,2026-05-01,8,1947,167,0.0858,1615,1946,2908,3626
OEST,GSM_PERS,2026-05,2026-05-01,8,1273,132,0.1037,1109,1270,1156,1358
ADT0,GSM_MOVI,2026-05,2026-05-01,9,1359,68,0.0500,866,1330,2985,5427
AUSO,GSM_MOVI,2026-05,2026-05-01,9,1466,178,0.1214,1153,1457,3540,5467
AYS3,GSM_MOVI,2026-05,2026-05-01,9,1349,93,0.0689,1219,1326,3621,4268
AYS3,GSM_PERS,2026-05,2026-05-01,9,387,45,0.1163,348,378,1937,2168
AYS3,MOVI,2026-05,2026-05-01,9,2876,51,0.0177,2115,2850,5682,8809
AYSA,GSM_MOVI,2026-05,2026-05-01,9,1927,142,0.0737,1697,1926,6984,8575
AYSA,GSM_PERS,2026-05,2026-05-01,9,1460,136,0.0932,1320,1429,7005,7878
AYSA,MOVI,2026-05,2026-05-01,9,6150,151,0.0246,4694,6094,10285,14966
AYSE,GSM_PERS,2026-05,2026-05-01,9,5533,236,0.0427,3844,5516,9457,15014
AYSE,MOVI,2026-05,2026-05-01,9,39,4,0.1026,30,39,2294,2458
DRPW,GSM_MOVI,2026-05,2026-05-01,9,1307,125,0.0956,1066,1306,2908,3626
DRTV,GSM_PERS,2026-05,2026-05-01,9,2389,154,0.0645,2081,2389,4230,5132
MEL0,GSM_MOVI,2026-05,2026-05-01,9,3,0,0.0000,3,3,9498,11223
OEST,GSM_MOVI,2026-05,2026-05-01,9,929,109,0.1173,818,929,2587,3742
ADT0,GSM_MOVI,2026-05,2026-05-01,10,2394,137,0.0572,1498,2350,2985,5427
AUSO,GSM_MOVI,2026-05,2026-05-01,10,1085,139,0.1281,885,1084,3540,5467
AYS3,GSM_MOVI,2026-05,2026-05-01,10,463,32,0.0691,427,462,3621,4268
AYS3,GSM_PERS,2026-05,2026-05-01,10,136,21,0.1544,130,135,2726,3039
AYS3,MOVI,2026-05,2026-05-01,10,2530,48,0.0190,1866,2501,5682,8809
AYSA,GSM_MOVI,2026-05,2026-05-01,10,813,46,0.0566,737,812,6984,8575
AYSA,GSM_PERS,2026-05,2026-05-01,10,448,56,0.1250,415,435,7005,7878
AYSA,MOVI,2026-05,2026-05-01,10,5474,157,0.0287,4135,5392,10285,14966
AYSE,GSM_PERS,2026-05,2026-05-01,10,3435,161,0.0469,2510,3429,9457,15014
AYSE,MOVI,2026-05,2026-05-01,10,76,4,0.0526,39,76,2294,2458
DRTV,GSM_PERS,2026-05,2026-05-01,10,1966,144,0.0732,1752,1966,4230,5132
FIME,GSM_MOVI,2026-05,2026-05-01,10,3043,192,0.0631,2961,3041,11522,12038
MEL0,GSM_MOVI,2026-05,2026-05-01,10,1626,110,0.0677,1540,1626,9498,11223
MEL0,GSM_PERS,2026-05,2026-05-01,10,3094,224,0.0724,2826,3094,27024,33212
ADT0,GSM_MOVI,2026-05,2026-05-01,11,1470,105,0.0714,978,1438,2985,5427
AUSO,GSM_MOVI,2026-05,2026-05-01,11,4,0,0.0000,4,4,3540,5467
AYS3,GSM_MOVI,2026-05,2026-05-01,11,314,4,0.0127,273,308,3621,4268
AYS3,GSM_PERS,2026-05,2026-05-01,11,508,48,0.0945,453,493,2726,3039
AYSA,GSM_MOVI,2026-05,2026-05-01,11,762,29,0.0381,643,760,6984,8575
AYSA,GSM_PERS,2026-05,2026-05-01,11,1099,110,0.1001,978,1057,7005,7878
AYSE,GSM_PERS,2026-05,2026-05-01,11,2524,129,0.0511,1874,2519,9457,15014
AYSJ,GSM_MOVI,2026-05,2026-05-01,11,612,23,0.0376,413,549,1050,1467
FIME,GSM_MOVI,2026-05,2026-05-01,11,5220,360,0.0690,5033,5216,11522,12038
MEL0,GSM_MOVI,2026-05,2026-05-01,11,1495,97,0.0649,1418,1494,9498,11223
MEL0,GSM_PERS,2026-05,2026-05-01,11,4294,342,0.0796,3823,4292,27024,33212
AYS3,GSM_MOVI,2026-05,2026-05-01,12,810,26,0.0321,695,805,2339,2884
AYS3,GSM_PERS,2026-05,2026-05-01,12,2022,207,0.1024,1661,1778,2726,3039
AYSA,GSM_MOVI,2026-05,2026-05-01,12,2209,93,0.0421,1877,2202,5809,7301
AYSA,GSM_PERS,2026-05,2026-05-01,12,4330,472,0.1090,3515,3857,7005,7878
AYSJ,GSM_MOVI,2026-05,2026-05-01,12,1387,64,0.0461,819,1073,1050,1467
FIME,GSM_MOVI,2026-05,2026-05-01,12,1884,133,0.0706,1841,1883,11522,12038
MEL0,GSM_MOVI,2026-05,2026-05-01,12,3524,245,0.0695,3211,3524,9498,11223
MEL0,GSM_PERS,2026-05,2026-05-01,12,2430,157,0.0646,2179,2430,27024,33212
AYS3,GSM_MOVI,2026-05,2026-05-01,13,386,12,0.0311,348,385,2339,2884
AYSA,GSM_MOVI,2026-05,2026-05-01,13,1196,40,0.0334,1034,1195,5809,7301
AYSJ,GSM_MOVI,2026-05,2026-05-01,13,758,30,0.0396,528,673,1050,1467
FIME,GSM_MOVI,2026-05,2026-05-01,13,1034,113,0.1093,1014,1034,11522,12038
MEL0,GSM_MOVI,2026-05,2026-05-01,13,60,6,0.1000,57,60,9498,11223
MEL0,GSM_PERS,2026-05,2026-05-01,13,9861,812,0.0823,8915,9858,27024,33212
MEL0,GSM_PERS,2026-05,2026-05-01,14,6686,602,0.0900,6069,6686,27024,33212
AUSO,GSM_MOVI,2026-05,2026-05-02,8,1754,209,0.1192,1607,1752,11456,13971
AUSO,GSM_PERS,2026-05,2026-05-02,8,1468,126,0.0858,1214,1464,5066,7629
AYSE,GSM_MOVI,2026-05,2026-05-02,8,255,52,0.2039,223,255,1016,1142
DRPW,GSM_MOVI,2026-05,2026-05-02,8,538,38,0.0706,456,538,2908,3626
OEST,GSM_MOVI,2026-05,2026-05-02,8,2231,230,0.1031,2074,2224,11046,13509
AUSO,GSM_MOVI,2026-05,2026-05-02,9,3353,352,0.1050,3030,3344,11456,13971
AUSO,GSM_PERS,2026-05,2026-05-02,9,2601,233,0.0896,1816,2094,5066,7629
AYSE,GSM_MOVI,2026-05,2026-05-02,9,17,2,0.1176,17,17,741,846
DRPW,GSM_MOVI,2026-05,2026-05-02,9,716,72,0.1006,636,716,2908,3626
DRTV,GSM_PERS,2026-05,2026-05-02,9,4397,311,0.0707,3729,4397,4230,5132
DRTW,GSM_PERS,2026-05,2026-05-02,9,1879,125,0.0665,1590,1879,5384,6811
OEST,GSM_MOVI,2026-05,2026-05-02,9,5284,540,0.1022,4749,5263,11046,13509
REVO,MOVI,2026-05,2026-05-02,9,440,201,0.4568,434,440,1968,2250
AUSO,GSM_MOVI,2026-05,2026-05-02,10,1532,161,0.1051,1385,1531,11456,13971
AUSO,GSM_PERS,2026-05,2026-05-02,10,2822,268,0.0950,2031,2372,5066,7629
DRPW,GSM_MOVI,2026-05,2026-05-02,10,585,58,0.0991,517,585,2908,3626
DRTW,GSM_PERS,2026-05,2026-05-02,10,1255,115,0.0916,1099,1255,5384,6811
FIME,GSM_MOVI,2026-05,2026-05-02,10,2014,163,0.0809,1965,2013,11522,12038
MEL0,GSM_MOVI,2026-05,2026-05-02,10,3020,185,0.0613,2680,3020,51770,67268
MEL0,GSM_PERS,2026-05,2026-05-02,10,4476,272,0.0608,3920,4476,94617,124208
OEST,GSM_MOVI,2026-05,2026-05-02,10,1991,227,0.1140,1810,1991,11046,13509
AUSO,GSM_MOVI,2026-05,2026-05-02,11,1481,162,0.1094,1361,1480,11456,13971
DRPW,GSM_MOVI,2026-05,2026-05-02,11,620,54,0.0871,544,620,2908,3626
DRTW,GSM_PERS,2026-05,2026-05-02,11,914,68,0.0744,804,913,5384,6811
FIME,GSM_MOVI,2026-05,2026-05-02,11,3190,244,0.0765,3092,3188,11522,12038
MEL0,GSM_MOVI,2026-05,2026-05-02,11,3270,216,0.0661,2893,3270,51770,67268
MEL0,GSM_PERS,2026-05,2026-05-02,11,8102,558,0.0689,6916,8074,94617,124208
OEST,GSM_MOVI,2026-05,2026-05-02,11,1173,128,0.1091,1046,1169,11046,13509
AUSO,GSM_MOVI,2026-05,2026-05-02,12,1807,253,0.1400,1667,1806,11336,13819
DRPW,GSM_MOVI,2026-05,2026-05-02,12,878,86,0.0979,787,876,2908,3626
DRTW,GSM_PERS,2026-05,2026-05-02,12,1165,95,0.0815,1031,1165,5384,6811
FIME,GSM_MOVI,2026-05,2026-05-02,12,3030,212,0.0700,2959,3030,11522,12038
MEL0,GSM_MOVI,2026-05,2026-05-02,12,3550,265,0.0746,3144,3549,51770,67268
MEL0,GSM_PERS,2026-05,2026-05-02,12,7806,547,0.0701,6685,7779,94617,124208
OEST,GSM_MOVI,2026-05,2026-05-02,12,270,30,0.1111,261,270,8107,9869
AUSO,GSM_MOVI,2026-05,2026-05-02,13,1104,169,0.1531,1023,1103,11456,13971
DRPW,GSM_MOVI,2026-05,2026-05-02,13,120,14,0.1167,112,120,2908,3626
DRTW,GSM_PERS,2026-05,2026-05-02,13,475,46,0.0968,430,475,5384,6811
FIME,GSM_MOVI,2026-05,2026-05-02,13,3361,245,0.0729,3264,3357,11522,12038
MEL0,GSM_MOVI,2026-05,2026-05-02,13,4348,353,0.0812,3798,4348,51770,67268
MEL0,GSM_PERS,2026-05,2026-05-02,13,5080,287,0.0565,4346,5078,94617,124208
OEST,GSM_MOVI,2026-05,2026-05-02,13,472,64,0.1356,446,471,8107,9869
AUSO,GSM_MOVI,2026-05,2026-05-02,14,195,32,0.1641,174,195,3165,3826
MEL0,GSM_MOVI,2026-05,2026-05-02,14,6443,537,0.0833,5358,6443,51770,67268
MEL0,GSM_PERS,2026-05,2026-05-02,14,6631,325,0.0490,5541,6575,94617,124208
AUSO,GSM_MOVI,2026-05,2026-05-02,15,255,41,0.1608,242,255,3165,3826
MEL0,GSM_MOVI,2026-05,2026-05-02,15,6583,500,0.0760,5513,6582,51770,67268
MEL0,GSM_PERS,2026-05,2026-05-02,15,6825,381,0.0558,5747,6770,94617,124208
AUSO,GSM_MOVI,2026-05,2026-05-02,16,358,55,0.1536,333,358,3165,3826
MEL0,GSM_MOVI,2026-05,2026-05-02,16,8918,725,0.0813,7587,8918,51770,67268
MEL0,GSM_PERS,2026-05,2026-05-02,16,9203,538,0.0585,8158,9102,94617,124208
MEL0,GSM_MOVI,2026-05,2026-05-02,17,5708,474,0.0830,4802,5708,51770,67268
MEL0,GSM_PERS,2026-05,2026-05-02,17,9669,638,0.0660,8779,9562,94617,124208
MEL0,GSM_PERS,2026-05,2026-05-02,18,10341,677,0.0655,9523,10213,94617,124208
MEL0,GSM_PERS,2026-05,2026-05-02,19,10348,686,0.0663,9574,10211,94617,124208
MEL0,GSM_PERS,2026-05,2026-05-02,20,10378,702,0.0676,9605,10245,94617,124208
MEL0,GSM_PERS,2026-05,2026-05-02,21,19,0,0.0000,19,19,94617,124208
AUSO,GSM_MOVI,2026-05,2026-05-03,8,20,0,0.0000,18,20,3540,5467
MEL0,GSM_PERS,2026-05,2026-05-03,8,160,0,0.0000,143,160,94617,124208
AUSO,GSM_MOVI,2026-05,2026-05-03,9,1150,154,0.1339,906,1147,3540,5467
MEL0,GSM_MOVI,2026-05,2026-05-03,9,113,3,0.0265,90,113,51770,67268
MEL0,GSM_PERS,2026-05,2026-05-03,9,4440,215,0.0484,4122,4429,94617,124208
OEST,GSM_MOVI,2026-05,2026-05-03,9,1008,116,0.1151,876,1008,2587,3742
OEST,GSM_PERS,2026-05,2026-05-03,9,311,20,0.0643,280,310,1156,1358
REVO,MOVI,2026-05,2026-05-03,9,1547,76,0.0491,1280,1547,1939,2221
AUSO,GSM_MOVI,2026-05,2026-05-03,10,1506,167,0.1109,1169,1502,3540,5467
MEL0,GSM_MOVI,2026-05,2026-05-03,10,7837,324,0.0413,6622,7830,51770,67268
MEL0,GSM_PERS,2026-05,2026-05-03,10,7821,404,0.0517,6827,7783,94617,124208
OEST,GSM_PERS,2026-05,2026-05-03,10,926,111,0.1199,815,926,1156,1358
AUSO,GSM_MOVI,2026-05,2026-05-03,11,864,127,0.1470,662,856,3540,5467
MEL0,GSM_MOVI,2026-05,2026-05-03,11,7987,425,0.0532,6697,7987,51770,67268
MEL0,GSM_PERS,2026-05,2026-05-03,11,9387,551,0.0587,8218,9266,94617,124208
OEST,GSM_PERS,2026-05,2026-05-03,11,30,3,0.1000,29,30,1156,1358
MEL0,GSM_MOVI,2026-05,2026-05-03,12,9595,445,0.0464,7977,9594,51770,67268
MEL0,GSM_PERS,2026-05,2026-05-03,12,9374,555,0.0592,8307,9350,94617,124208
MEL0,GSM_MOVI,2026-05,2026-05-03,13,9162,458,0.0500,7582,9162,51770,67268
MEL0,GSM_PERS,2026-05,2026-05-03,13,9361,651,0.0695,8475,9312,94617,124208
MEL0,GSM_MOVI,2026-05,2026-05-03,14,5484,278,0.0507,4520,5484,51770,67268
MEL0,GSM_PERS,2026-05,2026-05-03,14,9787,570,0.0582,8880,9734,94617,124208
MEL0,GSM_PERS,2026-05,2026-05-03,15,10354,582,0.0562,9475,10312,94617,124208
MEL0,GSM_PERS,2026-05,2026-05-03,16,10282,663,0.0645,9575,10257,94617,124208
MEL0,GSM_PERS,2026-05,2026-05-03,17,10310,589,0.0571,9550,10260,94617,124208
MEL0,GSM_PERS,2026-05,2026-05-03,18,9931,509,0.0513,9233,9725,94617,124208
MEL0,GSM_PERS,2026-05,2026-05-03,19,10274,477,0.0464,9539,10049,94617,124208
MEL0,GSM_PERS,2026-05,2026-05-03,20,10509,534,0.0508,9738,10244,94617,124208
MEL0,GSM_PERS,2026-05,2026-05-03,21,29,1,0.0345,28,29,94617,124208
AUSO,GSM_MOVI,2026-05,2026-05-04,8,903,45,0.0498,688,902,3540,5467
AYS3,GSM_MOVI,2026-05,2026-05-04,8,448,13,0.0290,387,447,3621,4268
AYS3,GSM_PERS,2026-05,2026-05-04,8,89,2,0.0225,82,88,1937,2168
AYSA,GSM_MOVI,2026-05,2026-05-04,8,1111,28,0.0252,932,1110,6984,8575
AYSA,GSM_PERS,2026-05,2026-05-04,8,318,3,0.0094,282,318,7005,7878
AYSE,GSM_PERS,2026-05,2026-05-04,8,1470,16,0.0109,1164,1465,9457,15014
MEL0,GSM_PERS,2026-05,2026-05-04,8,2628,60,0.0228,2562,2614,94617,124208
OEST,GSM_PERS,2026-05,2026-05-04,8,304,13,0.0428,276,303,1156,1358
AUSO,GSM_MOVI,2026-05,2026-05-04,9,2116,256,0.1210,1682,2098,3540,5467
AYS3,GSM_MOVI,2026-05,2026-05-04,9,1485,103,0.0694,1364,1477,3621,4268
AYS3,GSM_PERS,2026-05,2026-05-04,9,526,54,0.1027,478,516,1937,2168
AYS3,MOVI,2026-05,2026-05-04,9,1073,12,0.0112,936,1070,5682,8809
AYSA,GSM_MOVI,2026-05,2026-05-04,9,2078,134,0.0645,1842,2073,6984,8575
AYSA,GSM_PERS,2026-05,2026-05-04,9,1879,192,0.1022,1731,1855,7005,7878
AYSA,MOVI,2026-05,2026-05-04,9,2211,71,0.0321,1954,2200,10285,14966
AYSE,GSM_PERS,2026-05,2026-05-04,9,4733,200,0.0423,3476,4724,9457,15014
AYSE,MOVI,2026-05,2026-05-04,9,11,2,0.1818,9,11,1415,1525
DRTV,GSM_PERS,2026-05,2026-05-04,9,1202,77,0.0641,1088,1202,2292,2714
DRTW,GSM_MOVI,2026-05,2026-05-04,9,1003,87,0.0867,783,1000,4687,6141
MEL0,GSM_MOVI,2026-05,2026-05-04,9,120,3,0.0250,93,120,51770,67268
MEL0,GSM_PERS,2026-05,2026-05-04,9,922,26,0.0282,907,919,94617,124208
OEST,GSM_MOVI,2026-05,2026-05-04,9,882,113,0.1281,774,882,2587,3742
OEST,GSM_PERS,2026-05,2026-05-04,9,413,39,0.0944,381,412,1156,1358
AYS3,GSM_MOVI,2026-05,2026-05-04,10,119,8,0.0672,103,119,2339,2884
AYS3,GSM_PERS,2026-05,2026-05-04,10,678,79,0.1165,605,627,2726,3039
AYS3,MOVI,2026-05,2026-05-04,10,1173,17,0.0145,1010,1169,5682,8809
AYSA,GSM_MOVI,2026-05,2026-05-04,10,378,26,0.0688,316,369,5809,7301
AYSA,GSM_PERS,2026-05,2026-05-04,10,2135,235,0.1101,1924,2080,7005,7878
AYSA,MOVI,2026-05,2026-05-04,10,2517,108,0.0429,2203,2507,10285,14966
AYSE,GSM_PERS,2026-05,2026-05-04,10,2439,140,0.0574,1845,2436,9457,15014
AYSE,MOVI,2026-05,2026-05-04,10,23,2,0.0870,18,23,2034,2184
DRTV,GSM_PERS,2026-05,2026-05-04,10,481,43,0.0894,451,481,2292,2714
DRTW,GSM_MOVI,2026-05,2026-05-04,10,315,23,0.0730,250,314,4687,6141
FIME,GSM_MOVI,2026-05,2026-05-04,10,3265,240,0.0735,3147,3261,11522,12038
MEL0,GSM_MOVI,2026-05,2026-05-04,10,4934,265,0.0537,4147,4932,51770,67268
MEL0,GSM_PERS,2026-05,2026-05-04,10,2794,163,0.0583,2413,2794,94617,124208
OEST,GSM_PERS,2026-05,2026-05-04,10,206,32,0.1553,193,206,1156,1358
AYS3,GSM_MOVI,2026-05,2026-05-04,11,806,24,0.0298,665,791,2339,2884
AYS3,GSM_PERS,2026-05,2026-05-04,11,246,31,0.1260,217,233,2726,3039
AYS3,MOVI,2026-05,2026-05-04,11,1178,18,0.0153,1023,1174,5682,8809
AYSA,GSM_MOVI,2026-05,2026-05-04,11,2171,101,0.0465,1733,2169,5809,7301
AYSA,GSM_PERS,2026-05,2026-05-04,11,867,119,0.1373,798,856,7005,7878
AYSA,MOVI,2026-05,2026-05-04,11,2554,80,0.0313,2276,2546,10285,14966
AYSE,GSM_PERS,2026-05,2026-05-04,11,1742,101,0.0580,1387,1742,9457,15014
AYSE,MOVI,2026-05,2026-05-04,11,30,4,0.1333,21,30,1675,1799
AYSJ,GSM_MOVI,2026-05,2026-05-04,11,271,16,0.0590,186,250,1050,1467
DRTV,GSM_PERS,2026-05,2026-05-04,11,656,57,0.0869,600,656,2292,2714
DRTW,GSM_MOVI,2026-05,2026-05-04,11,242,27,0.1116,198,242,4687,6141
FIME,GSM_MOVI,2026-05,2026-05-04,11,3528,315,0.0893,3382,3525,11522,12038
MEL0,GSM_MOVI,2026-05,2026-05-04,11,2342,158,0.0675,2011,2342,51770,67268
MEL0,GSM_PERS,2026-05,2026-05-04,11,5526,331,0.0599,4751,5524,94617,124208
OEST,GSM_PERS,2026-05,2026-05-04,11,160,16,0.1000,152,160,1156,1358
AYS3,GSM_MOVI,2026-05,2026-05-04,12,675,21,0.0311,544,659,2339,2884
AYS3,GSM_PERS,2026-05,2026-05-04,12,325,46,0.1415,304,319,2726,3039
AYS3,MOVI,2026-05,2026-05-04,12,1171,28,0.0239,1027,1165,5682,8809
AYSA,GSM_MOVI,2026-05,2026-05-04,12,1641,80,0.0488,1347,1640,5809,7301
AYSA,GSM_PERS,2026-05,2026-05-04,12,983,121,0.1231,901,959,7005,7878
AYSA,MOVI,2026-05,2026-05-04,12,2490,93,0.0373,2223,2474,10285,14966
AYSE,GSM_PERS,2026-05,2026-05-04,12,1760,95,0.0540,1395,1759,9457,15014
AYSE,MOVI,2026-05,2026-05-04,12,32,2,0.0625,22,32,2294,2458
AYSJ,GSM_MOVI,2026-05,2026-05-04,12,170,12,0.0706,130,167,1050,1467
DRTW,GSM_MOVI,2026-05,2026-05-04,12,331,35,0.1057,263,331,4687,6141
FIME,GSM_MOVI,2026-05,2026-05-04,12,4251,341,0.0802,4082,4250,11522,12038
MEL0,GSM_MOVI,2026-05,2026-05-04,12,2246,149,0.0663,1885,2246,51770,67268
MEL0,GSM_PERS,2026-05,2026-05-04,12,6177,406,0.0657,5283,6176,94617,124208
AYS3,GSM_MOVI,2026-05,2026-05-04,13,96,2,0.0208,84,96,2339,2884
AYS3,GSM_PERS,2026-05,2026-05-04,13,307,37,0.1205,275,305,2726,3039
AYS3,MOVI,2026-05,2026-05-04,13,793,20,0.0252,706,792,5682,8809
AYSA,GSM_MOVI,2026-05,2026-05-04,13,254,10,0.0394,205,253,5809,7301
AYSA,GSM_PERS,2026-05,2026-05-04,13,1012,141,0.1393,936,989,7005,7878
AYSA,MOVI,2026-05,2026-05-04,13,1820,72,0.0396,1673,1809,10285,14966
AYSE,GSM_PERS,2026-05,2026-05-04,13,1320,71,0.0538,1081,1318,9457,15014
AYSE,MOVI,2026-05,2026-05-04,13,19,1,0.0526,15,19,2294,2458
AYSJ,GSM_MOVI,2026-05,2026-05-04,13,251,13,0.0518,166,238,1050,1467
DRTW,GSM_MOVI,2026-05,2026-05-04,13,347,24,0.0692,284,347,4687,6141
FIME,GSM_MOVI,2026-05,2026-05-04,13,435,38,0.0874,423,435,11522,12038
MEL0,GSM_MOVI,2026-05,2026-05-04,13,3174,179,0.0564,2694,3174,51770,67268
MEL0,GSM_PERS,2026-05,2026-05-04,13,6726,367,0.0546,5636,6726,94617,124208
AYS3,GSM_PERS,2026-05,2026-05-04,14,694,83,0.1196,652,694,1806,2064
AYSA,GSM_PERS,2026-05,2026-05-04,14,573,54,0.0942,548,571,2942,3463
AYSE,MOVI,2026-05,2026-05-04,14,481,117,0.2432,453,453,2950,3155
AYSJ,GSM_MOVI,2026-05,2026-05-04,14,583,16,0.0274,410,539,1050,1467
DRTW,GSM_MOVI,2026-05,2026-05-04,14,1747,171,0.0979,1431,1747,4687,6141
MEL0,GSM_MOVI,2026-05,2026-05-04,14,4417,256,0.0580,3780,4417,51770,67268
MEL0,GSM_PERS,2026-05,2026-05-04,14,6110,303,0.0496,5020,6110,94617,124208
AYS3,GSM_PERS,2026-05,2026-05-04,15,328,36,0.1098,315,327,1806,2064
AYSA,GSM_PERS,2026-05,2026-05-04,15,260,15,0.0577,250,260,2942,3463
AYSE,MOVI,2026-05,2026-05-04,15,533,138,0.2589,502,502,2950,3155
AYSJ,GSM_MOVI,2026-05,2026-05-04,15,1614,75,0.0465,898,1225,1050,1467
DRTW,GSM_MOVI,2026-05,2026-05-04,15,1684,184,0.1093,1379,1681,4687,6141
MEL0,GSM_MOVI,2026-05,2026-05-04,15,5279,365,0.0691,4466,5278,51770,67268
MEL0,GSM_PERS,2026-05,2026-05-04,15,8158,528,0.0647,6940,8158,94617,124208
AYSE,MOVI,2026-05,2026-05-04,16,549,128,0.2332,519,519,2950,3155
MEL0,GSM_MOVI,2026-05,2026-05-04,16,7042,341,0.0484,6001,7041,51770,67268
MEL0,GSM_PERS,2026-05,2026-05-04,16,9618,542,0.0564,8437,9617,94617,124208
OEST,Sin proveedor,2026-05,2026-05-04,16,1,1,1.0000,1,1,2,2
AYSE,MOVI,2026-05,2026-05-04,17,500,118,0.2360,473,472,2950,3155
MEL0,GSM_MOVI,2026-05,2026-05-04,17,2737,154,0.0563,2314,2737,51770,67268
MEL0,GSM_PERS,2026-05,2026-05-04,17,10045,555,0.0553,8955,10045,94617,124208
AYSE,MOVI,2026-05,2026-05-04,18,114,29,0.2544,112,112,2950,3155
MEL0,GSM_PERS,2026-05,2026-05-04,18,9921,542,0.0546,8632,9920,94617,124208
MEL0,GSM_MOVI,2026-05,2026-05-04,19,4890,343,0.0701,4728,4889,51770,67268
MEL0,GSM_PERS,2026-05,2026-05-04,19,9857,572,0.0580,8312,9856,94617,124208
MEL0,GSM_MOVI,2026-05,2026-05-04,20,1911,118,0.0617,1846,1911,51770,67268
MEL0,GSM_PERS,2026-05,2026-05-04,20,10241,591,0.0577,8582,10240,94617,124208
MEL0,GSM_PERS,2026-05,2026-05-04,21,16,1,0.0625,15,16,94617,124208
AUSO,GSM_MOVI,2026-05,2026-05-05,8,1262,180,0.1426,1145,1261,8985,12956
AUSO,GSM_PERS,2026-05,2026-05-05,8,732,63,0.0861,638,730,5066,7629
AYS3,GSM_MOVI,2026-05,2026-05-05,8,283,25,0.0883,253,283,3621,4268
AYS3,GSM_PERS,2026-05,2026-05-05,8,241,17,0.0705,211,224,1937,2168
AYSA,GSM_MOVI,2026-05,2026-05-05,8,715,72,0.1007,631,715,6984,8575
AYSA,GSM_PERS,2026-05,2026-05-05,8,827,80,0.0967,748,824,7005,7878
AYSE,GSM_MOVI,2026-05,2026-05-05,8,143,25,0.1748,131,143,1424,1574
AYSE,GSM_PERS,2026-05,2026-05-05,8,1991,142,0.0713,1486,1985,7967,12368
DRTV,GSM_MOVI,2026-05,2026-05-05,8,10,0,0.0000,9,10,3405,4266
MEL0,GSM_PERS,2026-05,2026-05-05,8,486,25,0.0514,430,486,94617,124208
OEST,GSM_MOVI,2026-05,2026-05-05,8,2157,261,0.1210,1899,2147,7517,10872
AUSO,GSM_MOVI,2026-05,2026-05-05,9,3348,500,0.1493,2977,3342,13112,17893
AUSO,GSM_PERS,2026-05,2026-05-05,9,2889,284,0.0983,2050,2390,5066,7629
AYS3,GSM_MOVI,2026-05,2026-05-05,9,443,32,0.0722,392,433,3621,4268
AYS3,GSM_PERS,2026-05,2026-05-05,9,292,34,0.1164,252,277,1937,2168
AYS3,MOVI,2026-05,2026-05-05,9,374,12,0.0321,349,374,5682,8809
AYSA,GSM_MOVI,2026-05,2026-05-05,9,989,49,0.0495,852,985,6984,8575
AYSA,GSM_PERS,2026-05,2026-05-05,9,931,98,0.1053,845,924,7005,7878
AYSA,MOVI,2026-05,2026-05-05,9,1060,65,0.0613,985,1057,10285,14966
AYSE,GSM_MOVI,2026-05,2026-05-05,9,106,26,0.2453,97,106,1016,1142
AYSE,GSM_PERS,2026-05,2026-05-05,9,4941,223,0.0451,3541,4917,7967,12368
AYSE,MOVI,2026-05,2026-05-05,9,34,0,0.0000,27,34,2331,2496
DRTV,GSM_MOVI,2026-05,2026-05-05,9,428,42,0.0981,373,428,3405,4266
DRTW,GSM_PERS,2026-05,2026-05-05,9,573,55,0.0960,493,573,3371,4294
MEL0,GSM_MOVI,2026-05,2026-05-05,9,30,0,0.0000,24,30,42272,56045
OEST,GSM_MOVI,2026-05,2026-05-05,9,3818,513,0.1344,3296,3803,11080,15086
AUSO,GSM_MOVI,2026-05,2026-05-05,10,2393,387,0.1617,2140,2392,13112,17893
AUSO,GSM_PERS,2026-05,2026-05-05,10,1341,134,0.0999,1164,1337,5066,7629
AYS3,GSM_MOVI,2026-05,2026-05-05,10,133,11,0.0827,121,133,3621,4268
AYS3,GSM_PERS,2026-05,2026-05-05,10,103,13,0.1262,86,97,1937,2168
AYS3,MOVI,2026-05,2026-05-05,10,427,25,0.0585,391,426,5682,8809
AYSA,GSM_MOVI,2026-05,2026-05-05,10,257,10,0.0389,219,257,6984,8575
AYSA,GSM_PERS,2026-05,2026-05-05,10,329,37,0.1125,300,326,7005,7878
AYSA,MOVI,2026-05,2026-05-05,10,1242,81,0.0652,1121,1235,10285,14966
AYSE,GSM_PERS,2026-05,2026-05-05,10,1924,116,0.0603,1477,1924,7967,12368
AYSE,MOVI,2026-05,2026-05-05,10,52,8,0.1538,43,52,2950,3155
DRTV,GSM_MOVI,2026-05,2026-05-05,10,145,15,0.1034,123,145,3405,4266
DRTW,GSM_PERS,2026-05,2026-05-05,10,89,6,0.0674,78,89,3371,4294
FIME,GSM_MOVI,2026-05,2026-05-05,10,2571,158,0.0615,2486,2570,11522,12038
MEL0,GSM_MOVI,2026-05,2026-05-05,10,3421,129,0.0377,2943,3421,51770,67268
MEL0,GSM_PERS,2026-05,2026-05-05,10,5197,240,0.0462,4379,5184,94617,124208
OEST,GSM_MOVI,2026-05,2026-05-05,10,447,61,0.1365,407,447,3563,4214
AUSO,GSM_MOVI,2026-05,2026-05-05,11,1920,340,0.1771,1718,1916,13112,17893
AUSO,GSM_PERS,2026-05,2026-05-05,11,978,96,0.0982,860,974,5066,7629
AYS3,GSM_MOVI,2026-05,2026-05-05,11,100,12,0.1200,90,100,3621,4268
AYS3,GSM_PERS,2026-05,2026-05-05,11,75,11,0.1467,64,75,1937,2168
AYS3,MOVI,2026-05,2026-05-05,11,361,17,0.0471,328,359,5682,8809
AYSA,GSM_MOVI,2026-05,2026-05-05,11,259,15,0.0579,231,259,6984,8575
AYSA,GSM_PERS,2026-05,2026-05-05,11,241,32,0.1328,215,240,7005,7878
AYSA,MOVI,2026-05,2026-05-05,11,1203,83,0.0690,1097,1197,10285,14966
AYSE,GSM_PERS,2026-05,2026-05-05,11,1574,95,0.0604,1213,1565,7967,12368
AYSE,MOVI,2026-05,2026-05-05,11,54,4,0.0741,46,54,2294,2458
AYSJ,GSM_MOVI,2026-05,2026-05-05,11,89,5,0.0562,73,88,1016,1423
DRTV,GSM_MOVI,2026-05,2026-05-05,11,174,12,0.0690,153,174,3405,4266
DRTW,GSM_PERS,2026-05,2026-05-05,11,133,15,0.1128,111,133,3371,4294
FIME,GSM_MOVI,2026-05,2026-05-05,11,3983,312,0.0783,3859,3980,11522,12038
MEL0,GSM_MOVI,2026-05,2026-05-05,11,2740,112,0.0409,2406,2740,51770,67268
MEL0,GSM_PERS,2026-05,2026-05-05,11,6193,357,0.0576,5186,6174,94617,124208
OEST,GSM_MOVI,2026-05,2026-05-05,11,521,85,0.1631,467,521,3563,4214
AUSO,GSM_MOVI,2026-05,2026-05-05,12,731,168,0.2298,649,731,4127,4937
AYS3,GSM_MOVI,2026-05,2026-05-05,12,198,12,0.0606,183,198,3621,4268
AYS3,GSM_PERS,2026-05,2026-05-05,12,801,91,0.1136,742,782,1937,2168
AYS3,MOVI,2026-05,2026-05-05,12,559,20,0.0358,513,558,5682,8809
AYSA,GSM_MOVI,2026-05,2026-05-05,12,339,17,0.0501,303,338,6984,8575
AYSA,GSM_PERS,2026-05,2026-05-05,12,2686,343,0.1277,2444,2634,7005,7878
AYSA,MOVI,2026-05,2026-05-05,12,1530,93,0.0608,1388,1522,10285,14966
AYSE,GSM_PERS,2026-05,2026-05-05,12,55,4,0.0727,39,55,7967,12368
AYSE,MOVI,2026-05,2026-05-05,12,146,30,0.2055,140,144,2950,3155
AYSJ,GSM_MOVI,2026-05,2026-05-05,12,156,7,0.0449,124,156,1050,1467
DRTV,GSM_MOVI,2026-05,2026-05-05,12,266,29,0.1090,228,266,3405,4266
DRTW,GSM_PERS,2026-05,2026-05-05,12,2070,178,0.0860,1755,2070,3371,4294
FIME,GSM_MOVI,2026-05,2026-05-05,12,4367,329,0.0753,4231,4364,11522,12038
MEL0,GSM_MOVI,2026-05,2026-05-05,12,3462,158,0.0456,3030,3462,51770,67268
MEL0,GSM_PERS,2026-05,2026-05-05,12,2282,98,0.0429,2034,2256,94617,124208
OEST,GSM_MOVI,2026-05,2026-05-05,12,584,99,0.1695,528,584,3563,4214
AUSO,GSM_MOVI,2026-05,2026-05-05,13,875,153,0.1749,779,875,4127,4937
AYS3,GSM_MOVI,2026-05,2026-05-05,13,334,24,0.0719,294,334,3621,4268
AYS3,GSM_PERS,2026-05,2026-05-05,13,512,65,0.1270,470,505,1937,2168
AYS3,MOVI,2026-05,2026-05-05,13,1267,6,0.0047,1118,1261,5682,8809
AYSA,GSM_MOVI,2026-05,2026-05-05,13,822,55,0.0669,701,821,6984,8575
AYSA,GSM_PERS,2026-05,2026-05-05,13,2106,268,0.1273,1912,2072,7005,7878
AYSA,MOVI,2026-05,2026-05-05,13,2277,36,0.0158,2033,2263,10285,14966
AYSE,MOVI,2026-05,2026-05-05,13,478,114,0.2385,456,463,2950,3155
AYSJ,GSM_MOVI,2026-05,2026-05-05,13,549,32,0.0583,372,513,1050,1467
DRTV,GSM_MOVI,2026-05,2026-05-05,13,519,56,0.1079,426,519,3405,4266
DRTW,GSM_PERS,2026-05,2026-05-05,13,665,63,0.0947,599,665,3371,4294
FIME,GSM_MOVI,2026-05,2026-05-05,13,401,31,0.0773,394,401,11522,12038
MEL0,GSM_MOVI,2026-05,2026-05-05,13,4936,164,0.0332,4124,4936,51770,67268
MEL0,GSM_PERS,2026-05,2026-05-05,13,5571,352,0.0632,4713,5517,94617,124208
OEST,GSM_MOVI,2026-05,2026-05-05,13,865,149,0.1723,778,864,3563,4214
OEST,Sin proveedor,2026-05,2026-05-05,13,1,1,1.0000,1,1,1,1
AUSO,GSM_MOVI,2026-05,2026-05-05,14,1040,183,0.1760,929,1038,4127,4937
AYS3,GSM_MOVI,2026-05,2026-05-05,14,455,31,0.0681,404,441,3621,4268
AYS3,MOVI,2026-05,2026-05-05,14,1290,9,0.0070,1121,1282,5682,8809
AYSA,GSM_MOVI,2026-05,2026-05-05,14,913,60,0.0657,771,912,6984,8575
AYSA,MOVI,2026-05,2026-05-05,14,2275,37,0.0163,2051,2264,10285,14966
AYSE,MOVI,2026-05,2026-05-05,14,537,139,0.2588,508,509,2950,3155
AYSJ,GSM_MOVI,2026-05,2026-05-05,14,582,48,0.0825,407,536,1050,1467
DRTV,GSM_MOVI,2026-05,2026-05-05,14,502,58,0.1155,420,502,3405,4266
MEL0,GSM_MOVI,2026-05,2026-05-05,14,5549,232,0.0418,4584,5548,51770,67268
MEL0,GSM_PERS,2026-05,2026-05-05,14,8004,553,0.0691,6696,7942,94617,124208
OEST,GSM_MOVI,2026-05,2026-05-05,14,952,170,0.1786,847,952,3563,4214
AUSO,GSM_MOVI,2026-05,2026-05-05,15,135,22,0.1630,119,135,3905,4667
AYS3,GSM_MOVI,2026-05,2026-05-05,15,1197,54,0.0451,1038,1192,3621,4268
AYS3,MOVI,2026-05,2026-05-05,15,1908,39,0.0204,1574,1834,5682,8809
AYSA,GSM_MOVI,2026-05,2026-05-05,15,2616,136,0.0520,2181,2607,6984,8575
AYSA,MOVI,2026-05,2026-05-05,15,1417,180,0.1270,1357,1407,10285,14966
AYSE,MOVI,2026-05,2026-05-05,15,469,107,0.2281,451,450,2950,3155
AYSJ,GSM_MOVI,2026-05,2026-05-05,15,1255,58,0.0462,773,1028,1050,1467
DRTV,GSM_MOVI,2026-05,2026-05-05,15,806,76,0.0943,686,806,3405,4266
MEL0,GSM_MOVI,2026-05,2026-05-05,15,4155,145,0.0349,3588,4155,51770,67268
MEL0,GSM_PERS,2026-05,2026-05-05,15,7702,320,0.0415,6460,7214,94617,124208
OEST,GSM_MOVI,2026-05,2026-05-05,15,95,21,0.2211,82,95,3373,3992
AYS3,GSM_MOVI,2026-05,2026-05-05,16,516,70,0.1357,493,510,3621,4268
AYS3,MOVI,2026-05,2026-05-05,16,2002,51,0.0255,1561,1852,5169,8222
AYSA,GSM_MOVI,2026-05,2026-05-05,16,570,51,0.0895,541,570,6984,8575
AYSA,MOVI,2026-05,2026-05-05,16,1615,176,0.1090,1492,1585,10285,14966
AYSE,MOVI,2026-05,2026-05-05,16,303,72,0.2376,294,294,2950,3155
AYSJ,GSM_MOVI,2026-05,2026-05-05,16,176,5,0.0284,148,175,1050,1467
DRTV,GSM_MOVI,2026-05,2026-05-05,16,1146,106,0.0925,981,1146,3405,4266
MEL0,GSM_MOVI,2026-05,2026-05-05,16,6188,257,0.0415,5245,6188,51770,67268
MEL0,GSM_PERS,2026-05,2026-05-05,16,9668,447,0.0462,7986,8880,94617,124208
AYS3,MOVI,2026-05,2026-05-05,17,2177,51,0.0234,1703,2060,5682,8809
AYSA,MOVI,2026-05,2026-05-05,17,1729,189,0.1093,1598,1704,10285,14966
AYSE,MOVI,2026-05,2026-05-05,17,175,38,0.2171,171,171,2950,3155
DRTV,GSM_MOVI,2026-05,2026-05-05,17,67,9,0.1343,62,67,3405,4266
MEL0,GSM_MOVI,2026-05,2026-05-05,17,6724,189,0.0281,5673,6724,51770,67268
MEL0,GSM_PERS,2026-05,2026-05-05,17,9754,411,0.0421,8407,8950,94617,124208
OEST,Sin proveedor,2026-05,2026-05-05,17,1,1,1.0000,1,1,4,4
AYS3,MOVI,2026-05,2026-05-05,18,2330,53,0.0227,1916,2306,5076,8058
AYS3,Sin proveedor,2026-05,2026-05-05,18,1,0,0.0000,1,1,1,1
AYSA,MOVI,2026-05,2026-05-05,18,1241,237,0.1910,1173,1237,9893,14194
MEL0,GSM_PERS,2026-05,2026-05-05,18,604,27,0.0447,603,604,94617,124208
AYS3,MOVI,2026-05,2026-05-05,19,1231,37,0.0301,1057,1219,5076,8058
AYSA,MOVI,2026-05,2026-05-05,19,677,126,0.1861,664,677,9893,14194
AUSO,GSM_MOVI,2026-05,2026-05-06,8,1276,196,0.1536,886,1276,9018,15077
AYS3,GSM_MOVI,2026-05,2026-05-06,8,481,38,0.0790,463,480,2339,2884
AYS3,GSM_PERS,2026-05,2026-05-06,8,193,21,0.1088,169,172,2726,3039
AYSA,GSM_PERS,2026-05,2026-05-06,8,645,61,0.0946,568,618,7005,7878
AYSE,GSM_MOVI,2026-05,2026-05-06,8,323,68,0.2105,280,322,1424,1574
AYSE,GSM_PERS,2026-05,2026-05-06,8,1204,101,0.0839,960,1202,7967,12368
DRTV,GSM_PERS,2026-05,2026-05-06,8,1372,58,0.0423,1051,1372,3874,5662
DRTW,GSM_MOVI,2026-05,2026-05-06,8,217,14,0.0645,167,217,3839,7626
DRTW,GSM_PERS,2026-05,2026-05-06,8,376,17,0.0452,280,376,3733,7285
OEST,GSM_PERS,2026-05,2026-05-06,8,1130,129,0.1142,986,1128,1156,1358
AUSO,GSM_MOVI,2026-05,2026-05-06,9,2709,389,0.1436,1887,2702,9018,15077
AYS3,GSM_PERS,2026-05,2026-05-06,9,701,79,0.1127,612,640,2726,3039
AYS3,MOVI,2026-05,2026-05-06,9,1692,159,0.0940,1396,1635,5682,8809
AYSA,GSM_PERS,2026-05,2026-05-06,9,1249,131,0.1049,1114,1177,7005,7878
AYSA,MOVI,2026-05,2026-05-06,9,1057,62,0.0587,574,1056,10285,14966
AYSE,GSM_PERS,2026-05,2026-05-06,9,3023,275,0.0910,2393,3014,7967,12368
AYSE,MOVI,2026-05,2026-05-06,9,237,28,0.1181,144,237,2950,3155
DRTV,GSM_PERS,2026-05,2026-05-06,9,3330,197,0.0592,2595,3330,6166,8376
DRTW,GSM_MOVI,2026-05,2026-05-06,9,4687,334,0.0713,3697,4680,8526,13767
DRTW,GSM_PERS,2026-05,2026-05-06,9,1032,51,0.0494,762,1032,3733,7285
OEST,GSM_MOVI,2026-05,2026-05-06,9,936,138,0.1474,826,936,2587,3742
OEST,GSM_PERS,2026-05,2026-05-06,9,156,23,0.1474,143,156,1156,1358
AUSO,GSM_MOVI,2026-05,2026-05-06,10,1877,271,0.1444,1421,1876,9018,15077
AYS3,GSM_PERS,2026-05,2026-05-06,10,783,101,0.1290,728,779,2726,3039
AYS3,MOVI,2026-05,2026-05-06,10,6,1,0.1667,6,6,606,751
AYSA,GSM_PERS,2026-05,2026-05-06,10,349,37,0.1060,334,345,7005,7878
AYSA,MOVI,2026-05,2026-05-06,10,21,5,0.2381,20,21,10285,14966
AYSE,GSM_PERS,2026-05,2026-05-06,10,974,99,0.1016,835,974,7967,12368
AYSE,MOVI,2026-05,2026-05-06,10,2,1,0.5000,2,2,760,821
DRTV,GSM_PERS,2026-05,2026-05-06,10,2126,151,0.0710,1833,2126,6166,8376
DRTV,MOVI,2026-05,2026-05-06,10,891,60,0.0673,862,891,5459,6629
DRTW,GSM_MOVI,2026-05,2026-05-06,10,1409,129,0.0916,1165,1409,4687,6141
DRTW,GSM_PERS,2026-05,2026-05-06,10,1824,95,0.0521,1319,1824,3733,7285
DRTW,MOVI,2026-05,2026-05-06,10,220,15,0.0682,218,220,7730,9915
FIME,GSM_MOVI,2026-05,2026-05-06,10,1739,136,0.0782,1680,1739,11522,12038
MEL0,GSM_MOVI,2026-05,2026-05-06,10,2169,191,0.0881,1862,2168,51770,67268
MEL0,GSM_PERS,2026-05,2026-05-06,10,2061,106,0.0514,1770,2061,94617,124208
MEL0,MOVI,2026-05,2026-05-06,10,2341,194,0.0829,2275,2341,62928,84964
AUSO,GSM_MOVI,2026-05,2026-05-06,11,1232,182,0.1477,957,1228,9018,15077
AUSO,Sin proveedor,2026-05,2026-05-06,11,2,2,1.0000,1,1,1,1
AYSA,GSM_PERS,2026-05,2026-05-06,11,274,28,0.1022,269,272,7005,7878
DRTV,GSM_PERS,2026-05,2026-05-06,11,485,37,0.0763,444,485,2292,2714
DRTV,MOVI,2026-05,2026-05-06,11,1035,97,0.0937,992,1035,5459,6629
DRTW,GSM_PERS,2026-05,2026-05-06,11,843,51,0.0605,668,843,3733,7285
FIME,GSM_MOVI,2026-05,2026-05-06,11,2375,198,0.0834,2299,2375,11522,12038
MEL0,GSM_MOVI,2026-05,2026-05-06,11,1661,205,0.1234,1451,1661,51770,67268
MEL0,GSM_PERS,2026-05,2026-05-06,11,5073,303,0.0597,4396,5073,94617,124208
MEL0,MOVI,2026-05,2026-05-06,11,2405,216,0.0898,2327,2405,62928,84964
AUSO,GSM_MOVI,2026-05,2026-05-06,12,1557,236,0.1516,1209,1555,9018,15077
AYS3,GSM_MOVI,2026-05,2026-05-06,12,415,77,0.1855,403,415,1282,1384
AYSA,GSM_PERS,2026-05,2026-05-06,12,709,92,0.1298,683,708,7005,7878
DRTV,GSM_PERS,2026-05,2026-05-06,12,353,27,0.0765,329,353,2292,2714
DRTV,MOVI,2026-05,2026-05-06,12,1002,71,0.0709,975,1002,5459,6629
DRTW,GSM_PERS,2026-05,2026-05-06,12,910,44,0.0484,707,910,3733,7285
FIME,GSM_MOVI,2026-05,2026-05-06,12,3072,243,0.0791,2977,3070,11522,12038
MEL0,GSM_MOVI,2026-05,2026-05-06,12,1196,231,0.1931,1068,1196,51770,67268
MEL0,GSM_PERS,2026-05,2026-05-06,12,4919,315,0.0640,4374,4919,94617,124208
MEL0,MOVI,2026-05,2026-05-06,12,2433,244,0.1003,2370,2433,62928,84964
OEST,Sin proveedor,2026-05,2026-05-06,12,1,1,1.0000,1,1,2,2
AUSO,GSM_MOVI,2026-05,2026-05-06,13,1943,320,0.1647,1491,1940,9018,15077
AYS3,GSM_MOVI,2026-05,2026-05-06,13,809,136,0.1681,762,802,1282,1384
AYSA,GSM_PERS,2026-05,2026-05-06,13,762,83,0.1089,733,760,7005,7878
DRTV,MOVI,2026-05,2026-05-06,13,1008,82,0.0813,975,1008,5459,6629
FIME,GSM_MOVI,2026-05,2026-05-06,13,3210,304,0.0947,3109,3204,11522,12038
MEL0,GSM_MOVI,2026-05,2026-05-06,13,194,194,1.0000,192,194,51770,67268
MEL0,GSM_PERS,2026-05,2026-05-06,13,5895,403,0.0684,5186,5894,94617,124208
MEL0,MOVI,2026-05,2026-05-06,13,2449,247,0.1009,2379,2449,62928,84964
AUSO,GSM_MOVI,2026-05,2026-05-06,14,772,113,0.1464,612,772,9018,15077
AYSA,GSM_PERS,2026-05,2026-05-06,14,749,87,0.1162,718,747,7005,7878
AYSE,MOVI,2026-05,2026-05-06,14,197,50,0.2538,193,193,2950,3155
DRTV,MOVI,2026-05,2026-05-06,14,991,87,0.0878,959,991,5459,6629
DRTW,Sin proveedor,2026-05,2026-05-06,14,3,3,1.0000,3,3,10,10
FIME,GSM_MOVI,2026-05,2026-05-06,14,1201,92,0.0766,1172,1201,11522,12038
MEL0,GSM_MOVI,2026-05,2026-05-06,14,176,176,1.0000,176,176,51770,67268
MEL0,GSM_PERS,2026-05,2026-05-06,14,6808,371,0.0545,6087,6807,94617,124208
MEL0,MOVI,2026-05,2026-05-06,14,2463,230,0.0934,2401,2463,62928,84964
AYSE,MOVI,2026-05,2026-05-06,15,237,59,0.2489,226,226,2950,3155
DRTV,MOVI,2026-05,2026-05-06,15,1001,67,0.0669,968,1001,5459,6629
MEL0,GSM_MOVI,2026-05,2026-05-06,15,232,232,1.0000,231,232,51770,67268
MEL0,GSM_PERS,2026-05,2026-05-06,15,8091,390,0.0482,7088,8089,94617,124208
MEL0,MOVI,2026-05,2026-05-06,15,1596,138,0.0865,1562,1596,62928,84964
AYSE,MOVI,2026-05,2026-05-06,16,201,43,0.2139,198,198,2950,3155
DRTV,MOVI,2026-05,2026-05-06,16,603,49,0.0813,596,603,5459,6629
MEL0,GSM_MOVI,2026-05,2026-05-06,16,58,58,1.0000,58,58,51770,67268
MEL0,GSM_PERS,2026-05,2026-05-06,16,9017,426,0.0472,8058,9016,94617,124208
MEL0,MOVI,2026-05,2026-05-06,16,1852,13,0.0070,1757,1851,62928,84964
AYSE,MOVI,2026-05,2026-05-06,17,173,41,0.2370,169,169,2950,3155
DRTW,MOVI,2026-05,2026-05-06,17,752,53,0.0705,738,752,7730,9915
MEL0,GSM_MOVI,2026-05,2026-05-06,17,5592,121,0.0216,4589,5592,51770,67268
MEL0,GSM_PERS,2026-05,2026-05-06,17,8545,423,0.0495,7655,8545,94617,124208
MEL0,MOVI,2026-05,2026-05-06,17,2473,28,0.0113,2302,2473,62928,84964
AYSE,MOVI,2026-05,2026-05-06,18,189,47,0.2487,187,187,2950,3155
DRTW,MOVI,2026-05,2026-05-06,18,1117,88,0.0788,1084,1117,7730,9915
MEL0,GSM_MOVI,2026-05,2026-05-06,18,10498,357,0.0340,8728,10497,51770,67268
MEL0,GSM_PERS,2026-05,2026-05-06,18,8022,486,0.0606,7186,8021,94617,124208
AYSE,MOVI,2026-05,2026-05-06,19,174,53,0.3046,173,173,2950,3155
DRTW,MOVI,2026-05,2026-05-06,19,1130,85,0.0752,1096,1130,7730,9915
MEL0,GSM_MOVI,2026-05,2026-05-06,19,9663,239,0.0247,7861,9662,51770,67268
MEL0,GSM_PERS,2026-05,2026-05-06,19,7845,493,0.0628,7038,7843,94617,124208
AYSE,MOVI,2026-05,2026-05-06,20,133,32,0.2406,132,132,2950,3155
DRTW,MOVI,2026-05,2026-05-06,20,1152,103,0.0894,1120,1152,7730,9915
MEL0,GSM_MOVI,2026-05,2026-05-06,20,6394,177,0.0277,5261,6394,51770,67268
MEL0,GSM_PERS,2026-05,2026-05-06,20,1021,60,0.0588,911,1021,94617,124208
DRTW,MOVI,2026-05,2026-05-06,21,7,1,0.1429,7,7,7730,9915
AUSO,GSM_MOVI,2026-05,2026-05-07,8,1460,126,0.0863,1321,1460,12525,18423
AYS3,GSM_MOVI,2026-05,2026-05-07,8,429,29,0.0676,414,428,2339,2884
AYS3,GSM_PERS,2026-05,2026-05-07,8,160,13,0.0813,125,143,2726,3039
AYSA,GSM_PERS,2026-05,2026-05-07,8,590,77,0.1305,526,562,7005,7878
AYSE,GSM_MOVI,2026-05,2026-05-07,8,315,60,0.1905,276,314,1424,1574
AYSE,GSM_PERS,2026-05,2026-05-07,8,824,94,0.1141,687,823,7967,12368
DRTV,GSM_MOVI,2026-05,2026-05-07,8,84,8,0.0952,74,84,3405,4266
DRTV,GSM_PERS,2026-05,2026-05-07,8,1312,75,0.0572,996,1312,3874,5662
DRTW,GSM_MOVI,2026-05,2026-05-07,8,31,0,0.0000,28,31,3839,7626
DRTW,GSM_PERS,2026-05,2026-05-07,8,332,20,0.0602,238,332,3733,7285
OEST,GSM_MOVI,2026-05,2026-05-07,8,2307,256,0.1110,2043,2298,10104,14614
AUSO,GSM_MOVI,2026-05,2026-05-07,9,2832,297,0.1049,2565,2827,12525,18423
AYS3,GSM_MOVI,2026-05,2026-05-07,9,1,0,0.0000,1,1,2339,2884
AYS3,GSM_PERS,2026-05,2026-05-07,9,600,66,0.1100,540,573,2726,3039
AYS3,MOVI,2026-05,2026-05-07,9,1494,131,0.0877,1239,1441,5682,8809
AYSA,GSM_PERS,2026-05,2026-05-07,9,778,83,0.1067,684,732,7005,7878
AYSA,MOVI,2026-05,2026-05-07,9,1075,68,0.0633,586,1074,10285,14966
AYSE,GSM_MOVI,2026-05,2026-05-07,9,3,0,0.0000,3,3,115,144
AYSE,GSM_PERS,2026-05,2026-05-07,9,2833,280,0.0988,2151,2820,7967,12368
AYSE,MOVI,2026-05,2026-05-07,9,176,13,0.0739,108,176,2612,2789
DRTV,GSM_MOVI,2026-05,2026-05-07,9,1527,95,0.0622,1329,1527,3405,4266
DRTV,GSM_PERS,2026-05,2026-05-07,9,2663,177,0.0665,1973,2663,3874,5662
DRTW,GSM_MOVI,2026-05,2026-05-07,9,691,37,0.0535,544,691,3839,7626
DRTW,GSM_PERS,2026-05,2026-05-07,9,1435,67,0.0467,1098,1435,7104,11579
DRTW,MOVI,2026-05,2026-05-07,9,1116,83,0.0744,1078,1116,7730,9915
MEL0,GSM_MOVI,2026-05,2026-05-07,9,19,2,0.1053,18,19,42272,56045
OEST,GSM_MOVI,2026-05,2026-05-07,9,4630,568,0.1227,4024,4616,10104,14614
AUSO,GSM_MOVI,2026-05,2026-05-07,10,2404,302,0.1256,2187,2399,12525,18423
AYS3,GSM_PERS,2026-05,2026-05-07,10,908,119,0.1311,833,878,2726,3039
AYSA,GSM_PERS,2026-05,2026-05-07,10,776,113,0.1456,709,760,7005,7878
AYSE,GSM_PERS,2026-05,2026-05-07,10,1245,166,0.1333,1049,1242,7967,12368
DRTV,GSM_MOVI,2026-05,2026-05-07,10,236,16,0.0678,215,236,3405,4266
DRTV,GSM_PERS,2026-05,2026-05-07,10,1322,74,0.0560,1020,1322,3874,5662
DRTW,GSM_MOVI,2026-05,2026-05-07,10,318,17,0.0535,261,318,3839,7626
DRTW,GSM_PERS,2026-05,2026-05-07,10,420,30,0.0714,331,420,7104,11579
DRTW,MOVI,2026-05,2026-05-07,10,1118,74,0.0662,1083,1117,7730,9915
FIME,GSM_MOVI,2026-05,2026-05-07,10,2932,195,0.0665,2856,2930,11522,12038
MEL0,GSM_MOVI,2026-05,2026-05-07,10,3608,166,0.0460,3222,3607,51770,67268
MEL0,GSM_PERS,2026-05,2026-05-07,10,1542,71,0.0460,1362,1538,94617,124208
MEL0,MOVI,2026-05,2026-05-07,10,2404,162,0.0674,2312,2404,62928,84964
OEST,GSM_MOVI,2026-05,2026-05-07,10,232,43,0.1853,218,232,10104,14614
AUSO,GSM_MOVI,2026-05,2026-05-07,11,2022,300,0.1484,1840,2018,12525,18423
AYSA,GSM_PERS,2026-05,2026-05-07,11,166,21,0.1265,158,166,7005,7878
DRPW,Sin proveedor,2026-05,2026-05-07,11,1,1,1.0000,1,1,1,1
DRTV,GSM_MOVI,2026-05,2026-05-07,11,744,48,0.0645,657,744,3405,4266
DRTW,GSM_PERS,2026-05,2026-05-07,11,975,50,0.0513,760,975,7104,11579
DRTW,MOVI,2026-05,2026-05-07,11,1076,88,0.0818,1039,1076,7730,9915
FIME,GSM_MOVI,2026-05,2026-05-07,11,4512,309,0.0685,4378,4506,11522,12038
MEL0,GSM_MOVI,2026-05,2026-05-07,11,3286,136,0.0414,2932,3285,51770,67268
MEL0,GSM_PERS,2026-05,2026-05-07,11,2528,109,0.0431,2225,2516,94617,124208
MEL0,MOVI,2026-05,2026-05-07,11,2504,159,0.0635,2428,2504,62928,84964
AYS3,GSM_MOVI,2026-05,2026-05-07,12,92,14,0.1522,87,90,1282,1384
AYSA,GSM_PERS,2026-05,2026-05-07,12,85,9,0.1059,80,84,7005,7878
DRTV,GSM_MOVI,2026-05,2026-05-07,12,775,49,0.0632,707,775,3405,4266
DRTW,GSM_PERS,2026-05,2026-05-07,12,4850,341,0.0703,3713,4850,7104,11579
DRTW,MOVI,2026-05,2026-05-07,12,1099,86,0.0783,1074,1099,7730,9915
FIME,GSM_MOVI,2026-05,2026-05-07,12,4239,357,0.0842,4111,4238,11522,12038
MEL0,GSM_MOVI,2026-05,2026-05-07,12,5148,269,0.0523,4436,5148,51770,67268
MEL0,GSM_PERS,2026-05,2026-05-07,12,1957,105,0.0537,1757,1951,94617,124208
MEL0,MOVI,2026-05,2026-05-07,12,2481,200,0.0806,2412,2481,62928,84964
AYS3,GSM_MOVI,2026-05,2026-05-07,13,1110,178,0.1604,1045,1106,1282,1384
AYSA,GSM_PERS,2026-05,2026-05-07,13,2354,296,0.1257,2241,2342,7005,7878
DRTW,MOVI,2026-05,2026-05-07,13,571,55,0.0963,563,571,7730,9915
MEL0,GSM_MOVI,2026-05,2026-05-07,13,8560,230,0.0269,7291,8560,51770,67268
MEL0,GSM_PERS,2026-05,2026-05-07,13,5495,213,0.0388,5271,5447,94617,124208
MEL0,MOVI,2026-05,2026-05-07,13,2537,159,0.0627,2464,2537,62928,84964
OEST,Sin proveedor,2026-05,2026-05-07,13,1,1,1.0000,1,1,4,4
AYSA,GSM_PERS,2026-05,2026-05-07,14,127,18,0.1417,126,127,7005,7878
MEL0,GSM_MOVI,2026-05,2026-05-07,14,2269,66,0.0291,1965,2269,51770,67268
MEL0,GSM_PERS,2026-05,2026-05-07,14,8793,302,0.0343,8414,8696,94617,124208
MEL0,MOVI,2026-05,2026-05-07,14,2506,159,0.0634,2428,2506,62928,84964
AUSO,GSM_MOVI,2026-05,2026-05-07,15,6874,687,0.0999,4372,6834,5478,9610
MEL0,GSM_PERS,2026-05,2026-05-07,15,6998,265,0.0379,6491,6859,94617,124208
MEL0,MOVI,2026-05,2026-05-07,15,241,18,0.0747,239,241,62928,84964
AUSO,GSM_MOVI,2026-05,2026-05-07,16,419,55,0.1313,315,419,5478,9610
CVIA,GSM_PERS,2026-05,2026-05-07,16,30,4,0.1333,18,30,49,79
MEL0,GSM_PERS,2026-05,2026-05-07,16,7214,388,0.0538,6319,7214,94617,124208
CVIA,GSM_MOVI,2026-05,2026-05-07,17,76,17,0.2237,49,76,49,76
CVIA,GSM_PERS,2026-05,2026-05-07,17,76,11,0.1447,49,76,49,79
MEL0,GSM_PERS,2026-05,2026-05-07,17,9172,551,0.0601,8286,9172,94617,124208
MEL0,MOVI,2026-05,2026-05-07,17,3385,16,0.0047,3084,3385,62928,84964
OEST,Sin proveedor,2026-05,2026-05-07,17,1,1,1.0000,1,1,1,1
MEL0,GSM_PERS,2026-05,2026-05-07,18,9389,574,0.0611,8608,9388,94617,124208
MEL0,MOVI,2026-05,2026-05-07,18,885,8,0.0090,863,885,62928,84964
MEL0,GSM_PERS,2026-05,2026-05-07,19,2609,169,0.0648,2488,2609,94617,124208
DRTW,Sin proveedor,2026-05,2026-05-07,20,1,1,1.0000,1,1,6,6
AUSO,GSM_MOVI,2026-05,2026-05-08,8,1616,171,0.1058,1080,1612,5478,9610
AYS3,GSM_MOVI,2026-05,2026-05-08,8,515,44,0.0854,481,514,3621,4268
AYS3,GSM_PERS,2026-05,2026-05-08,8,273,24,0.0879,232,246,2726,3039
AYSA,GSM_MOVI,2026-05,2026-05-08,8,203,54,0.2660,180,203,6984,8575
AYSA,GSM_PERS,2026-05,2026-05-08,8,1258,172,0.1367,1129,1200,7005,7878
AYSE,GSM_MOVI,2026-05,2026-05-08,8,377,78,0.2069,329,376,1399,1546
AYSE,GSM_PERS,2026-05,2026-05-08,8,1261,144,0.1142,1101,1258,10629,16584
DRTV,GSM_PERS,2026-05,2026-05-08,8,708,46,0.0650,598,708,3874,5662
DRTW,GSM_MOVI,2026-05,2026-05-08,8,285,7,0.0246,223,285,3839,7626
DRTW,GSM_PERS,2026-05,2026-05-08,8,336,18,0.0536,286,336,3733,7285
AUSO,GSM_MOVI,2026-05,2026-05-08,9,5770,576,0.0998,3704,5741,5478,9610
AYS3,GSM_PERS,2026-05,2026-05-08,9,699,78,0.1116,611,641,2726,3039
AYS3,MOVI,2026-05,2026-05-08,9,1428,120,0.0840,1189,1378,5682,8809
AYSA,GSM_PERS,2026-05,2026-05-08,9,838,116,0.1384,747,784,7005,7878
AYSA,MOVI,2026-05,2026-05-08,9,1068,61,0.0571,585,1067,10285,14966
AYSE,GSM_PERS,2026-05,2026-05-08,9,3359,344,0.1024,2625,3344,10629,16584
AYSE,MOVI,2026-05,2026-05-08,9,176,13,0.0739,108,176,2612,2789
DRTV,GSM_PERS,2026-05,2026-05-08,9,2489,153,0.0615,2082,2489,6166,8376
DRTW,GSM_MOVI,2026-05,2026-05-08,9,777,32,0.0412,592,777,3839,7626
DRTW,GSM_PERS,2026-05,2026-05-08,9,1305,50,0.0383,1028,1305,3733,7285
MEL0,GSM_MOVI,2026-05,2026-05-08,9,207,6,0.0290,190,207,51770,67268
AYS3,GSM_PERS,2026-05,2026-05-08,10,466,53,0.1137,451,466,1806,2064
AYSA,GSM_PERS,2026-05,2026-05-08,10,197,27,0.1371,190,197,7005,7878
AYSE,GSM_PERS,2026-05,2026-05-08,10,3454,312,0.0903,2713,3452,10629,16584
CVIA,GSM_PERS,2026-05,2026-05-08,10,54,5,0.0926,36,54,49,79
DRTV,GSM_PERS,2026-05,2026-05-08,10,2693,184,0.0683,2328,2693,6166,8376
DRTW,GSM_PERS,2026-05,2026-05-08,10,291,14,0.0481,241,291,3733,7285
FIME,GSM_MOVI,2026-05,2026-05-08,10,4504,319,0.0708,4339,4500,11522,12038
MEL0,GSM_MOVI,2026-05,2026-05-08,10,5244,270,0.0515,4514,5242,51770,67268
MEL0,GSM_PERS,2026-05,2026-05-08,10,973,76,0.0781,899,973,94617,124208
MEL0,MOVI,2026-05,2026-05-08,10,4097,296,0.0722,3887,4097,62928,84964
AYS3,GSM_PERS,2026-05,2026-05-08,11,199,32,0.1608,194,198,1806,2064
AYSA,GSM_PERS,2026-05,2026-05-08,11,100,20,0.2000,94,100,7005,7878
AYSE,GSM_PERS,2026-05,2026-05-08,11,841,84,0.0999,745,840,10629,16584
AYSE,MOVI,2026-05,2026-05-08,11,120,32,0.2667,120,120,3397,3627
AYSJ,GSM_MOVI,2026-05,2026-05-08,11,657,29,0.0441,443,597,1050,1467
CVIA,GSM_PERS,2026-05,2026-05-08,11,19,2,0.1053,17,19,49,79
DRTV,GSM_PERS,2026-05,2026-05-08,11,1530,99,0.0647,1367,1530,6166,8376
DRTW,GSM_PERS,2026-05,2026-05-08,11,135,4,0.0296,112,135,3733,7285
FIME,GSM_MOVI,2026-05,2026-05-08,11,6638,488,0.0735,6345,6630,11522,12038
MEL0,GSM_MOVI,2026-05,2026-05-08,11,3084,156,0.0506,2679,3084,51770,67268
MEL0,GSM_PERS,2026-05,2026-05-08,11,4181,381,0.0911,3496,4181,94617,124208
MEL0,MOVI,2026-05,2026-05-08,11,4297,396,0.0922,4116,4296,62928,84964
AUSO,Sin proveedor,2026-05,2026-05-08,12,2,2,1.0000,2,2,9,9
AYS3,GSM_MOVI,2026-05,2026-05-08,12,312,44,0.1410,304,312,1282,1384
AYS3,GSM_PERS,2026-05,2026-05-08,12,61,8,0.1311,60,61,1806,2064
AYSA,GSM_PERS,2026-05,2026-05-08,12,1284,178,0.1386,1239,1279,7005,7878
AYSE,MOVI,2026-05,2026-05-08,12,178,52,0.2921,178,178,3397,3627
AYSJ,GSM_MOVI,2026-05,2026-05-08,12,1836,106,0.0577,937,1285,1050,1467
DRTV,GSM_PERS,2026-05,2026-05-08,12,272,11,0.0404,245,272,3874,5662
DRTW,GSM_PERS,2026-05,2026-05-08,12,2014,110,0.0546,1564,2014,3733,7285
DRTW,Sin proveedor,2026-05,2026-05-08,12,1,1,1.0000,1,1,6,6
FIME,GSM_MOVI,2026-05,2026-05-08,12,425,32,0.0753,408,425,11522,12038
MEL0,GSM_MOVI,2026-05,2026-05-08,12,5771,295,0.0511,5029,5771,51770,67268
MEL0,GSM_PERS,2026-05,2026-05-08,12,3785,288,0.0761,3284,3785,94617,124208
MEL0,MOVI,2026-05,2026-05-08,12,4368,411,0.0941,4156,4368,62928,84964
OEST,Sin proveedor,2026-05,2026-05-08,12,1,1,1.0000,1,1,4,4
AYS3,GSM_MOVI,2026-05,2026-05-08,13,921,160,0.1737,870,914,1282,1384
AYSA,GSM_PERS,2026-05,2026-05-08,13,1177,139,0.1181,1132,1172,7005,7878
AYSE,MOVI,2026-05,2026-05-08,13,173,45,0.2601,173,173,3397,3627
AYSJ,GSM_MOVI,2026-05,2026-05-08,13,383,24,0.0627,281,349,1050,1467
DRTW,GSM_PERS,2026-05,2026-05-08,13,557,23,0.0413,466,557,3733,7285
MEL0,GSM_MOVI,2026-05,2026-05-08,13,330,18,0.0545,320,330,51770,67268
MEL0,GSM_PERS,2026-05,2026-05-08,13,5658,391,0.0691,4965,5657,94617,124208
MEL0,MOVI,2026-05,2026-05-08,13,4209,447,0.1062,3993,4209,62928,84964
AYSE,MOVI,2026-05,2026-05-08,14,218,53,0.2431,218,218,3397,3627
MEL0,GSM_PERS,2026-05,2026-05-08,14,6913,382,0.0553,6039,6912,94617,124208
MEL0,MOVI,2026-05,2026-05-08,14,3228,359,0.1112,3041,3228,62928,84964
AUSO,Sin proveedor,2026-05,2026-05-08,15,1,1,1.0000,1,1,9,9
AYSE,MOVI,2026-05,2026-05-08,15,227,55,0.2423,227,227,3397,3627
MEL0,GSM_PERS,2026-05,2026-05-08,15,9352,618,0.0661,8431,9350,94617,124208
AYSE,MOVI,2026-05,2026-05-08,16,226,60,0.2655,226,226,3397,3627
MEL0,GSM_PERS,2026-05,2026-05-08,16,6192,447,0.0722,5645,6192,94617,124208
MEL0,MOVI,2026-05,2026-05-08,16,758,9,0.0119,715,758,62928,84964
AUSO,Sin proveedor,2026-05,2026-05-08,17,1,1,1.0000,1,1,1,1
AYSE,MOVI,2026-05,2026-05-08,17,192,49,0.2552,192,192,3397,3627
MEL0,MOVI,2026-05,2026-05-08,17,5347,55,0.0103,4822,5346,62928,84964
REVO,GSM_MOVI,2026-05,2026-05-08,17,4998,414,0.0828,3576,4991,21464,30790
REVO,GSM_PERS,2026-05,2026-05-08,17,7222,368,0.0510,4249,7222,26094,48597
AYSE,MOVI,2026-05,2026-05-08,18,235,53,0.2255,235,235,3397,3627
REVO,GSM_MOVI,2026-05,2026-05-08,18,6981,598,0.0857,4858,6959,21464,30790
REVO,GSM_PERS,2026-05,2026-05-08,18,9136,534,0.0585,5369,9132,26094,48597
AYSE,MOVI,2026-05,2026-05-08,19,255,63,0.2471,255,255,3397,3627
REVO,GSM_MOVI,2026-05,2026-05-08,19,6859,576,0.0840,4788,6835,21464,30790
REVO,GSM_PERS,2026-05,2026-05-08,19,8869,505,0.0569,5290,8862,26094,48597
AYSE,MOVI,2026-05,2026-05-08,20,248,60,0.2419,248,248,3397,3627
REVO,GSM_MOVI,2026-05,2026-05-08,20,6998,626,0.0895,4972,6979,21464,30790
REVO,GSM_PERS,2026-05,2026-05-08,20,9042,561,0.0620,5635,9026,26094,48597
AYSE,MOVI,2026-05,2026-05-08,21,1,1,1.0000,1,1,785,838
REVO,GSM_MOVI,2026-05,2026-05-08,21,22,1,0.0455,20,22,21464,30790
REVO,GSM_PERS,2026-05,2026-05-08,21,26,0,0.0000,22,26,26094,48597
AUSO,GSM_MOVI,2026-05,2026-05-09,8,1540,166,0.1078,1376,1539,12881,15665
AUSO,GSM_PERS,2026-05,2026-05-09,8,694,56,0.0807,598,694,5066,7629
AYSE,GSM_MOVI,2026-05,2026-05-09,8,119,20,0.1681,106,119,1399,1546
DRTV,GSM_PERS,2026-05,2026-05-09,8,634,30,0.0473,448,634,3874,5662
DRTW,GSM_MOVI,2026-05,2026-05-09,8,22,0,0.0000,19,22,3839,7626
DRTW,GSM_PERS,2026-05,2026-05-09,8,444,14,0.0315,323,444,3733,7285
OEST,GSM_MOVI,2026-05,2026-05-09,8,2355,250,0.1062,2121,2353,12161,14897
REVO,GSM_MOVI,2026-05,2026-05-09,8,575,27,0.0470,453,575,21464,30790
REVO,GSM_PERS,2026-05,2026-05-09,8,2255,99,0.0439,1455,2255,26094,48597
AUSO,GSM_MOVI,2026-05,2026-05-09,9,2758,307,0.1113,2500,2754,12881,15665
AUSO,GSM_PERS,2026-05,2026-05-09,9,1184,108,0.0912,960,1110,5066,7629
AYSE,GSM_MOVI,2026-05,2026-05-09,9,247,47,0.1903,219,246,1399,1546
DRTV,GSM_PERS,2026-05,2026-05-09,9,1879,100,0.0532,1507,1879,6166,8376
DRTW,GSM_MOVI,2026-05,2026-05-09,9,280,13,0.0464,229,280,3839,7626
DRTW,GSM_PERS,2026-05,2026-05-09,9,2346,130,0.0554,1856,2346,7104,11579
OEST,GSM_MOVI,2026-05,2026-05-09,9,5141,524,0.1019,4565,5123,12161,14897
REVO,GSM_MOVI,2026-05,2026-05-09,9,1110,72,0.0649,899,1110,21464,30790
REVO,GSM_PERS,2026-05,2026-05-09,9,3172,149,0.0470,2217,3171,26094,48597
REVO,MOVI,2026-05,2026-05-09,9,8061,568,0.0705,6649,8060,30329,40341
AUSO,GSM_MOVI,2026-05,2026-05-09,10,1869,237,0.1268,1691,1869,12881,15665
AUSO,GSM_PERS,2026-05,2026-05-09,10,974,103,0.1057,777,891,5066,7629
CVIA,GSM_PERS,2026-05,2026-05-09,10,71,10,0.1408,47,71,49,79
DRTV,GSM_PERS,2026-05,2026-05-09,10,1185,67,0.0565,1005,1185,6166,8376
DRTW,GSM_MOVI,2026-05,2026-05-09,10,164,11,0.0671,139,164,3839,7626
DRTW,GSM_PERS,2026-05,2026-05-09,10,2372,116,0.0489,1758,2372,7104,11579
FIME,GSM_MOVI,2026-05,2026-05-09,10,2195,141,0.0642,2137,2193,11522,12038
MEL0,GSM_MOVI,2026-05,2026-05-09,10,2562,130,0.0507,2334,2562,51770,67268
MEL0,GSM_PERS,2026-05,2026-05-09,10,1113,52,0.0467,1059,1113,94617,124208
MEL0,MOVI,2026-05,2026-05-09,10,7099,404,0.0569,6317,7099,62928,84964
OEST,GSM_MOVI,2026-05,2026-05-09,10,1980,245,0.1237,1816,1972,12161,14897
REVO,GSM_MOVI,2026-05,2026-05-09,10,889,58,0.0652,722,888,21464,30790
REVO,GSM_PERS,2026-05,2026-05-09,10,2496,136,0.0545,1836,2496,26094,48597
REVO,MOVI,2026-05,2026-05-09,10,1828,146,0.0799,1718,1828,30329,40341
AUSO,GSM_MOVI,2026-05,2026-05-09,11,1882,237,0.1259,1746,1881,12881,15665
AUSO,GSM_PERS,2026-05,2026-05-09,11,915,95,0.1038,760,838,5066,7629
DRTV,GSM_PERS,2026-05,2026-05-09,11,902,59,0.0654,755,902,6166,8376
DRTW,GSM_MOVI,2026-05,2026-05-09,11,217,10,0.0461,187,217,3839,7626
DRTW,GSM_PERS,2026-05,2026-05-09,11,1197,77,0.0643,1058,1197,7104,11579
FIME,GSM_MOVI,2026-05,2026-05-09,11,3097,230,0.0743,3023,3096,11522,12038
MEL0,GSM_MOVI,2026-05,2026-05-09,11,2341,153,0.0654,2165,2341,51770,67268
MEL0,GSM_PERS,2026-05,2026-05-09,11,2491,188,0.0755,2238,2488,94617,124208
MEL0,MOVI,2026-05,2026-05-09,11,4617,253,0.0548,3979,4616,62928,84964
OEST,GSM_MOVI,2026-05,2026-05-09,11,1272,165,0.1297,1179,1270,12161,14897
REVO,GSM_MOVI,2026-05,2026-05-09,11,1008,64,0.0635,842,1007,21464,30790
REVO,GSM_PERS,2026-05,2026-05-09,11,2630,147,0.0559,1995,2629,26094,48597
REVO,MOVI,2026-05,2026-05-09,11,3222,251,0.0779,2803,3221,30329,40341
AUSO,GSM_MOVI,2026-05,2026-05-09,12,2129,323,0.1517,1960,2128,12881,15665
AUSO,GSM_PERS,2026-05,2026-05-09,12,1040,134,0.1288,856,965,5066,7629
DRTV,GSM_PERS,2026-05,2026-05-09,12,1009,71,0.0704,833,1009,6166,8376
DRTW,GSM_MOVI,2026-05,2026-05-09,12,186,9,0.0484,165,186,3839,7626
DRTW,GSM_PERS,2026-05,2026-05-09,12,959,77,0.0803,857,959,3371,4294
FIME,GSM_MOVI,2026-05,2026-05-09,12,3473,260,0.0749,3389,3468,11522,12038
MEL0,GSM_MOVI,2026-05,2026-05-09,12,2055,111,0.0540,1872,2055,51770,67268
MEL0,GSM_PERS,2026-05,2026-05-09,12,2525,194,0.0768,2284,2520,94617,124208
MEL0,MOVI,2026-05,2026-05-09,12,4681,242,0.0517,4141,4680,62928,84964
OEST,GSM_MOVI,2026-05,2026-05-09,12,1298,203,0.1564,1197,1298,12161,14897
REVO,GSM_MOVI,2026-05,2026-05-09,12,689,48,0.0697,581,686,21464,30790
REVO,GSM_PERS,2026-05,2026-05-09,12,2638,137,0.0519,2097,2635,26094,48597
REVO,MOVI,2026-05,2026-05-09,12,3235,285,0.0881,2805,3234,30329,40341
AUSO,GSM_MOVI,2026-05,2026-05-09,13,1826,277,0.1517,1666,1826,12881,15665
AUSO,GSM_PERS,2026-05,2026-05-09,13,1411,178,0.1262,1156,1282,5066,7629
DRTV,GSM_PERS,2026-05,2026-05-09,13,573,36,0.0628,516,573,6166,8376
DRTW,GSM_MOVI,2026-05,2026-05-09,13,141,8,0.0567,127,141,3839,7626
DRTW,GSM_PERS,2026-05,2026-05-09,13,330,29,0.0879,309,330,3371,4294
FIME,GSM_MOVI,2026-05,2026-05-09,13,2456,185,0.0753,2403,2456,11522,12038
MEL0,GSM_MOVI,2026-05,2026-05-09,13,2529,168,0.0664,2313,2528,51770,67268
MEL0,GSM_PERS,2026-05,2026-05-09,13,4567,255,0.0558,4308,4550,94617,124208
MEL0,MOVI,2026-05,2026-05-09,13,4601,291,0.0632,4039,4601,62928,84964
OEST,GSM_MOVI,2026-05,2026-05-09,13,641,115,0.1794,586,640,11522,14121
REVO,GSM_MOVI,2026-05,2026-05-09,13,702,62,0.0883,595,702,21464,30790
REVO,GSM_PERS,2026-05,2026-05-09,13,1213,74,0.0610,990,1213,26094,48597
REVO,MOVI,2026-05,2026-05-09,13,3275,268,0.0818,2924,3275,30329,40341
AUSO,GSM_MOVI,2026-05,2026-05-09,14,1188,199,0.1675,1066,1185,4590,5520
AUSO,GSM_PERS,2026-05,2026-05-09,14,805,93,0.1155,687,757,5066,7629
DRTV,GSM_PERS,2026-05,2026-05-09,14,196,17,0.0867,180,196,2292,2714
MEL0,GSM_MOVI,2026-05,2026-05-09,14,3541,244,0.0689,3219,3541,51770,67268
MEL0,GSM_PERS,2026-05,2026-05-09,14,7814,408,0.0522,7461,7783,94617,124208
MEL0,MOVI,2026-05,2026-05-09,14,513,35,0.0682,491,513,62928,84964
REVO,MOVI,2026-05,2026-05-09,14,366,25,0.0683,350,366,30329,40341
AUSO,GSM_MOVI,2026-05,2026-05-09,15,161,27,0.1677,150,161,4590,5520
DRTV,GSM_PERS,2026-05,2026-05-09,15,267,22,0.0824,257,267,2292,2714
MEL0,GSM_MOVI,2026-05,2026-05-09,15,483,40,0.0828,442,483,51770,67268
MEL0,GSM_PERS,2026-05,2026-05-09,15,8735,468,0.0536,8328,8696,94617,124208
DRTV,GSM_PERS,2026-05,2026-05-09,16,635,46,0.0724,586,635,2292,2714
MEL0,GSM_PERS,2026-05,2026-05-09,16,8456,463,0.0548,8059,8407,94617,124208
DRTV,GSM_PERS,2026-05,2026-05-09,17,426,41,0.0962,403,426,2292,2714
MEL0,GSM_PERS,2026-05,2026-05-09,17,8551,729,0.0853,7923,8545,94617,124208
MEL0,GSM_PERS,2026-05,2026-05-09,18,6828,629,0.0921,6313,6828,94617,124208
AUSO,GSM_MOVI,2026-05,2026-05-10,8,2723,192,0.0705,1733,2712,5478,9610
DRTW,GSM_PERS,2026-05,2026-05-10,8,1508,46,0.0305,994,1508,3733,7285
AUSO,GSM_MOVI,2026-05,2026-05-10,9,5387,415,0.0770,3396,5360,5478,9610
DRTW,GSM_PERS,2026-05,2026-05-10,9,3271,96,0.0293,2176,3271,3733,7285
MEL0,GSM_MOVI,2026-05,2026-05-10,9,214,15,0.0701,204,214,51770,67268
REVO,MOVI,2026-05,2026-05-10,9,8370,329,0.0393,6920,8365,30329,40341
CVIA,GSM_PERS,2026-05,2026-05-10,10,71,7,0.0986,46,71,49,79
MEL0,GSM_MOVI,2026-05,2026-05-10,10,9674,479,0.0495,8913,9671,51770,67268
MEL0,GSM_PERS,2026-05,2026-05-10,10,6295,239,0.0380,6009,6286,94617,124208
MEL0,MOVI,2026-05,2026-05-10,10,6531,403,0.0617,5837,6531,62928,84964
REVO,MOVI,2026-05,2026-05-10,10,2108,101,0.0479,1960,2108,30329,40341
MEL0,GSM_MOVI,2026-05,2026-05-10,11,968,76,0.0785,837,968,51770,67268
MEL0,GSM_PERS,2026-05,2026-05-10,11,9103,506,0.0556,8587,9069,94617,124208
MEL0,MOVI,2026-05,2026-05-10,11,4497,278,0.0618,3921,4496,62928,84964
REVO,MOVI,2026-05,2026-05-10,11,3315,167,0.0504,2963,3315,30329,40341
MEL0,GSM_PERS,2026-05,2026-05-10,12,9150,539,0.0589,8561,9111,94617,124208
MEL0,MOVI,2026-05,2026-05-10,12,4443,320,0.0720,3913,4442,62928,84964
REVO,MOVI,2026-05,2026-05-10,12,3406,156,0.0458,3063,3406,30329,40341
MEL0,GSM_PERS,2026-05,2026-05-10,13,9274,609,0.0657,8714,9250,94617,124208
MEL0,MOVI,2026-05,2026-05-10,13,3839,283,0.0737,3418,3839,62928,84964
REVO,MOVI,2026-05,2026-05-10,13,2784,132,0.0474,2523,2784,30329,40341
MEL0,GSM_PERS,2026-05,2026-05-10,14,8888,703,0.0791,8183,8887,94617,124208
MEL0,GSM_PERS,2026-05,2026-05-10,15,5762,421,0.0731,5284,5762,94617,124208
AUSO,GSM_MOVI,2026-05,2026-05-11,8,1584,98,0.0619,1081,1582,5478,9610
AYS3,GSM_MOVI,2026-05,2026-05-11,8,368,4,0.0109,344,367,3621,4268
AYS3,GSM_PERS,2026-05,2026-05-11,8,296,15,0.0507,245,235,2726,3039
AYSA,GSM_MOVI,2026-05,2026-05-11,8,121,0,0.0000,110,121,5809,7301
AYSA,GSM_PERS,2026-05,2026-05-11,8,597,58,0.0972,581,594,4063,4415
AYSE,GSM_PERS,2026-05,2026-05-11,8,1349,104,0.0771,1158,1345,10629,16584
DRTV,GSM_PERS,2026-05,2026-05-11,8,917,50,0.0545,776,917,3874,5662
DRTW,GSM_MOVI,2026-05,2026-05-11,8,285,14,0.0491,216,285,3839,7626
DRTW,GSM_PERS,2026-05,2026-05-11,8,365,14,0.0384,292,365,3733,7285
AUSO,GSM_MOVI,2026-05,2026-05-11,9,2850,241,0.0846,1867,2838,5478,9610
AYS3,GSM_PERS,2026-05,2026-05-11,9,468,46,0.0983,432,451,2726,3039
AYS3,MOVI,2026-05,2026-05-11,9,1418,122,0.0860,1179,1368,5682,8809
AYSA,GSM_PERS,2026-05,2026-05-11,9,187,28,0.1497,182,186,4063,4415
AYSA,MOVI,2026-05,2026-05-11,9,321,33,0.1028,208,321,9893,14194
AYSE,GSM_PERS,2026-05,2026-05-11,9,4030,328,0.0814,3076,4017,10629,16584
AYSE,MOVI,2026-05,2026-05-11,9,175,12,0.0686,108,175,2612,2789
DRTV,GSM_PERS,2026-05,2026-05-11,9,3191,156,0.0489,2527,3191,6166,8376
DRTW,GSM_MOVI,2026-05,2026-05-11,9,3947,322,0.0816,3039,3945,8526,13767
DRTW,GSM_PERS,2026-05,2026-05-11,9,1365,66,0.0484,1035,1365,3733,7285
MEL0,GSM_MOVI,2026-05,2026-05-11,9,118,8,0.0678,112,118,51770,67268
REVO,Sin proveedor,2026-05,2026-05-11,9,1,1,1.0000,1,1,1,1
AUSO,GSM_MOVI,2026-05,2026-05-11,10,2251,200,0.0888,1556,2247,5478,9610
AUSO,Sin proveedor,2026-05,2026-05-11,10,1,1,1.0000,1,1,1,1
AYS3,GSM_PERS,2026-05,2026-05-11,10,872,104,0.1193,810,868,1806,2064
AYSA,GSM_PERS,2026-05,2026-05-11,10,165,22,0.1333,160,165,4063,4415
AYSA,MOVI,2026-05,2026-05-11,10,247,54,0.2186,247,247,9893,14194
AYSE,GSM_PERS,2026-05,2026-05-11,10,2502,193,0.0771,1970,2497,10629,16584
CVIA,GSM_PERS,2026-05,2026-05-11,10,62,3,0.0484,40,62,49,79
DRTV,GSM_PERS,2026-05,2026-05-11,10,3214,208,0.0647,2761,3214,6166,8376
DRTW,GSM_MOVI,2026-05,2026-05-11,10,1701,168,0.0988,1371,1701,4687,6141
DRTW,GSM_PERS,2026-05,2026-05-11,10,459,26,0.0566,361,459,3733,7285
DRTW,MOVI,2026-05,2026-05-11,10,322,25,0.0776,321,322,9853,12655
FIME,GSM_MOVI,2026-05,2026-05-11,10,3104,232,0.0747,3001,3101,11522,12038
MEL0,GSM_MOVI,2026-05,2026-05-11,10,2895,206,0.0712,2729,2895,51770,67268
MEL0,GSM_PERS,2026-05,2026-05-11,10,967,67,0.0693,896,966,94617,124208
MEL0,MOVI,2026-05,2026-05-11,10,1683,210,0.1248,1636,1683,62928,84964
AUSO,GSM_MOVI,2026-05,2026-05-11,11,516,51,0.0988,381,516,5478,9610
AUSO,Sin proveedor,2026-05,2026-05-11,11,2,2,1.0000,2,2,5,5
AYSA,GSM_PERS,2026-05,2026-05-11,11,112,19,0.1696,106,112,4063,4415
AYSA,MOVI,2026-05,2026-05-11,11,210,37,0.1762,209,209,9893,14194
AYSE,GSM_PERS,2026-05,2026-05-11,11,621,49,0.0789,556,621,10629,16584
AYSJ,GSM_MOVI,2026-05,2026-05-11,11,955,61,0.0639,618,802,1050,1467
DRTV,GSM_PERS,2026-05,2026-05-11,11,290,27,0.0931,251,290,3874,5662
DRTW,GSM_MOVI,2026-05,2026-05-11,11,985,100,0.1015,826,985,4687,6141
DRTW,GSM_PERS,2026-05,2026-05-11,11,1533,83,0.0541,1158,1533,3733,7285
DRTW,MOVI,2026-05,2026-05-11,11,1419,131,0.0923,1372,1418,9853,12655
DRTW,Sin proveedor,2026-05,2026-05-11,11,1,1,1.0000,1,1,6,6
FIME,GSM_MOVI,2026-05,2026-05-11,11,4911,370,0.0753,4761,4907,11522,12038
MEL0,GSM_MOVI,2026-05,2026-05-11,11,2923,231,0.0790,2779,2923,51770,67268
MEL0,GSM_PERS,2026-05,2026-05-11,11,5071,448,0.0883,4727,5070,94617,124208
MEL0,MOVI,2026-05,2026-05-11,11,1721,256,0.1488,1663,1721,62928,84964
AYS3,GSM_MOVI,2026-05,2026-05-11,12,627,115,0.1834,589,623,1282,1384
AYSA,GSM_PERS,2026-05,2026-05-11,12,150,18,0.1200,145,150,4063,4415
AYSA,MOVI,2026-05,2026-05-11,12,185,36,0.1946,183,185,9893,14194
AYSJ,GSM_MOVI,2026-05,2026-05-11,12,1614,87,0.0539,848,1146,1050,1467
DRTW,GSM_PERS,2026-05,2026-05-11,12,923,51,0.0553,730,923,3733,7285
DRTW,MOVI,2026-05,2026-05-11,12,1433,137,0.0956,1390,1432,9853,12655
FIME,GSM_MOVI,2026-05,2026-05-11,12,3508,304,0.0867,3419,3507,11522,12038
MEL0,GSM_MOVI,2026-05,2026-05-11,12,2235,176,0.0787,2102,2235,51770,67268
MEL0,GSM_PERS,2026-05,2026-05-11,12,7075,711,0.1005,6580,7075,94617,124208
MEL0,MOVI,2026-05,2026-05-11,12,1899,257,0.1353,1843,1899,62928,84964
ADT1,GSM_MOVI,2026-05,2026-05-11,13,665,62,0.0932,304,651,304,688
AYS3,GSM_MOVI,2026-05,2026-05-11,13,624,99,0.1587,594,621,1282,1384
AYSA,GSM_PERS,2026-05,2026-05-11,13,387,50,0.1292,376,386,4063,4415
AYSA,MOVI,2026-05,2026-05-11,13,204,39,0.1912,204,204,9893,14194
AYSJ,GSM_MOVI,2026-05,2026-05-11,13,319,18,0.0564,239,300,1050,1467
DRTW,MOVI,2026-05,2026-05-11,13,1527,113,0.0740,1472,1527,9853,12655
MEL0,GSM_MOVI,2026-05,2026-05-11,13,54,4,0.0741,48,54,51770,67268
MEL0,GSM_PERS,2026-05,2026-05-11,13,6783,526,0.0775,6274,6783,94617,124208
MEL0,MOVI,2026-05,2026-05-11,13,3100,261,0.0842,2975,3100,62928,84964
AYSA,GSM_PERS,2026-05,2026-05-11,14,831,97,0.1167,808,830,4063,4415
AYSA,MOVI,2026-05,2026-05-11,14,190,42,0.2211,190,190,9893,14194
DRTW,MOVI,2026-05,2026-05-11,14,1466,133,0.0907,1417,1466,9853,12655
MEL0,GSM_PERS,2026-05,2026-05-11,14,7355,531,0.0722,6798,7355,94617,124208
MEL0,MOVI,2026-05,2026-05-11,14,3166,243,0.0768,3053,3166,62928,84964
AYSA,MOVI,2026-05,2026-05-11,15,247,48,0.1943,245,247,9893,14194
DRTW,MOVI,2026-05,2026-05-11,15,1469,110,0.0749,1425,1469,9853,12655
MEL0,GSM_PERS,2026-05,2026-05-11,15,2919,210,0.0719,2729,2919,94617,124208
MEL0,MOVI,2026-05,2026-05-11,15,3058,242,0.0791,2937,3058,62928,84964
AYSA,MOVI,2026-05,2026-05-11,16,256,52,0.2031,255,255,9893,14194
DRTW,MOVI,2026-05,2026-05-11,16,1492,122,0.0818,1444,1492,9853,12655
MEL0,MOVI,2026-05,2026-05-11,16,2910,251,0.0863,2793,2910,62928,84964
AYSA,MOVI,2026-05,2026-05-11,17,87,17,0.1954,87,87,9893,14194
DRTW,MOVI,2026-05,2026-05-11,17,829,46,0.0555,815,827,9853,12655
MEL0,MOVI,2026-05,2026-05-11,17,2939,282,0.0960,2812,2939,62928,84964
AUSO,Sin proveedor,2026-05,2026-05-11,18,1,1,1.0000,1,1,9,9
DRTW,MOVI,2026-05,2026-05-11,18,788,58,0.0736,776,788,9853,12655
MEL0,MOVI,2026-05,2026-05-11,18,2987,271,0.0907,2880,2987,62928,84964
AUSO,Sin proveedor,2026-05,2026-05-11,19,1,1,1.0000,1,1,9,9
MEL0,MOVI,2026-05,2026-05-11,19,2931,257,0.0877,2834,2930,62928,84964
MEL0,MOVI,2026-05,2026-05-11,20,2944,297,0.1009,2843,2944,62928,84964
MEL0,MOVI,2026-05,2026-05-11,21,1063,91,0.0856,1052,1063,62928,84964
AUSO,GSM_MOVI,2026-05,2026-05-12,8,1378,210,0.1524,1252,1376,12525,18423
AUSO,GSM_PERS,2026-05,2026-05-12,8,792,71,0.0896,689,789,5066,7629
AYS3,GSM_MOVI,2026-05,2026-05-12,8,420,39,0.0929,395,419,3621,4268
AYS3,GSM_PERS,2026-05,2026-05-12,8,228,11,0.0482,171,171,2726,3039
AYSA,GSM_MOVI,2026-05,2026-05-12,8,96,19,0.1979,89,96,5809,7301
AYSA,GSM_PERS,2026-05,2026-05-12,8,352,51,0.1449,339,351,4063,4415
AYSE,GSM_MOVI,2026-05,2026-05-12,8,261,57,0.2184,234,260,1949,2124
AYSE,GSM_PERS,2026-05,2026-05-12,8,1031,87,0.0844,776,1028,9057,14252
DRTV,GSM_MOVI,2026-05,2026-05-12,8,90,1,0.0111,73,90,3405,4266
DRTV,GSM_PERS,2026-05,2026-05-12,8,922,41,0.0445,723,922,3874,5662
DRTW,GSM_MOVI,2026-05,2026-05-12,8,44,1,0.0227,34,44,3839,7626
DRTW,GSM_PERS,2026-05,2026-05-12,8,364,16,0.0440,216,364,3733,7285
OEST,GSM_MOVI,2026-05,2026-05-12,8,2290,297,0.1297,2002,2285,10104,14614
AUSO,GSM_MOVI,2026-05,2026-05-12,9,2902,442,0.1523,2599,2897,16652,23360
AUSO,GSM_PERS,2026-05,2026-05-12,9,1251,110,0.0879,1016,1151,5066,7629
AYS3,GSM_MOVI,2026-05,2026-05-12,9,38,2,0.0526,37,38,3621,4268
AYS3,GSM_PERS,2026-05,2026-05-12,9,276,33,0.1196,259,269,2726,3039
AYS3,MOVI,2026-05,2026-05-12,9,1460,118,0.0808,1193,1407,5682,8809
AYSA,GSM_MOVI,2026-05,2026-05-12,9,24,5,0.2083,22,24,5809,7301
AYSA,GSM_PERS,2026-05,2026-05-12,9,54,7,0.1296,54,54,4063,4415
AYSA,MOVI,2026-05,2026-05-12,9,408,39,0.0956,251,407,9893,14194
AYSE,GSM_MOVI,2026-05,2026-05-12,9,32,9,0.2813,32,32,1949,2124
AYSE,GSM_PERS,2026-05,2026-05-12,9,2905,289,0.0995,2216,2896,9057,14252
AYSE,MOVI,2026-05,2026-05-12,9,218,20,0.0917,147,218,3089,3294
DRTV,GSM_MOVI,2026-05,2026-05-12,9,1251,115,0.0919,1073,1251,3405,4266
DRTV,GSM_PERS,2026-05,2026-05-12,9,2348,116,0.0494,1772,2348,3874,5662
DRTW,GSM_MOVI,2026-05,2026-05-12,9,411,13,0.0316,317,411,3839,7626
DRTW,GSM_PERS,2026-05,2026-05-12,9,1454,80,0.0550,1049,1454,7104,11579
MEL0,GSM_MOVI,2026-05,2026-05-12,9,13,0,0.0000,13,13,51770,67268
OEST,GSM_MOVI,2026-05,2026-05-12,9,4699,631,0.1343,4086,4686,13621,18773
AUSO,GSM_MOVI,2026-05,2026-05-12,10,2968,536,0.1806,2707,2964,16652,23360
AUSO,GSM_PERS,2026-05,2026-05-12,10,1450,158,0.1090,1135,1281,5066,7629
AUSO,Sin proveedor,2026-05,2026-05-12,10,1,1,1.0000,1,1,4,4
AYS3,GSM_PERS,2026-05,2026-05-12,10,106,18,0.1698,101,106,2726,3039
AYSA,GSM_PERS,2026-05,2026-05-12,10,150,21,0.1400,140,149,4063,4415
AYSA,MOVI,2026-05,2026-05-12,10,66,12,0.1818,65,66,9893,14194
AYSE,GSM_PERS,2026-05,2026-05-12,10,2047,173,0.0845,1561,2043,9057,14252
CVIA,GSM_PERS,2026-05,2026-05-12,10,66,2,0.0303,43,66,49,79
DRTV,GSM_MOVI,2026-05,2026-05-12,10,461,35,0.0759,410,461,3405,4266
DRTV,GSM_PERS,2026-05,2026-05-12,10,1935,99,0.0512,1453,1935,3874,5662
DRTW,GSM_MOVI,2026-05,2026-05-12,10,91,3,0.0330,80,91,3839,7626
DRTW,GSM_PERS,2026-05,2026-05-12,10,631,35,0.0555,439,631,7104,11579
DRTW,MOVI,2026-05,2026-05-12,10,382,28,0.0733,379,382,9853,12655
FIME,GSM_MOVI,2026-05,2026-05-12,10,2538,160,0.0630,2485,2537,11522,12038
MEL0,GSM_MOVI,2026-05,2026-05-12,10,2311,190,0.0822,2187,2311,51770,67268
MEL0,GSM_PERS,2026-05,2026-05-12,10,1219,31,0.0254,1186,1219,94617,124208
MEL0,MOVI,2026-05,2026-05-12,10,2821,240,0.0851,2771,2821,62928,84964
OEST,GSM_MOVI,2026-05,2026-05-12,10,1250,185,0.1480,1156,1247,13621,18773
AUSO,GSM_MOVI,2026-05,2026-05-12,11,3444,691,0.2006,3153,3442,16652,23360
AUSO,GSM_PERS,2026-05,2026-05-12,11,1936,170,0.0878,1467,1673,5066,7629
AYS3,GSM_PERS,2026-05,2026-05-12,11,1052,120,0.1141,954,1034,2726,3039
AYSA,GSM_PERS,2026-05,2026-05-12,11,523,101,0.1931,504,519,4063,4415
AYSA,MOVI,2026-05,2026-05-12,11,108,19,0.1759,108,108,9893,14194
AYSJ,GSM_MOVI,2026-05,2026-05-12,11,394,16,0.0406,318,377,1050,1467
DRTV,GSM_MOVI,2026-05,2026-05-12,11,391,38,0.0972,350,391,3405,4266
DRTW,GSM_MOVI,2026-05,2026-05-12,11,56,6,0.1071,54,56,3839,7626
DRTW,GSM_PERS,2026-05,2026-05-12,11,1067,45,0.0422,760,1067,7104,11579
DRTW,MOVI,2026-05,2026-05-12,11,794,58,0.0730,787,794,9853,12655
FIME,GSM_MOVI,2026-05,2026-05-12,11,4213,297,0.0705,4098,4211,11522,12038
MEL0,GSM_MOVI,2026-05,2026-05-12,11,1115,94,0.0843,1080,1115,51770,67268
MEL0,GSM_PERS,2026-05,2026-05-12,11,1923,62,0.0322,1852,1921,94617,124208
MEL0,MOVI,2026-05,2026-05-12,11,3175,258,0.0813,3126,3174,62928,84964
OEST,GSM_MOVI,2026-05,2026-05-12,11,536,102,0.1903,494,536,13437,18529
AUSO,GSM_MOVI,2026-05,2026-05-12,12,1907,351,0.1841,1763,1906,16652,23360
AUSO,GSM_PERS,2026-05,2026-05-12,12,494,45,0.0911,435,482,5066,7629
AUSO,Sin proveedor,2026-05,2026-05-12,12,1,1,1.0000,1,1,9,9
AYS3,GSM_MOVI,2026-05,2026-05-12,12,117,18,0.1538,112,117,1282,1384
AYS3,GSM_PERS,2026-05,2026-05-12,12,11,6,0.5455,11,11,1806,2064
AYSA,GSM_PERS,2026-05,2026-05-12,12,1331,175,0.1315,1278,1326,4063,4415
AYSA,MOVI,2026-05,2026-05-12,12,130,20,0.1538,130,130,9893,14194
AYSJ,GSM_MOVI,2026-05,2026-05-12,12,675,29,0.0430,462,586,1050,1467
DRTV,GSM_MOVI,2026-05,2026-05-12,12,366,34,0.0929,335,366,3405,4266
DRTV,Sin proveedor,2026-05,2026-05-12,12,1,1,1.0000,1,1,1,1
DRTW,GSM_MOVI,2026-05,2026-05-12,12,781,45,0.0576,617,781,3839,7626
DRTW,GSM_PERS,2026-05,2026-05-12,12,3698,166,0.0449,2258,3693,7104,11579
DRTW,MOVI,2026-05,2026-05-12,12,844,56,0.0664,818,844,9853,12655
FIME,GSM_MOVI,2026-05,2026-05-12,12,3789,322,0.0850,3710,3786,11522,12038
MEL0,GSM_MOVI,2026-05,2026-05-12,12,1845,129,0.0699,1781,1845,51770,67268
MEL0,GSM_PERS,2026-05,2026-05-12,12,1930,76,0.0394,1846,1929,94617,124208
MEL0,MOVI,2026-05,2026-05-12,12,3202,290,0.0906,3148,3201,62928,84964
OEST,GSM_MOVI,2026-05,2026-05-12,12,594,109,0.1835,545,594,3517,4159
ADT1,GSM_MOVI,2026-05,2026-05-12,13,429,17,0.0396,199,424,304,688
AUSO,GSM_MOVI,2026-05,2026-05-12,13,1491,298,0.1999,1335,1491,4127,4937
AYS3,GSM_MOVI,2026-05,2026-05-12,13,706,135,0.1912,676,700,1282,1384
AYSA,MOVI,2026-05,2026-05-12,13,108,21,0.1944,108,108,9893,14194
AYSC,MOVI,2026-05,2026-05-12,13,10,1,0.1000,10,10,593,1269
AYSJ,GSM_MOVI,2026-05,2026-05-12,13,1198,67,0.0559,717,949,1050,1467
DRTV,GSM_MOVI,2026-05,2026-05-12,13,873,95,0.1088,766,873,3405,4266
DRTW,GSM_PERS,2026-05,2026-05-12,13,534,36,0.0674,454,534,3371,4294
DRTW,MOVI,2026-05,2026-05-12,13,848,43,0.0507,834,848,9853,12655
FIME,GSM_MOVI,2026-05,2026-05-12,13,1084,86,0.0793,1064,1084,11522,12038
MEL0,GSM_MOVI,2026-05,2026-05-12,13,2420,219,0.0905,2284,2419,51770,67268
MEL0,GSM_PERS,2026-05,2026-05-12,13,3471,129,0.0372,3290,3470,94617,124208
MEL0,MOVI,2026-05,2026-05-12,13,3137,254,0.0810,3087,3137,62928,84964
OEST,GSM_MOVI,2026-05,2026-05-12,13,1261,244,0.1935,1129,1258,3517,4159
ADT1,GSM_MOVI,2026-05,2026-05-12,14,186,15,0.0806,107,181,304,688
AUSO,GSM_MOVI,2026-05,2026-05-12,14,964,189,0.1961,865,963,4127,4937
AYS3,GSM_MOVI,2026-05,2026-05-12,14,413,69,0.1671,389,412,1282,1384
AYSA,MOVI,2026-05,2026-05-12,14,116,22,0.1897,116,116,9893,14194
AYSC,MOVI,2026-05,2026-05-12,14,132,11,0.0833,104,132,593,1269
AYSJ,GSM_MOVI,2026-05,2026-05-12,14,645,30,0.0465,454,587,1050,1467
DRTV,GSM_MOVI,2026-05,2026-05-12,14,582,57,0.0979,516,582,3405,4266
DRTW,GSM_PERS,2026-05,2026-05-12,14,520,39,0.0750,444,520,3371,4294
DRTW,MOVI,2026-05,2026-05-12,14,980,54,0.0551,951,979,9853,12655
MEL0,GSM_MOVI,2026-05,2026-05-12,14,445,50,0.1124,383,445,51770,67268
MEL0,GSM_PERS,2026-05,2026-05-12,14,5338,130,0.0244,5098,5338,94617,124208
MEL0,MOVI,2026-05,2026-05-12,14,3018,270,0.0895,2966,3018,62928,84964
OEST,GSM_MOVI,2026-05,2026-05-12,14,757,150,0.1982,680,755,3517,4159
AYSA,MOVI,2026-05,2026-05-12,15,90,16,0.1778,90,90,9893,14194
AYSC,MOVI,2026-05,2026-05-12,15,136,18,0.1324,119,136,593,1269
CVIA,GSM_MOVI,2026-05,2026-05-12,15,3,3,1.0000,3,3,49,76
CVIA,GSM_PERS,2026-05,2026-05-12,15,16,1,0.0625,13,16,49,79
DRTW,GSM_PERS,2026-05,2026-05-12,15,1262,90,0.0713,1051,1262,3371,4294
DRTW,MOVI,2026-05,2026-05-12,15,1632,101,0.0619,1571,1632,9853,12655
MEL0,GSM_PERS,2026-05,2026-05-12,15,7482,337,0.0450,6981,7481,94617,124208
MEL0,MOVI,2026-05,2026-05-12,15,3120,210,0.0673,3065,3120,62928,84964
AYSA,MOVI,2026-05,2026-05-12,16,116,22,0.1897,116,116,9893,14194
AYSC,MOVI,2026-05,2026-05-12,16,726,59,0.0813,394,717,593,1269
CVIA,GSM_MOVI,2026-05,2026-05-12,16,63,8,0.1270,41,63,49,76
CVIA,GSM_PERS,2026-05,2026-05-12,16,50,7,0.1400,35,50,49,79
DRTV,Sin proveedor,2026-05,2026-05-12,16,1,1,1.0000,1,1,1,1
DRTW,MOVI,2026-05,2026-05-12,16,1599,110,0.0688,1539,1599,9853,12655
MEL0,GSM_PERS,2026-05,2026-05-12,16,1398,38,0.0272,1393,1398,94617,124208
MEL0,MOVI,2026-05,2026-05-12,16,2507,201,0.0802,2457,2507,62928,84964
AYSA,MOVI,2026-05,2026-05-12,17,92,15,0.1630,92,92,9893,14194
AYSC,MOVI,2026-05,2026-05-12,17,174,16,0.0920,137,173,593,1269
DRTV,GSM_MOVI,2026-05,2026-05-12,17,589,55,0.0934,456,589,3650,5144
DRTW,GSM_MOVI,2026-05,2026-05-12,17,956,44,0.0460,521,956,3839,7626
DRTW,MOVI,2026-05,2026-05-12,17,771,64,0.0830,756,771,9853,12655
MEL0,MOVI,2026-05,2026-05-12,17,2895,250,0.0864,2780,2895,62928,84964
DRTV,GSM_MOVI,2026-05,2026-05-12,18,225,9,0.0400,198,225,3650,5144
DRTW,GSM_MOVI,2026-05,2026-05-12,18,284,20,0.0704,215,284,3839,7626
DRTW,MOVI,2026-05,2026-05-12,18,339,14,0.0413,338,339,9853,12655
DRTW,Sin proveedor,2026-05,2026-05-12,18,1,1,1.0000,1,1,3,3
MEL0,MOVI,2026-05,2026-05-12,18,3060,251,0.0820,2964,3060,62928,84964
DRTV,GSM_MOVI,2026-05,2026-05-12,19,236,20,0.0847,206,236,3650,5144
DRTW,GSM_MOVI,2026-05,2026-05-12,19,356,24,0.0674,259,356,3839,7626
DRTW,MOVI,2026-05,2026-05-12,19,354,29,0.0819,350,354,9853,12655
MEL0,MOVI,2026-05,2026-05-12,19,3006,242,0.0805,2899,3006,62928,84964
DRTV,GSM_MOVI,2026-05,2026-05-12,20,1521,104,0.0684,1155,1521,3650,5144
DRTW,GSM_MOVI,2026-05,2026-05-12,20,2227,123,0.0552,1322,2226,3839,7626
DRTW,MOVI,2026-05,2026-05-12,20,311,21,0.0675,310,311,9853,12655
MEL0,MOVI,2026-05,2026-05-12,20,2293,176,0.0768,2231,2293,62928,84964
DRTV,GSM_MOVI,2026-05,2026-05-12,21,5,0,0.0000,5,5,3650,5144
DRTW,GSM_MOVI,2026-05,2026-05-12,21,7,0,0.0000,5,7,3839,7626
DRTW,MOVI,2026-05,2026-05-12,21,2,0,0.0000,2,2,5457,6966
AUSO,GSM_MOVI,2026-05,2026-05-13,8,561,51,0.0909,410,561,5478,9610
AYS3,GSM_PERS,2026-05,2026-05-13,8,458,43,0.0939,379,379,2726,3039
AYSA,GSM_PERS,2026-05,2026-05-13,8,706,82,0.1161,680,701,4063,4415
AYSE,GSM_MOVI,2026-05,2026-05-13,8,281,78,0.2776,261,280,1859,2008
AYSE,GSM_PERS,2026-05,2026-05-13,8,1442,155,0.1075,1232,1439,9057,14252
DRTV,GSM_MOVI,2026-05,2026-05-13,8,392,15,0.0383,308,392,3650,5144
DRTV,GSM_PERS,2026-05,2026-05-13,8,1171,55,0.0470,944,1171,3874,5662
DRTW,GSM_MOVI,2026-05,2026-05-13,8,548,15,0.0274,354,546,3839,7626
DRTW,GSM_PERS,2026-05,2026-05-13,8,403,12,0.0298,301,403,3733,7285
AUSO,GSM_MOVI,2026-05,2026-05-13,9,317,38,0.1199,255,317,5478,9610
AYS3,GSM_PERS,2026-05,2026-05-13,9,664,65,0.0979,627,655,2726,3039
AYS3,MOVI,2026-05,2026-05-13,9,107,3,0.0280,70,107,606,751
AYSA,GSM_PERS,2026-05,2026-05-13,9,140,18,0.1286,137,139,4063,4415
AYSA,MOVI,2026-05,2026-05-13,9,45,1,0.0222,22,45,9893,14194
AYSC,MOVI,2026-05,2026-05-13,9,1192,103,0.0864,558,1173,593,1269
AYSE,GSM_PERS,2026-05,2026-05-13,9,2395,203,0.0848,1848,2390,9057,14252
AYSE,MOVI,2026-05,2026-05-13,9,15,0,0.0000,8,15,422,455
DRTV,GSM_MOVI,2026-05,2026-05-13,9,137,12,0.0876,117,137,3650,5144
DRTV,GSM_PERS,2026-05,2026-05-13,9,4155,216,0.0520,3237,4155,6166,8376
DRTW,GSM_MOVI,2026-05,2026-05-13,9,1560,68,0.0436,1148,1529,8526,13767
DRTW,GSM_PERS,2026-05,2026-05-13,9,967,29,0.0300,666,967,3733,7285
DRTW,MOVI,2026-05,2026-05-13,9,328,21,0.0640,327,328,9853,12655
MEL0,GSM_MOVI,2026-05,2026-05-13,9,12,0,0.0000,12,12,42272,56045
AUSO,GSM_MOVI,2026-05,2026-05-13,10,449,41,0.0913,365,448,5478,9610
AYS3,GSM_PERS,2026-05,2026-05-13,10,778,90,0.1157,732,778,2726,3039
AYSA,GSM_PERS,2026-05,2026-05-13,10,1470,150,0.1020,1415,1464,4063,4415
AYSE,GSM_PERS,2026-05,2026-05-13,10,1257,94,0.0748,1030,1257,9057,14252
CVIA,GSM_PERS,2026-05,2026-05-13,10,63,6,0.0952,41,63,49,79
DRTV,GSM_MOVI,2026-05,2026-05-13,10,480,39,0.0813,411,480,3650,5144
DRTV,GSM_PERS,2026-05,2026-05-13,10,538,38,0.0706,501,538,6166,8376
DRTV,MOVI,2026-05,2026-05-13,10,565,44,0.0779,556,565,7144,8574
DRTW,GSM_MOVI,2026-05,2026-05-13,10,961,41,0.0427,758,955,8526,13767
DRTW,GSM_PERS,2026-05,2026-05-13,10,3135,86,0.0274,2047,3133,3733,7285
DRTW,MOVI,2026-05,2026-05-13,10,919,60,0.0653,891,909,9853,12655
FIME,GSM_MOVI,2026-05,2026-05-13,10,1348,105,0.0779,1311,1347,11522,12038
MEL0,GSM_MOVI,2026-05,2026-05-13,10,1021,83,0.0813,972,1021,51770,67268
MEL0,GSM_PERS,2026-05,2026-05-13,10,968,93,0.0961,920,968,94617,124208
MEL0,MOVI,2026-05,2026-05-13,10,1748,218,0.1247,1706,1748,62928,84964
AUSO,GSM_MOVI,2026-05,2026-05-13,11,566,64,0.1131,429,566,5478,9610
AYS3,GSM_PERS,2026-05,2026-05-13,11,183,21,0.1148,179,183,2726,3039
AYSA,GSM_PERS,2026-05,2026-05-13,11,6,1,0.1667,6,6,4063,4415
AYSE,GSM_PERS,2026-05,2026-05-13,11,440,42,0.0955,372,440,9057,14252
DRTV,GSM_MOVI,2026-05,2026-05-13,11,1559,78,0.0500,1234,1559,3650,5144
DRTV,GSM_PERS,2026-05,2026-05-13,11,1685,133,0.0789,1470,1685,2292,2714
DRTV,MOVI,2026-05,2026-05-13,11,623,53,0.0851,616,623,7144,8574
DRTW,GSM_MOVI,2026-05,2026-05-13,11,4471,257,0.0575,3289,4468,8526,13767
DRTW,GSM_PERS,2026-05,2026-05-13,11,926,31,0.0335,715,926,3733,7285
DRTW,MOVI,2026-05,2026-05-13,11,1003,66,0.0658,981,994,9853,12655
FIME,GSM_MOVI,2026-05,2026-05-13,11,1080,95,0.0880,1056,1080,11522,12038
MEL0,GSM_MOVI,2026-05,2026-05-13,11,2577,233,0.0904,2452,2577,51770,67268
MEL0,GSM_PERS,2026-05,2026-05-13,11,4152,330,0.0795,3826,4151,94617,124208
MEL0,MOVI,2026-05,2026-05-13,11,1804,262,0.1452,1775,1804,62928,84964
AUSO,GSM_MOVI,2026-05,2026-05-13,12,1651,203,0.1230,1126,1648,5478,9610
AYS3,GSM_MOVI,2026-05,2026-05-13,12,160,27,0.1688,157,160,3621,4268
DRTV,MOVI,2026-05,2026-05-13,12,644,49,0.0761,632,644,7144,8574
DRTW,GSM_MOVI,2026-05,2026-05-13,12,2203,150,0.0681,1861,2202,4687,6141
DRTW,MOVI,2026-05,2026-05-13,12,989,83,0.0839,958,981,9853,12655
FIME,GSM_MOVI,2026-05,2026-05-13,12,1434,113,0.0788,1390,1434,11522,12038
MEL0,GSM_MOVI,2026-05,2026-05-13,12,4099,280,0.0683,3853,4098,51770,67268
MEL0,GSM_PERS,2026-05,2026-05-13,12,8556,801,0.0936,7957,8556,94617,124208
MEL0,MOVI,2026-05,2026-05-13,12,1822,254,0.1394,1798,1822,62928,84964
ADT1,GSM_MOVI,2026-05,2026-05-13,13,437,35,0.0801,208,428,304,688
AUSO,GSM_MOVI,2026-05,2026-05-13,13,2808,382,0.1360,1894,2800,5478,9610
AYS3,GSM_MOVI,2026-05,2026-05-13,13,890,163,0.1831,844,881,3621,4268
AYSE,MOVI,2026-05,2026-05-13,13,188,42,0.2234,188,188,3089,3294
DRTV,MOVI,2026-05,2026-05-13,13,620,55,0.0887,612,620,7144,8574
DRTW,MOVI,2026-05,2026-05-13,13,951,73,0.0768,925,941,9853,12655
FIME,GSM_MOVI,2026-05,2026-05-13,13,2749,224,0.0815,2651,2749,11522,12038
MEL0,GSM_MOVI,2026-05,2026-05-13,13,158,13,0.0823,149,158,51770,67268
MEL0,GSM_PERS,2026-05,2026-05-13,13,9245,761,0.0823,8681,9243,94617,124208
MEL0,MOVI,2026-05,2026-05-13,13,2148,215,0.1001,2105,2148,62928,84964
ADT1,GSM_MOVI,2026-05,2026-05-13,14,204,15,0.0735,104,201,304,688
AUSO,GSM_MOVI,2026-05,2026-05-13,14,1364,189,0.1386,928,1361,5478,9610
AYS3,GSM_MOVI,2026-05,2026-05-13,14,482,87,0.1805,456,482,3621,4268
AYSE,MOVI,2026-05,2026-05-13,14,251,52,0.2072,251,251,3089,3294
DRTV,MOVI,2026-05,2026-05-13,14,672,41,0.0610,664,672,7144,8574
DRTW,MOVI,2026-05,2026-05-13,14,962,67,0.0696,934,954,9853,12655
FIME,GSM_MOVI,2026-05,2026-05-13,14,5218,394,0.0755,5006,5213,11522,12038
MEL0,GSM_PERS,2026-05,2026-05-13,14,6337,591,0.0933,5966,6336,94617,124208
MEL0,MOVI,2026-05,2026-05-13,14,2310,239,0.1035,2248,2310,62928,84964
ADT0,GSM_MOVI,2026-05,2026-05-13,15,2688,447,0.1663,1422,2643,1738,3557
AYSE,MOVI,2026-05,2026-05-13,15,245,38,0.1551,245,245,3089,3294
DRTV,MOVI,2026-05,2026-05-13,15,627,40,0.0638,618,627,7144,8574
DRTW,MOVI,2026-05,2026-05-13,15,957,69,0.0721,929,946,9853,12655
MEL0,MOVI,2026-05,2026-05-13,15,2394,237,0.0990,2347,2394,62928,84964
ADT0,GSM_MOVI,2026-05,2026-05-13,16,743,126,0.1696,395,727,1738,3557
AYSE,MOVI,2026-05,2026-05-13,16,203,44,0.2167,203,203,3089,3294
DRTV,MOVI,2026-05,2026-05-13,16,663,44,0.0664,649,663,7144,8574
DRTW,MOVI,2026-05,2026-05-13,16,989,53,0.0536,958,976,9853,12655
MEL0,MOVI,2026-05,2026-05-13,16,621,71,0.1143,617,621,62928,84964
AYSE,MOVI,2026-05,2026-05-13,17,198,42,0.2121,198,198,3089,3294
DRTV,MOVI,2026-05,2026-05-13,17,589,33,0.0560,584,589,7144,8574
DRTW,MOVI,2026-05,2026-05-13,17,907,64,0.0706,879,902,9853,12655
MEL0,MOVI,2026-05,2026-05-13,17,3058,111,0.0363,2883,3057,62928,84964
REVO,GSM_MOVI,2026-05,2026-05-13,17,199,10,0.0503,162,199,30330,41290
REVO,GSM_PERS,2026-05,2026-05-13,17,2298,197,0.0857,1721,2298,18890,24487
DRTV,MOVI,2026-05,2026-05-13,18,147,9,0.0612,145,147,7144,8574
DRTW,MOVI,2026-05,2026-05-13,18,209,11,0.0526,208,209,9853,12655
MEL0,MOVI,2026-05,2026-05-13,18,3050,135,0.0443,2863,3050,62928,84964
REVO,GSM_MOVI,2026-05,2026-05-13,18,680,38,0.0559,573,679,30330,41290
REVO,GSM_PERS,2026-05,2026-05-13,18,3541,297,0.0839,2721,3541,18890,24487
DRTV,MOVI,2026-05,2026-05-13,19,124,6,0.0484,124,124,7144,8574
DRTW,MOVI,2026-05,2026-05-13,19,208,15,0.0721,203,208,9853,12655
REVO,GSM_MOVI,2026-05,2026-05-13,19,1579,100,0.0633,1303,1579,30330,41290
REVO,GSM_PERS,2026-05,2026-05-13,19,6802,659,0.0969,5167,6800,18890,24487
DRTV,MOVI,2026-05,2026-05-13,20,126,12,0.0952,125,126,7144,8574
DRTW,MOVI,2026-05,2026-05-13,20,196,17,0.0867,193,196,9853,12655
REVO,GSM_MOVI,2026-05,2026-05-13,20,4845,318,0.0656,3691,4845,30330,41290
REVO,GSM_PERS,2026-05,2026-05-13,20,8883,786,0.0885,7161,8875,18890,24487
DRTW,MOVI,2026-05,2026-05-13,21,1,0,0.0000,1,1,2273,2949
REVO,GSM_MOVI,2026-05,2026-05-13,21,18,2,0.1111,14,18,30330,41290
REVO,GSM_PERS,2026-05,2026-05-13,21,25,0,0.0000,20,25,18890,24487
AUSO,GSM_MOVI,2026-05,2026-05-14,8,1068,125,0.1170,944,1066,12525,18423
AYS3,GSM_PERS,2026-05,2026-05-14,8,194,12,0.0619,138,146,2726,3039
AYSA,GSM_PERS,2026-05,2026-05-14,8,313,37,0.1182,307,312,4063,4415
AYSE,GSM_MOVI,2026-05,2026-05-14,8,170,39,0.2294,164,170,1859,2008
AYSE,GSM_PERS,2026-05,2026-05-14,8,1022,91,0.0890,848,1019,9057,14252
DRTV,GSM_MOVI,2026-05,2026-05-14,8,13,0,0.0000,11,13,3405,4266
DRTV,GSM_PERS,2026-05,2026-05-14,8,1020,46,0.0451,806,1020,3874,5662
DRTW,GSM_PERS,2026-05,2026-05-14,8,139,2,0.0144,96,139,3733,7285
OEST,GSM_MOVI,2026-05,2026-05-14,8,1946,245,0.1259,1647,1942,10104,14614
REVO,GSM_MOVI,2026-05,2026-05-14,8,688,57,0.0828,546,688,30330,41290
REVO,GSM_PERS,2026-05,2026-05-14,8,1072,76,0.0709,886,1072,18890,24487
AUSO,GSM_MOVI,2026-05,2026-05-14,9,794,77,0.0970,738,793,12525,18423
AYS3,GSM_PERS,2026-05,2026-05-14,9,382,31,0.0812,344,347,2726,3039
AYS3,MOVI,2026-05,2026-05-14,9,110,4,0.0364,73,110,606,751
AYSA,GSM_PERS,2026-05,2026-05-14,9,521,72,0.1382,500,518,4063,4415
AYSA,MOVI,2026-05,2026-05-14,9,45,2,0.0444,22,45,9893,14194
AYSC,MOVI,2026-05,2026-05-14,9,1242,107,0.0862,573,1223,593,1269
AYSE,GSM_MOVI,2026-05,2026-05-14,9,70,17,0.2429,65,70,1859,2008
AYSE,GSM_PERS,2026-05,2026-05-14,9,2846,230,0.0808,2143,2843,9057,14252
AYSE,MOVI,2026-05,2026-05-14,9,15,0,0.0000,8,15,422,455
DRTV,GSM_MOVI,2026-05,2026-05-14,9,71,4,0.0563,66,71,3405,4266
DRTV,GSM_PERS,2026-05,2026-05-14,9,2723,121,0.0444,2009,2723,3874,5662
DRTV,MOVI,2026-05,2026-05-14,9,54,3,0.0556,54,54,7144,8574
DRTW,GSM_MOVI,2026-05,2026-05-14,9,35,1,0.0286,31,35,3839,7626
DRTW,GSM_PERS,2026-05,2026-05-14,9,814,29,0.0356,583,814,7104,11579
DRTW,MOVI,2026-05,2026-05-14,9,84,4,0.0476,84,84,9853,12655
OEST,GSM_MOVI,2026-05,2026-05-14,9,1348,185,0.1372,1212,1348,10104,14614
REVO,GSM_MOVI,2026-05,2026-05-14,9,372,20,0.0538,327,372,30330,41290
REVO,GSM_PERS,2026-05,2026-05-14,9,984,69,0.0701,811,984,18890,24487
ADT0,GSM_MOVI,2026-05,2026-05-14,10,18,2,0.1111,9,18,1738,3557
AUSO,GSM_MOVI,2026-05,2026-05-14,10,1849,241,0.1303,1666,1845,12525,18423
AYS3,GSM_PERS,2026-05,2026-05-14,10,89,10,0.1124,85,89,2726,3039
AYSA,GSM_PERS,2026-05,2026-05-14,10,56,6,0.1071,53,56,4063,4415
AYSE,GSM_PERS,2026-05,2026-05-14,10,1531,135,0.0882,1156,1525,9057,14252
CVIA,GSM_PERS,2026-05,2026-05-14,10,59,1,0.0169,38,59,49,79
DRTV,GSM_MOVI,2026-05,2026-05-14,10,112,6,0.0536,96,112,3405,4266
DRTV,GSM_PERS,2026-05,2026-05-14,10,1568,72,0.0459,1164,1568,3874,5662
DRTW,GSM_MOVI,2026-05,2026-05-14,10,35,2,0.0571,28,35,3839,7626
DRTW,GSM_PERS,2026-05,2026-05-14,10,565,26,0.0460,408,565,7104,11579
FIME,GSM_MOVI,2026-05,2026-05-14,10,1795,119,0.0663,1733,1794,11522,12038
MEL0,GSM_MOVI,2026-05,2026-05-14,10,1092,96,0.0879,1027,1092,51770,67268
MEL0,GSM_PERS,2026-05,2026-05-14,10,2427,156,0.0643,2269,2427,94617,124208
MEL0,MOVI,2026-05,2026-05-14,10,2962,210,0.0709,2904,2962,62928,84964
OEST,GSM_MOVI,2026-05,2026-05-14,10,1073,142,0.1323,941,1072,10104,14614
REVO,GSM_MOVI,2026-05,2026-05-14,10,714,41,0.0574,587,714,30330,41290
REVO,GSM_PERS,2026-05,2026-05-14,10,483,33,0.0683,423,483,18890,24487
ADT0,GSM_MOVI,2026-05,2026-05-14,11,243,39,0.1605,147,241,1738,3557
AUSO,GSM_MOVI,2026-05,2026-05-14,11,2855,455,0.1594,2560,2842,12525,18423
AYS3,GSM_PERS,2026-05,2026-05-14,11,74,11,0.1486,70,74,2726,3039
AYSA,GSM_PERS,2026-05,2026-05-14,11,111,10,0.0901,109,110,4063,4415
DRTV,GSM_MOVI,2026-05,2026-05-14,11,170,12,0.0706,154,170,3405,4266
DRTW,GSM_MOVI,2026-05,2026-05-14,11,68,2,0.0294,50,68,3839,7626
DRTW,GSM_PERS,2026-05,2026-05-14,11,449,20,0.0445,338,449,7104,11579
FIME,GSM_MOVI,2026-05,2026-05-14,11,3390,211,0.0622,3300,3389,11522,12038
MEL0,GSM_MOVI,2026-05,2026-05-14,11,571,39,0.0683,546,571,51770,67268
MEL0,GSM_PERS,2026-05,2026-05-14,11,5334,310,0.0581,5007,5334,94617,124208
MEL0,MOVI,2026-05,2026-05-14,11,3157,243,0.0770,3106,3157,62928,84964
OEST,GSM_MOVI,2026-05,2026-05-14,11,1079,180,0.1668,986,1075,10104,14614
REVO,GSM_MOVI,2026-05,2026-05-14,11,1002,57,0.0569,855,1002,30330,41290
REVO,GSM_PERS,2026-05,2026-05-14,11,423,19,0.0449,374,423,18890,24487
ADT0,GSM_MOVI,2026-05,2026-05-14,12,229,39,0.1703,150,226,1738,3557
AUSO,GSM_MOVI,2026-05,2026-05-14,12,1057,165,0.1561,1005,1057,12525,18423
AYS3,GSM_MOVI,2026-05,2026-05-14,12,30,4,0.1333,30,30,3621,4268
AYS3,GSM_PERS,2026-05,2026-05-14,12,753,96,0.1275,710,752,2726,3039
AYSA,GSM_PERS,2026-05,2026-05-14,12,443,53,0.1196,433,442,4063,4415
DRTV,GSM_MOVI,2026-05,2026-05-14,12,198,10,0.0505,180,198,3405,4266
DRTW,GSM_MOVI,2026-05,2026-05-14,12,1073,49,0.0457,809,1073,3839,7626
DRTW,GSM_PERS,2026-05,2026-05-14,12,721,21,0.0291,570,721,7104,11579
FIME,GSM_MOVI,2026-05,2026-05-14,12,3431,211,0.0615,3340,3428,11522,12038
MEL0,GSM_MOVI,2026-05,2026-05-14,12,2229,271,0.1216,2029,2229,51770,67268
MEL0,GSM_PERS,2026-05,2026-05-14,12,4984,312,0.0626,4765,4983,94617,124208
MEL0,MOVI,2026-05,2026-05-14,12,3143,267,0.0850,3069,3143,62928,84964
OEST,GSM_MOVI,2026-05,2026-05-14,12,933,149,0.1597,861,933,10104,14614
REVO,GSM_MOVI,2026-05,2026-05-14,12,1051,59,0.0561,909,1051,30330,41290
REVO,GSM_PERS,2026-05,2026-05-14,12,5,0,0.0000,4,5,18890,24487
ADT0,GSM_MOVI,2026-05,2026-05-14,13,292,46,0.1575,184,290,1738,3557
ADT1,GSM_MOVI,2026-05,2026-05-14,13,55,2,0.0364,40,54,304,688
AUSO,GSM_MOVI,2026-05,2026-05-14,13,1144,178,0.1556,1080,1144,12525,18423
AYS3,GSM_MOVI,2026-05,2026-05-14,13,85,19,0.2235,81,85,3621,4268
AYS3,GSM_PERS,2026-05,2026-05-14,13,665,73,0.1098,635,663,2726,3039
AYSA,GSM_PERS,2026-05,2026-05-14,13,454,39,0.0859,447,454,4063,4415
DRTV,GSM_MOVI,2026-05,2026-05-14,13,140,8,0.0571,125,140,3405,4266
DRTW,GSM_MOVI,2026-05,2026-05-14,13,143,6,0.0420,134,143,3839,7626
DRTW,GSM_PERS,2026-05,2026-05-14,13,743,33,0.0444,628,743,7104,11579
FIME,GSM_MOVI,2026-05,2026-05-14,13,3410,223,0.0654,3323,3409,11522,12038
MEL0,GSM_MOVI,2026-05,2026-05-14,13,2380,254,0.1067,2140,2380,51770,67268
MEL0,GSM_PERS,2026-05,2026-05-14,13,5071,341,0.0672,4856,5069,94617,124208
MEL0,MOVI,2026-05,2026-05-14,13,3097,286,0.0923,3025,3097,62928,84964
OEST,GSM_MOVI,2026-05,2026-05-14,13,1330,201,0.1511,1200,1328,10104,14614
REVO,GSM_MOVI,2026-05,2026-05-14,13,1218,68,0.0558,1055,1218,30330,41290
ADT0,GSM_MOVI,2026-05,2026-05-14,14,579,109,0.1883,307,561,1738,3557
ADT1,GSM_MOVI,2026-05,2026-05-14,14,132,7,0.0530,72,129,304,688
AUSO,GSM_MOVI,2026-05,2026-05-14,14,349,69,0.1977,329,349,12525,18423
AUSO,Sin proveedor,2026-05,2026-05-14,14,1,1,1.0000,1,1,1,1
AYS3,GSM_MOVI,2026-05,2026-05-14,14,287,53,0.1847,271,286,3621,4268
AYSA,GSM_PERS,2026-05,2026-05-14,14,516,55,0.1066,499,515,4063,4415
DRTV,GSM_MOVI,2026-05,2026-05-14,14,450,25,0.0556,376,450,3405,4266
DRTW,GSM_PERS,2026-05,2026-05-14,14,984,45,0.0457,837,984,7104,11579
DRTW,Sin proveedor,2026-05,2026-05-14,14,1,1,1.0000,1,1,4,4
MEL0,GSM_MOVI,2026-05,2026-05-14,14,1271,101,0.0795,1206,1271,51770,67268
MEL0,GSM_PERS,2026-05,2026-05-14,14,6484,387,0.0597,6211,6483,94617,124208
MEL0,MOVI,2026-05,2026-05-14,14,3087,234,0.0758,2928,3025,62928,84964
OEST,GSM_MOVI,2026-05,2026-05-14,14,1,1,1.0000,1,1,1604,2299
REVO,GSM_MOVI,2026-05,2026-05-14,14,3316,207,0.0624,2579,3315,30330,41290
ADT0,GSM_MOVI,2026-05,2026-05-14,15,704,129,0.1832,357,689,1738,3557
ADT1,GSM_MOVI,2026-05,2026-05-14,15,144,8,0.0556,81,142,304,688
AYS3,GSM_MOVI,2026-05,2026-05-14,15,319,46,0.1442,303,318,3621,4268
DRTV,GSM_MOVI,2026-05,2026-05-14,15,675,42,0.0622,587,675,3405,4266
DRTW,GSM_PERS,2026-05,2026-05-14,15,1910,72,0.0377,1468,1909,7104,11579
MEL0,GSM_MOVI,2026-05,2026-05-14,15,540,34,0.0630,530,540,51770,67268
MEL0,GSM_PERS,2026-05,2026-05-14,15,5253,301,0.0573,5042,5250,94617,124208
MEL0,MOVI,2026-05,2026-05-14,15,3301,219,0.0663,3139,3301,62928,84964
OEST,Sin proveedor,2026-05,2026-05-14,15,1,1,1.0000,1,1,1,1
REVO,GSM_MOVI,2026-05,2026-05-14,15,3713,228,0.0614,2906,3713,30330,41290
ADT0,GSM_MOVI,2026-05,2026-05-14,16,567,94,0.1658,333,558,1738,3557
ADT1,GSM_MOVI,2026-05,2026-05-14,16,293,12,0.0410,138,286,304,688
AYS3,GSM_MOVI,2026-05,2026-05-14,16,790,144,0.1823,758,783,3621,4268
DRTV,GSM_MOVI,2026-05,2026-05-14,16,1838,120,0.0653,1556,1838,3405,4266
DRTW,GSM_PERS,2026-05,2026-05-14,16,2715,103,0.0379,2083,2714,7104,11579
MEL0,GSM_MOVI,2026-05,2026-05-14,16,1703,106,0.0622,1680,1702,51770,67268
MEL0,GSM_PERS,2026-05,2026-05-14,16,1735,19,0.0110,1735,1735,94617,124208
MEL0,MOVI,2026-05,2026-05-14,16,3249,223,0.0686,3077,3249,62928,84964
REVO,GSM_MOVI,2026-05,2026-05-14,16,3294,182,0.0553,2632,3294,30330,41290
ADT0,GSM_MOVI,2026-05,2026-05-14,17,1205,201,0.1668,643,1167,1738,3557
AYS3,GSM_MOVI,2026-05,2026-05-14,17,18,5,0.2778,18,18,3621,4268
MEL0,GSM_MOVI,2026-05,2026-05-14,17,133,10,0.0752,133,133,51770,67268
MEL0,MOVI,2026-05,2026-05-14,17,2406,177,0.0736,2270,2406,62928,84964
OEST,Sin proveedor,2026-05,2026-05-14,17,1,1,1.0000,1,1,1,1
REVO,GSM_MOVI,2026-05,2026-05-14,17,7113,455,0.0640,5599,7105,30330,41290
AUSO,GSM_MOVI,2026-05,2026-05-15,8,2067,203,0.0982,1324,2064,5478,9610
AYS3,GSM_MOVI,2026-05,2026-05-15,8,50,11,0.2200,36,49,3621,4268
AYS3,GSM_PERS,2026-05,2026-05-15,8,575,46,0.0800,474,480,2726,3039
AYSA,GSM_MOVI,2026-05,2026-05-15,8,144,40,0.2778,132,144,5809,7301
AYSA,GSM_PERS,2026-05,2026-05-15,8,812,81,0.0998,780,809,4063,4415
AYSE,GSM_MOVI,2026-05,2026-05-15,8,303,88,0.2904,280,303,1859,2008
AYSE,GSM_PERS,2026-05,2026-05-15,8,987,86,0.0871,876,980,10343,16254
DRTV,GSM_PERS,2026-05,2026-05-15,8,576,18,0.0313,495,576,3874,5662
DRTW,GSM_MOVI,2026-05,2026-05-15,8,296,9,0.0304,213,296,3839,7626
DRTW,GSM_PERS,2026-05,2026-05-15,8,325,10,0.0308,247,325,3733,7285
AUSO,GSM_MOVI,2026-05,2026-05-15,9,5705,663,0.1162,3576,5676,5478,9610
AYS3,GSM_PERS,2026-05,2026-05-15,9,1275,96,0.0753,1206,1273,2726,3039
AYS3,MOVI,2026-05,2026-05-15,9,110,4,0.0364,73,110,606,751
AYSA,GSM_PERS,2026-05,2026-05-15,9,46,7,0.1522,45,46,4063,4415
AYSA,MOVI,2026-05,2026-05-15,9,45,2,0.0444,22,45,9893,14194
AYSC,MOVI,2026-05,2026-05-15,9,1242,98,0.0789,573,1223,593,1269
AYSE,GSM_PERS,2026-05,2026-05-15,9,2558,186,0.0727,2027,2553,10343,16254
AYSE,MOVI,2026-05,2026-05-15,9,15,1,0.0667,8,15,422,455
DRTV,GSM_PERS,2026-05,2026-05-15,9,2124,77,0.0363,1835,2124,6166,8376
DRTW,GSM_MOVI,2026-05,2026-05-15,9,1082,35,0.0323,789,1082,3839,7626
DRTW,GSM_PERS,2026-05,2026-05-15,9,1495,26,0.0174,1106,1495,3733,7285
ADT0,GSM_MOVI,2026-05,2026-05-15,10,164,15,0.0915,93,164,1738,3557
AYS3,GSM_PERS,2026-05,2026-05-15,10,335,35,0.1045,322,335,2726,3039
AYSA,GSM_PERS,2026-05,2026-05-15,10,515,33,0.0641,505,515,4063,4415
AYSE,GSM_PERS,2026-05,2026-05-15,10,2514,186,0.0740,2032,2509,10343,16254
CVIA,GSM_PERS,2026-05,2026-05-15,10,63,3,0.0476,41,63,49,79
DRTV,GSM_PERS,2026-05,2026-05-15,10,1550,71,0.0458,1402,1550,6166,8376
DRTW,GSM_PERS,2026-05,2026-05-15,10,1745,43,0.0246,1287,1745,3733,7285
DRTW,Sin proveedor,2026-05,2026-05-15,10,1,1,1.0000,1,1,4,4
FIME,GSM_MOVI,2026-05,2026-05-15,10,5738,341,0.0594,5472,5732,11522,12038
MEL0,GSM_MOVI,2026-05,2026-05-15,10,806,54,0.0670,772,806,51770,67268
MEL0,GSM_PERS,2026-05,2026-05-15,10,243,11,0.0453,231,243,94617,124208
MEL0,MOVI,2026-05,2026-05-15,10,267,267,1.0000,266,267,62928,84964
ADT0,GSM_MOVI,2026-05,2026-05-15,11,717,136,0.1897,429,702,1738,3557
AYSA,GSM_PERS,2026-05,2026-05-15,11,764,83,0.1086,743,761,4063,4415
AYSE,GSM_PERS,2026-05,2026-05-15,11,968,79,0.0816,847,968,10343,16254
AYSJ,GSM_MOVI,2026-05,2026-05-15,11,929,48,0.0517,629,791,1050,1467
DRTV,GSM_PERS,2026-05,2026-05-15,11,2157,93,0.0431,1918,2157,6166,8376
DRTW,GSM_PERS,2026-05,2026-05-15,11,850,22,0.0259,676,850,3733,7285
FIME,GSM_MOVI,2026-05,2026-05-15,11,4866,261,0.0536,4716,4860,11522,12038
MEL0,GSM_MOVI,2026-05,2026-05-15,11,3955,286,0.0723,3778,3955,51770,67268
MEL0,GSM_PERS,2026-05,2026-05-15,11,1885,125,0.0663,1794,1885,94617,124208
MEL0,MOVI,2026-05,2026-05-15,11,604,604,1.0000,602,604,62928,84964
ADT0,GSM_MOVI,2026-05,2026-05-15,12,2648,452,0.1707,1355,2508,1738,3557
AYS3,GSM_MOVI,2026-05,2026-05-15,12,552,112,0.2029,527,547,3621,4268
AYSA,GSM_PERS,2026-05,2026-05-15,12,300,36,0.1200,293,300,4063,4415
AYSE,GSM_PERS,2026-05,2026-05-15,12,490,44,0.0898,454,490,10343,16254
AYSJ,GSM_MOVI,2026-05,2026-05-15,12,1829,104,0.0569,932,1260,1050,1467
DRTV,GSM_PERS,2026-05,2026-05-15,12,1465,51,0.0348,1271,1465,6166,8376
DRTW,GSM_PERS,2026-05,2026-05-15,12,1549,44,0.0284,1164,1549,3733,7285
FIME,GSM_MOVI,2026-05,2026-05-15,12,1453,97,0.0668,1418,1453,11522,12038
MEL0,GSM_MOVI,2026-05,2026-05-15,12,3197,251,0.0785,2847,3196,51770,67268
MEL0,GSM_PERS,2026-05,2026-05-15,12,3102,199,0.0642,2892,3101,94617,124208
MEL0,MOVI,2026-05,2026-05-15,12,485,485,1.0000,483,485,62928,84964
ADT0,GSM_MOVI,2026-05,2026-05-15,13,285,61,0.2140,184,279,1738,3557
ADT1,GSM_MOVI,2026-05,2026-05-15,13,616,51,0.0828,270,594,304,688
AYS3,GSM_MOVI,2026-05,2026-05-15,13,971,159,0.1637,933,969,3621,4268
AYSJ,GSM_MOVI,2026-05,2026-05-15,13,198,13,0.0657,170,197,1050,1467
DRTW,GSM_PERS,2026-05,2026-05-15,13,27,1,0.0370,22,27,3733,7285
MEL0,GSM_PERS,2026-05,2026-05-15,13,7590,488,0.0643,7159,7590,94617,124208
MEL0,MOVI,2026-05,2026-05-15,13,8527,378,0.0443,7857,8527,62928,84964
MEL0,GSM_PERS,2026-05,2026-05-15,14,7204,456,0.0633,6761,7203,94617,124208
MEL0,MOVI,2026-05,2026-05-15,14,9386,432,0.0460,8656,9384,62928,84964
MEL0,MOVI,2026-05,2026-05-15,15,1020,53,0.0520,998,1020,62928,84964
ADT0,GSM_MOVI,2026-05,2026-05-15,16,5564,913,0.1641,3110,5435,7923,17286
REVO,GSM_MOVI,2026-05,2026-05-15,16,774,40,0.0517,637,774,51794,72080
REVO,GSM_PERS,2026-05,2026-05-15,16,2570,170,0.0661,2065,2570,30479,39837
ADT0,GSM_MOVI,2026-05,2026-05-15,17,7479,1224,0.1637,4240,7247,7923,17286
DRTW,Sin proveedor,2026-05,2026-05-15,17,1,1,1.0000,1,1,4,4
REVO,GSM_MOVI,2026-05,2026-05-15,17,2594,118,0.0455,2112,2594,51794,72080
REVO,GSM_PERS,2026-05,2026-05-15,17,6487,495,0.0763,5155,6486,30479,39837
ADT0,GSM_MOVI,2026-05,2026-05-15,18,3850,682,0.1771,2422,3770,7923,17286
REVO,GSM_MOVI,2026-05,2026-05-15,18,5594,294,0.0526,4237,5592,51794,72080
REVO,GSM_PERS,2026-05,2026-05-15,18,6603,483,0.0731,5324,6603,30479,39837
REVO,GSM_MOVI,2026-05,2026-05-15,19,10084,525,0.0521,7613,10070,51794,72080
REVO,GSM_PERS,2026-05,2026-05-15,19,6217,472,0.0759,5022,6215,30479,39837
REVO,GSM_MOVI,2026-05,2026-05-15,20,10390,562,0.0541,7914,10385,51794,72080
REVO,GSM_PERS,2026-05,2026-05-15,20,6276,531,0.0846,5112,6276,30479,39837
REVO,GSM_MOVI,2026-05,2026-05-15,21,27,2,0.0741,24,27,30330,41290
REVO,GSM_PERS,2026-05,2026-05-15,21,3,0,0.0000,2,3,30479,39837
ADT0,GSM_MOVI,2026-05,2026-05-16,8,716,46,0.0642,478,702,7923,17286
AUSO,GSM_MOVI,2026-05,2026-05-16,8,1301,125,0.0961,1192,1299,12881,15665
AUSO,GSM_PERS,2026-05,2026-05-16,8,514,42,0.0817,449,514,5025,7576
AYSE,GSM_MOVI,2026-05,2026-05-16,8,61,16,0.2623,60,61,1859,2008
DRTV,GSM_PERS,2026-05,2026-05-16,8,621,17,0.0274,483,621,3874,5662
DRTW,GSM_MOVI,2026-05,2026-05-16,8,18,1,0.0556,15,18,3839,7626
DRTW,GSM_PERS,2026-05,2026-05-16,8,380,7,0.0184,256,380,3733,7285
OEST,GSM_MOVI,2026-05,2026-05-16,8,1369,148,0.1081,1238,1369,12161,14897
REVO,GSM_MOVI,2026-05,2026-05-16,8,1480,51,0.0345,1242,1480,51794,72080
REVO,GSM_PERS,2026-05,2026-05-16,8,1645,67,0.0407,1399,1645,30479,39837
ADT0,GSM_MOVI,2026-05,2026-05-16,9,1367,115,0.0841,911,1342,7923,17286
AUSO,GSM_MOVI,2026-05,2026-05-16,9,2942,382,0.1298,2685,2937,12881,15665
AUSO,GSM_PERS,2026-05,2026-05-16,9,1007,88,0.0874,836,932,5066,7629
AUSO,Sin proveedor,2026-05,2026-05-16,9,1,1,1.0000,1,1,1,1
AYSE,GSM_MOVI,2026-05,2026-05-16,9,24,4,0.1667,22,24,1859,2008
DRTV,GSM_PERS,2026-05,2026-05-16,9,1527,49,0.0321,1251,1527,6166,8376
DRTW,GSM_MOVI,2026-05,2026-05-16,9,163,2,0.0123,137,163,3839,7626
DRTW,GSM_PERS,2026-05,2026-05-16,9,1284,31,0.0241,991,1284,7104,11579
OEST,GSM_MOVI,2026-05,2026-05-16,9,3530,455,0.1289,3208,3524,12161,14897
REVO,GSM_MOVI,2026-05,2026-05-16,9,2137,71,0.0332,1854,2134,51794,72080
REVO,GSM_PERS,2026-05,2026-05-16,9,2769,156,0.0563,2383,2768,30479,39837
REVO,MOVI,2026-05,2026-05-16,9,4839,335,0.0692,4378,4836,30329,40341
ADT0,GSM_MOVI,2026-05,2026-05-16,10,1210,110,0.0909,869,1192,9661,20843
AUSO,GSM_MOVI,2026-05,2026-05-16,10,2779,389,0.1400,2556,2777,12881,15665
AUSO,GSM_PERS,2026-05,2026-05-16,10,1230,115,0.0935,991,1113,5066,7629
AYSE,GSM_MOVI,2026-05,2026-05-16,10,142,40,0.2817,135,142,1859,2008
CVIA,GSM_PERS,2026-05,2026-05-16,10,63,5,0.0794,41,63,49,79
DRTV,GSM_PERS,2026-05,2026-05-16,10,1411,60,0.0425,1156,1411,6166,8376
DRTW,GSM_MOVI,2026-05,2026-05-16,10,109,4,0.0367,88,109,3839,7626
DRTW,GSM_PERS,2026-05,2026-05-16,10,1024,40,0.0391,804,1024,7104,11579
FIME,GSM_MOVI,2026-05,2026-05-16,10,1228,53,0.0432,1205,1227,11522,12038
MEL0,GSM_MOVI,2026-05,2026-05-16,10,192,12,0.0625,183,192,51770,67268
MEL0,GSM_PERS,2026-05,2026-05-16,10,221,10,0.0452,214,221,94617,124208
MEL0,MOVI,2026-05,2026-05-16,10,1639,117,0.0714,1606,1639,62928,84964
OEST,GSM_MOVI,2026-05,2026-05-16,10,2829,401,0.1417,2543,2827,12161,14897
REVO,GSM_MOVI,2026-05,2026-05-16,10,1497,59,0.0394,1317,1496,51794,72080
REVO,GSM_PERS,2026-05,2026-05-16,10,2537,187,0.0737,2211,2537,30479,39837
REVO,MOVI,2026-05,2026-05-16,10,3002,244,0.0813,2784,3002,30329,40341
ADT0,GSM_MOVI,2026-05,2026-05-16,11,997,116,0.1163,704,983,9661,20843
AUSO,GSM_MOVI,2026-05,2026-05-16,11,2726,380,0.1394,2529,2724,12881,15665
AUSO,GSM_PERS,2026-05,2026-05-16,11,1523,147,0.0965,1230,1371,5066,7629
AYSE,GSM_MOVI,2026-05,2026-05-16,11,63,22,0.3492,60,63,1859,2008
DRTV,GSM_PERS,2026-05,2026-05-16,11,1300,55,0.0423,1145,1300,6166,8376
DRTW,GSM_MOVI,2026-05,2026-05-16,11,1019,42,0.0412,764,1019,3839,7626
DRTW,GSM_PERS,2026-05,2026-05-16,11,352,25,0.0710,298,352,7104,11579
FIME,GSM_MOVI,2026-05,2026-05-16,11,2151,133,0.0618,2107,2148,11522,12038
MEL0,GSM_MOVI,2026-05,2026-05-16,11,804,63,0.0784,770,804,51770,67268
MEL0,GSM_PERS,2026-05,2026-05-16,11,1676,97,0.0579,1586,1675,94617,124208
MEL0,MOVI,2026-05,2026-05-16,11,4099,232,0.0566,3974,4099,62928,84964
OEST,GSM_MOVI,2026-05,2026-05-16,11,1217,192,0.1578,1150,1217,12161,14897
REVO,GSM_MOVI,2026-05,2026-05-16,11,1191,60,0.0504,1084,1191,51794,72080
REVO,GSM_PERS,2026-05,2026-05-16,11,1790,111,0.0620,1631,1790,30479,39837
REVO,MOVI,2026-05,2026-05-16,11,841,67,0.0797,830,841,30329,40341
ADT0,GSM_MOVI,2026-05,2026-05-16,12,1164,123,0.1057,780,1151,9661,20843
AUSO,GSM_MOVI,2026-05,2026-05-16,12,1999,317,0.1586,1872,1996,12881,15665
AUSO,GSM_PERS,2026-05,2026-05-16,12,1427,128,0.0897,1141,1271,5066,7629
DRTV,GSM_PERS,2026-05,2026-05-16,12,1311,49,0.0374,1169,1311,6166,8376
DRTW,GSM_MOVI,2026-05,2026-05-16,12,119,3,0.0252,109,119,3839,7626
DRTW,GSM_PERS,2026-05,2026-05-16,12,276,16,0.0580,228,276,7104,11579
FIME,GSM_MOVI,2026-05,2026-05-16,12,2233,130,0.0582,2186,2232,11522,12038
MEL0,GSM_MOVI,2026-05,2026-05-16,12,2123,142,0.0669,2047,2123,51770,67268
MEL0,GSM_PERS,2026-05,2026-05-16,12,1758,92,0.0523,1665,1758,94617,124208
MEL0,MOVI,2026-05,2026-05-16,12,4236,316,0.0746,4111,4236,62928,84964
OEST,GSM_MOVI,2026-05,2026-05-16,12,1321,212,0.1605,1234,1321,9479,11585
REVO,GSM_MOVI,2026-05,2026-05-16,12,1130,67,0.0593,1009,1130,51794,72080
REVO,GSM_PERS,2026-05,2026-05-16,12,1847,138,0.0747,1680,1847,30479,39837
REVO,MOVI,2026-05,2026-05-16,12,876,70,0.0799,860,876,30329,40341
ADT0,GSM_MOVI,2026-05,2026-05-16,13,1286,133,0.1034,863,1265,9661,20843
ADT1,GSM_MOVI,2026-05,2026-05-16,13,411,19,0.0462,215,404,304,688
AUSO,GSM_MOVI,2026-05,2026-05-16,13,283,44,0.1555,256,282,2683,3210
AUSO,GSM_PERS,2026-05,2026-05-16,13,1195,126,0.1054,1030,1109,5066,7629
DRTV,GSM_PERS,2026-05,2026-05-16,13,1139,55,0.0483,1044,1139,6166,8376
DRTW,GSM_PERS,2026-05,2026-05-16,13,1348,55,0.0408,1094,1348,7104,11579
FIME,GSM_MOVI,2026-05,2026-05-16,13,2936,176,0.0599,2871,2936,11522,12038
MEL0,GSM_MOVI,2026-05,2026-05-16,13,2916,232,0.0796,2802,2916,51770,67268
MEL0,GSM_PERS,2026-05,2026-05-16,13,1503,86,0.0572,1434,1503,94617,124208
MEL0,MOVI,2026-05,2026-05-16,13,4298,284,0.0661,4145,4298,62928,84964
OEST,GSM_MOVI,2026-05,2026-05-16,13,1546,253,0.1636,1447,1545,9479,11585
REVO,GSM_MOVI,2026-05,2026-05-16,13,932,44,0.0472,850,932,51794,72080
REVO,GSM_PERS,2026-05,2026-05-16,13,1147,105,0.0915,1052,1147,30479,39837
REVO,MOVI,2026-05,2026-05-16,13,1243,105,0.0845,1190,1243,30329,40341
ADT0,GSM_MOVI,2026-05,2026-05-16,14,1629,153,0.0939,1018,1607,9661,20843
ADT1,GSM_MOVI,2026-05,2026-05-16,14,174,7,0.0402,115,164,304,688
AUSO,GSM_MOVI,2026-05,2026-05-16,14,275,39,0.1418,242,275,2683,3210
AUSO,GSM_PERS,2026-05,2026-05-16,14,416,35,0.0841,389,416,5066,7629
DRTV,GSM_PERS,2026-05,2026-05-16,14,462,24,0.0519,449,462,2292,2714
DRTW,GSM_PERS,2026-05,2026-05-16,14,4652,187,0.0402,3393,4652,7104,11579
FIME,GSM_MOVI,2026-05,2026-05-16,14,3497,220,0.0629,3405,3496,11522,12038
MEL0,GSM_MOVI,2026-05,2026-05-16,14,1163,129,0.1109,1068,1163,51770,67268
MEL0,GSM_PERS,2026-05,2026-05-16,14,1142,64,0.0560,1080,1142,94617,124208
MEL0,MOVI,2026-05,2026-05-16,14,3245,192,0.0592,3100,3244,62928,84964
OEST,GSM_MOVI,2026-05,2026-05-16,14,1599,235,0.1470,1510,1599,9479,11585
REVO,GSM_MOVI,2026-05,2026-05-16,14,2052,105,0.0512,1849,2052,51794,72080
REVO,MOVI,2026-05,2026-05-16,14,1393,116,0.0833,1336,1393,30329,40341
ADT0,GSM_MOVI,2026-05,2026-05-16,15,4308,427,0.0991,2522,4203,9661,20843
AUSO,GSM_MOVI,2026-05,2026-05-16,15,751,113,0.1505,655,748,2683,3210
DRTV,GSM_PERS,2026-05,2026-05-16,15,230,10,0.0435,223,230,2292,2714
DRTW,GSM_PERS,2026-05,2026-05-16,15,455,22,0.0484,429,453,7104,11579
FIME,GSM_MOVI,2026-05,2026-05-16,15,12,0,0.0000,11,12,11522,12038
MEL0,GSM_MOVI,2026-05,2026-05-16,15,1748,183,0.1047,1501,1748,51770,67268
MEL0,GSM_PERS,2026-05,2026-05-16,15,4786,239,0.0499,4470,4786,94617,124208
MEL0,MOVI,2026-05,2026-05-16,15,5480,362,0.0661,5091,5480,62928,84964
REVO,GSM_MOVI,2026-05,2026-05-16,15,29,3,0.1034,29,29,30330,41290
REVO,MOVI,2026-05,2026-05-16,15,2483,182,0.0733,2285,2483,30329,40341
ADT0,GSM_MOVI,2026-05,2026-05-16,16,4645,423,0.0911,2794,4557,9661,20843
AUSO,GSM_MOVI,2026-05,2026-05-16,16,629,110,0.1749,551,629,2683,3210
MEL0,GSM_MOVI,2026-05,2026-05-16,16,1628,174,0.1069,1416,1628,51770,67268
MEL0,GSM_PERS,2026-05,2026-05-16,16,5069,288,0.0568,4699,5069,94617,124208
MEL0,MOVI,2026-05,2026-05-16,16,5512,336,0.0610,5129,5511,62928,84964
REVO,MOVI,2026-05,2026-05-16,16,2577,174,0.0675,2407,2577,30329,40341
ADT0,GSM_MOVI,2026-05,2026-05-16,17,1144,114,0.0997,742,1123,9661,20843
AUSO,GSM_MOVI,2026-05,2026-05-16,17,147,22,0.1497,127,147,2683,3210
MEL0,GSM_MOVI,2026-05,2026-05-16,17,340,38,0.1118,304,340,51770,67268
MEL0,GSM_PERS,2026-05,2026-05-16,17,4051,238,0.0588,3776,4051,94617,124208
MEL0,MOVI,2026-05,2026-05-16,17,5676,326,0.0574,5313,5675,62928,84964
REVO,MOVI,2026-05,2026-05-16,17,2423,173,0.0714,2260,2421,30329,40341
MEL0,MOVI,2026-05,2026-05-16,18,866,71,0.0820,844,866,62928,84964
REVO,MOVI,2026-05,2026-05-16,18,302,19,0.0629,297,302,30329,40341
ADT0,GSM_MOVI,2026-05,2026-05-17,8,2524,177,0.0701,1270,2448,7923,17286
AUSO,GSM_MOVI,2026-05,2026-05-17,8,1803,103,0.0571,1156,1798,5478,9610
DRTW,GSM_PERS,2026-05,2026-05-17,8,905,8,0.0088,526,905,3733,7285
ADT0,GSM_MOVI,2026-05,2026-05-17,9,5397,390,0.0723,2709,5261,7923,17286
AUSO,GSM_MOVI,2026-05,2026-05-17,9,3584,260,0.0725,2300,3577,5478,9610
DRTW,GSM_PERS,2026-05,2026-05-17,9,3947,64,0.0162,2237,3946,3733,7285
REVO,MOVI,2026-05,2026-05-17,9,7965,544,0.0683,6761,7961,30329,40341
ADT0,GSM_MOVI,2026-05,2026-05-17,10,4764,442,0.0928,2459,4660,9661,20843
AUSO,GSM_MOVI,2026-05,2026-05-17,10,2271,208,0.0916,1527,2268,5478,9610
CVIA,GSM_PERS,2026-05,2026-05-17,10,63,2,0.0317,41,63,49,79
DRTW,GSM_PERS,2026-05,2026-05-17,10,1297,20,0.0154,765,1297,3733,7285
MEL0,GSM_MOVI,2026-05,2026-05-17,10,1966,142,0.0722,1827,1966,51770,67268
MEL0,GSM_PERS,2026-05,2026-05-17,10,1071,45,0.0420,997,1071,94617,124208
MEL0,MOVI,2026-05,2026-05-17,10,3731,201,0.0539,3563,3731,62928,84964
REVO,MOVI,2026-05,2026-05-17,10,4622,385,0.0833,4098,4622,30329,40341
ADT0,GSM_MOVI,2026-05,2026-05-17,11,4978,522,0.1049,2601,4854,9661,20843
MEL0,GSM_MOVI,2026-05,2026-05-17,11,4888,254,0.0520,4649,4887,51770,67268
MEL0,GSM_PERS,2026-05,2026-05-17,11,5080,251,0.0494,4666,5079,94617,124208
MEL0,MOVI,2026-05,2026-05-17,11,6594,387,0.0587,6201,6594,62928,84964
REVO,MOVI,2026-05,2026-05-17,11,2744,230,0.0838,2578,2744,30329,40341
ADT0,GSM_MOVI,2026-05,2026-05-17,12,2043,230,0.1126,1061,1960,1738,3557
MEL0,GSM_MOVI,2026-05,2026-05-17,12,3467,284,0.0819,2974,3467,51770,67268
MEL0,GSM_PERS,2026-05,2026-05-17,12,6298,293,0.0465,5820,6298,94617,124208
MEL0,MOVI,2026-05,2026-05-17,12,4582,223,0.0487,4350,4581,62928,84964
REVO,MOVI,2026-05,2026-05-17,12,4638,417,0.0899,4146,4638,30329,40341
MEL0,GSM_PERS,2026-05,2026-05-17,13,7835,465,0.0593,7261,7835,94617,124208
MEL0,MOVI,2026-05,2026-05-17,13,8120,399,0.0491,7461,8118,62928,84964
MEL0,MOVI,2026-05,2026-05-17,14,8152,424,0.0520,7559,8150,62928,84964
MEL0,MOVI,2026-05,2026-05-17,15,3004,159,0.0529,2848,3004,62928,84964
ADT0,GSM_MOVI,2026-05,2026-05-18,8,2330,182,0.0781,1159,2263,7923,17286
AUSO,GSM_MOVI,2026-05,2026-05-18,8,1624,225,0.1385,1231,1621,5478,9610
AYS3,GSM_MOVI,2026-05,2026-05-18,8,45,5,0.1111,28,44,3621,4268
AYS3,GSM_PERS,2026-05,2026-05-18,8,372,25,0.0672,306,305,2726,3039
AYSA,GSM_MOVI,2026-05,2026-05-18,8,115,20,0.1739,101,115,5809,7301
AYSA,GSM_PERS,2026-05,2026-05-18,8,715,81,0.1133,689,712,4063,4415
AYSE,GSM_PERS,2026-05,2026-05-18,8,1228,127,0.1034,1102,1225,10343,16254
DRTV,GSM_PERS,2026-05,2026-05-18,8,758,22,0.0290,637,758,3874,5662
DRTW,GSM_MOVI,2026-05,2026-05-18,8,15,0,0.0000,9,15,3839,7626
DRTW,GSM_PERS,2026-05,2026-05-18,8,314,6,0.0191,241,314,3733,7285
ADT0,GSM_MOVI,2026-05,2026-05-18,9,4638,554,0.1194,2779,4553,7923,17286
AUSO,GSM_MOVI,2026-05,2026-05-18,9,2194,296,0.1349,1663,2187,5478,9610
AYS3,GSM_PERS,2026-05,2026-05-18,9,588,55,0.0935,558,570,2726,3039
AYS3,MOVI,2026-05,2026-05-18,9,110,3,0.0273,73,110,606,751
AYSA,GSM_PERS,2026-05,2026-05-18,9,223,28,0.1256,214,221,4063,4415
AYSA,MOVI,2026-05,2026-05-18,9,45,1,0.0222,22,45,9893,14194
AYSC,MOVI,2026-05,2026-05-18,9,1253,109,0.0870,576,1234,593,1269
AYSE,GSM_PERS,2026-05,2026-05-18,9,2158,153,0.0709,1701,2150,10343,16254
AYSE,MOVI,2026-05,2026-05-18,9,15,0,0.0000,8,15,422,455
DRTV,GSM_PERS,2026-05,2026-05-18,9,2136,66,0.0309,1818,2136,6166,8376
DRTW,GSM_MOVI,2026-05,2026-05-18,9,3056,208,0.0681,2343,3056,8526,13767
DRTW,GSM_PERS,2026-05,2026-05-18,9,1764,43,0.0244,1216,1764,3733,7285
ADT0,GSM_MOVI,2026-05,2026-05-18,10,4548,548,0.1205,2748,4464,9661,20843
AYS3,GSM_PERS,2026-05,2026-05-18,10,435,38,0.0874,427,435,2726,3039
AYSA,GSM_PERS,2026-05,2026-05-18,10,771,77,0.0999,751,768,4063,4415
AYSE,GSM_PERS,2026-05,2026-05-18,10,1430,109,0.0762,1152,1428,10343,16254
CVIA,GSM_PERS,2026-05,2026-05-18,10,28,0,0.0000,22,28,49,79
DRTV,GSM_PERS,2026-05,2026-05-18,10,1996,74,0.0371,1726,1996,6166,8376
DRTV,MOVI,2026-05,2026-05-18,10,98,5,0.0510,98,98,7144,8574
DRTW,GSM_MOVI,2026-05,2026-05-18,10,2048,216,0.1055,1674,2047,4687,6141
DRTW,GSM_PERS,2026-05,2026-05-18,10,1608,37,0.0230,1160,1608,3733,7285
DRTW,MOVI,2026-05,2026-05-18,10,405,34,0.0840,401,405,9853,12655
FIME,GSM_MOVI,2026-05,2026-05-18,10,2727,139,0.0510,2621,2725,11522,12038
MEL0,GSM_MOVI,2026-05,2026-05-18,10,618,43,0.0696,599,618,51770,67268
MEL0,GSM_PERS,2026-05,2026-05-18,10,24,24,1.0000,24,24,94617,124208
MEL0,MOVI,2026-05,2026-05-18,10,621,160,0.2576,591,621,62928,84964
ADT0,GSM_MOVI,2026-05,2026-05-18,11,2905,385,0.1325,1830,2854,9661,20843
AYS3,GSM_PERS,2026-05,2026-05-18,11,441,39,0.0884,419,441,2726,3039
AYSA,GSM_PERS,2026-05,2026-05-18,11,33,4,0.1212,33,33,4063,4415
AYSE,GSM_PERS,2026-05,2026-05-18,11,1507,145,0.0962,1245,1505,10343,16254
AYSE,MOVI,2026-05,2026-05-18,11,6,2,0.3333,6,6,2210,2361
AYSJ,GSM_MOVI,2026-05,2026-05-18,11,576,26,0.0451,374,512,1050,1467
CVIA,GSM_PERS,2026-05,2026-05-18,11,24,3,0.1250,19,24,49,79
DRTV,GSM_PERS,2026-05,2026-05-18,11,1974,86,0.0436,1755,1974,6166,8376
DRTV,MOVI,2026-05,2026-05-18,11,144,10,0.0694,143,144,7144,8574
DRTW,GSM_MOVI,2026-05,2026-05-18,11,514,58,0.1128,432,512,4687,6141
DRTW,GSM_PERS,2026-05,2026-05-18,11,870,27,0.0310,653,870,3733,7285
DRTW,MOVI,2026-05,2026-05-18,11,347,23,0.0663,345,347,9853,12655
FIME,GSM_MOVI,2026-05,2026-05-18,11,4898,274,0.0559,4720,4895,11522,12038
MEL0,GSM_MOVI,2026-05,2026-05-18,11,1342,134,0.0999,1256,1342,51770,67268
MEL0,GSM_PERS,2026-05,2026-05-18,11,740,95,0.1284,701,740,94617,124208
MEL0,MOVI,2026-05,2026-05-18,11,279,279,1.0000,279,279,62928,84964
ADT0,GSM_MOVI,2026-05,2026-05-18,12,3210,422,0.1315,1993,3138,9661,20843
AUSO,Sin proveedor,2026-05,2026-05-18,12,2,2,1.0000,1,1,9,9
AYS3,GSM_MOVI,2026-05,2026-05-18,12,107,20,0.1869,105,106,3621,4268
AYS3,GSM_PERS,2026-05,2026-05-18,12,355,39,0.1099,346,354,2726,3039
AYSA,GSM_PERS,2026-05,2026-05-18,12,113,8,0.0708,111,113,4063,4415
AYSE,GSM_PERS,2026-05,2026-05-18,12,902,84,0.0931,773,901,10343,16254
AYSE,MOVI,2026-05,2026-05-18,12,129,20,0.1550,129,129,3455,3695
AYSJ,GSM_MOVI,2026-05,2026-05-18,12,782,39,0.0499,534,690,1050,1467
CVIA,GSM_PERS,2026-05,2026-05-18,12,10,2,0.2000,8,10,49,79
DRTV,GSM_PERS,2026-05,2026-05-18,12,1109,59,0.0532,1001,1109,6166,8376
DRTV,MOVI,2026-05,2026-05-18,12,196,21,0.1071,194,196,7144,8574
DRTW,GSM_MOVI,2026-05,2026-05-18,12,406,35,0.0862,352,406,4687,6141
DRTW,GSM_PERS,2026-05,2026-05-18,12,1559,41,0.0263,1127,1556,3733,7285
DRTW,MOVI,2026-05,2026-05-18,12,274,22,0.0803,274,274,9853,12655
DRTW,Sin proveedor,2026-05,2026-05-18,12,1,1,1.0000,1,1,3,3
FIME,GSM_MOVI,2026-05,2026-05-18,12,4234,290,0.0685,4095,4231,11522,12038
MEL0,GSM_MOVI,2026-05,2026-05-18,12,1567,132,0.0842,1474,1567,51770,67268
MEL0,GSM_PERS,2026-05,2026-05-18,12,1238,150,0.1212,1167,1238,94617,124208
MEL0,MOVI,2026-05,2026-05-18,12,284,284,1.0000,284,284,62928,84964
ADT0,GSM_MOVI,2026-05,2026-05-18,13,1083,151,0.1394,651,1056,9661,20843
ADT1,GSM_MOVI,2026-05,2026-05-18,13,351,33,0.0940,166,344,304,688
AYS3,GSM_MOVI,2026-05,2026-05-18,13,779,153,0.1964,750,776,3621,4268
AYSA,GSM_PERS,2026-05,2026-05-18,13,654,71,0.1086,634,653,4063,4415
AYSE,MOVI,2026-05,2026-05-18,13,94,23,0.2447,94,94,3455,3695
AYSJ,GSM_MOVI,2026-05,2026-05-18,13,1598,85,0.0532,848,1162,1050,1467
DRTV,MOVI,2026-05,2026-05-18,13,462,33,0.0714,459,462,7144,8574
DRTW,GSM_MOVI,2026-05,2026-05-18,13,1457,148,0.1016,1222,1457,4687,6141
DRTW,GSM_PERS,2026-05,2026-05-18,13,87,3,0.0345,72,87,3733,7285
DRTW,MOVI,2026-05,2026-05-18,13,64,3,0.0469,64,64,9853,12655
FIME,GSM_MOVI,2026-05,2026-05-18,13,198,10,0.0505,193,198,11522,12038
MEL0,GSM_MOVI,2026-05,2026-05-18,13,3048,207,0.0679,2910,3048,51770,67268
MEL0,GSM_PERS,2026-05,2026-05-18,13,489,217,0.4438,465,489,94617,124208
MEL0,MOVI,2026-05,2026-05-18,13,323,323,1.0000,321,323,62928,84964
ADT0,GSM_MOVI,2026-05,2026-05-18,14,957,139,0.1452,529,933,1738,3557
ADT1,GSM_MOVI,2026-05,2026-05-18,14,283,18,0.0636,140,279,304,688
AYS3,GSM_MOVI,2026-05,2026-05-18,14,627,113,0.1802,596,625,3621,4268
AYSA,GSM_MOVI,2026-05,2026-05-18,14,1853,261,0.1409,1751,1846,5809,7301
AYSE,GSM_MOVI,2026-05,2026-05-18,14,1411,328,0.2325,1320,1404,1757,1893
AYSE,MOVI,2026-05,2026-05-18,14,104,31,0.2981,104,104,3455,3695
DRTV,MOVI,2026-05,2026-05-18,14,474,33,0.0696,465,474,7144,8574
DRTW,MOVI,2026-05,2026-05-18,14,19,0,0.0000,19,19,9853,12655
MEL0,GSM_MOVI,2026-05,2026-05-18,14,773,81,0.1048,671,773,51770,67268
MEL0,GSM_PERS,2026-05,2026-05-18,14,347,347,1.0000,346,347,94617,124208
MEL0,MOVI,2026-05,2026-05-18,14,83,83,1.0000,83,83,62928,84964
AYSE,MOVI,2026-05,2026-05-18,15,113,29,0.2566,113,113,3455,3695
DRTV,MOVI,2026-05,2026-05-18,15,756,42,0.0556,749,756,7144,8574
DRTW,MOVI,2026-05,2026-05-18,15,67,8,0.1194,66,67,9853,12655
MEL0,GSM_PERS,2026-05,2026-05-18,15,1100,452,0.4109,1064,1100,94617,124208
MEL0,MOVI,2026-05,2026-05-18,15,544,34,0.0625,528,544,62928,84964
AYSE,MOVI,2026-05,2026-05-18,16,323,69,0.2136,323,323,3455,3695
DRTV,MOVI,2026-05,2026-05-18,16,1187,67,0.0564,1161,1187,7144,8574
DRTW,MOVI,2026-05,2026-05-18,16,265,20,0.0755,263,265,9853,12655
MEL0,GSM_PERS,2026-05,2026-05-18,16,6939,393,0.0566,6475,6938,94617,124208
MEL0,MOVI,2026-05,2026-05-18,16,3919,171,0.0436,3768,3918,62928,84964
AUSO,Sin proveedor,2026-05,2026-05-18,17,1,1,1.0000,1,1,1,1
AYSE,MOVI,2026-05,2026-05-18,17,402,88,0.2189,402,402,3455,3695
DRTV,MOVI,2026-05,2026-05-18,17,834,48,0.0576,820,834,7144,8574
DRTW,MOVI,2026-05,2026-05-18,17,115,11,0.0957,114,115,9853,12655
MEL0,GSM_PERS,2026-05,2026-05-18,17,7519,440,0.0585,7047,7517,94617,124208
MEL0,MOVI,2026-05,2026-05-18,17,3433,163,0.0475,3324,3433,62928,84964
DRTV,MOVI,2026-05,2026-05-18,18,750,43,0.0573,740,750,7144,8574
DRTW,MOVI,2026-05,2026-05-18,18,85,6,0.0706,85,85,9853,12655
MEL0,GSM_PERS,2026-05,2026-05-18,18,1653,91,0.0551,1585,1653,94617,124208
MEL0,MOVI,2026-05,2026-05-18,18,5270,248,0.0471,5018,5270,62928,84964
AUSO,Sin proveedor,2026-05,2026-05-18,19,1,1,1.0000,1,1,9,9
DRTV,MOVI,2026-05,2026-05-18,19,761,57,0.0749,747,761,7144,8574
DRTW,MOVI,2026-05,2026-05-18,19,74,3,0.0405,74,74,9853,12655
MEL0,MOVI,2026-05,2026-05-18,19,3946,212,0.0537,3811,3945,62928,84964
DRTV,MOVI,2026-05,2026-05-18,20,804,60,0.0746,793,804,7144,8574
DRTW,MOVI,2026-05,2026-05-18,20,81,8,0.0988,81,81,9853,12655
DRTV,MOVI,2026-05,2026-05-18,21,7,1,0.1429,7,7,7144,8574
ADT0,GSM_MOVI,2026-05,2026-05-19,8,544,42,0.0772,338,537,7923,17286
AUSO,GSM_MOVI,2026-05,2026-05-19,8,993,160,0.1611,854,993,12525,18423
AUSO,GSM_PERS,2026-05,2026-05-19,8,847,55,0.0649,752,845,5066,7629
AYS3,GSM_MOVI,2026-05,2026-05-19,8,3,0,0.0000,3,3,2810,3404
AYS3,GSM_PERS,2026-05,2026-05-19,8,272,20,0.0735,234,243,2726,3039
AYSA,GSM_MOVI,2026-05,2026-05-19,8,9,0,0.0000,8,9,5809,7301
AYSA,GSM_PERS,2026-05,2026-05-19,8,474,54,0.1139,459,472,4063,4415
AYSE,GSM_MOVI,2026-05,2026-05-19,8,27,9,0.3333,25,27,1671,1791
AYSE,GSM_PERS,2026-05,2026-05-19,8,773,78,0.1009,685,773,8916,14081
DRTV,GSM_MOVI,2026-05,2026-05-19,8,9,2,0.2222,9,9,3405,4266
DRTV,GSM_PERS,2026-05,2026-05-19,8,1031,29,0.0281,858,1031,3874,5662
DRTW,GSM_MOVI,2026-05,2026-05-19,8,3,0,0.0000,2,3,3839,7626
DRTW,GSM_PERS,2026-05,2026-05-19,8,346,8,0.0231,262,346,3733,7285
OEST,GSM_MOVI,2026-05,2026-05-19,8,1789,249,0.1392,1513,1789,10104,14614
ADT0,GSM_MOVI,2026-05,2026-05-19,9,276,36,0.1304,216,275,7923,17286
AUSO,GSM_MOVI,2026-05,2026-05-19,9,676,154,0.2278,631,676,16372,23025
AUSO,GSM_PERS,2026-05,2026-05-19,9,1000,75,0.0750,830,919,5066,7629
AYS3,GSM_PERS,2026-05,2026-05-19,9,234,18,0.0769,223,234,2726,3039
AYS3,MOVI,2026-05,2026-05-19,9,177,9,0.0508,101,174,606,751
AYSA,GSM_MOVI,2026-05,2026-05-19,9,1,0,0.0000,1,1,5809,7301
AYSA,GSM_PERS,2026-05,2026-05-19,9,45,5,0.1111,43,45,4063,4415
AYSA,MOVI,2026-05,2026-05-19,9,147,8,0.0544,91,147,9893,14194
AYSC,MOVI,2026-05,2026-05-19,9,1257,95,0.0756,576,1238,593,1269
AYSE,GSM_MOVI,2026-05,2026-05-19,9,4,3,0.7500,4,4,1034,1134
AYSE,GSM_PERS,2026-05,2026-05-19,9,1873,178,0.0950,1524,1866,8916,14081
DRTV,GSM_MOVI,2026-05,2026-05-19,9,65,1,0.0154,61,65,3405,4266
DRTV,GSM_PERS,2026-05,2026-05-19,9,2166,74,0.0342,1710,2166,3874,5662
DRTW,GSM_MOVI,2026-05,2026-05-19,9,23,1,0.0435,19,23,3839,7626
DRTW,GSM_PERS,2026-05,2026-05-19,9,1169,50,0.0428,875,1169,7104,11579
DRTW,MOVI,2026-05,2026-05-19,9,53,6,0.1132,53,53,9853,12655
OEST,GSM_MOVI,2026-05,2026-05-19,9,1076,164,0.1524,995,1075,13534,18668
ADT0,GSM_MOVI,2026-05,2026-05-19,10,2059,213,0.1034,1446,2024,9661,20843
AUSO,GSM_MOVI,2026-05,2026-05-19,10,3045,592,0.1944,2793,3042,16652,23360
AUSO,GSM_PERS,2026-05,2026-05-19,10,861,72,0.0836,732,807,5066,7629
AYS3,GSM_MOVI,2026-05,2026-05-19,10,42,12,0.2857,25,41,3621,4268
AYS3,GSM_PERS,2026-05,2026-05-19,10,1369,117,0.0855,1293,1367,2726,3039
AYSA,GSM_MOVI,2026-05,2026-05-19,10,102,32,0.3137,90,102,5809,7301
AYSA,GSM_PERS,2026-05,2026-05-19,10,221,25,0.1131,215,220,4063,4415
AYSE,GSM_MOVI,2026-05,2026-05-19,10,247,80,0.3239,224,247,1859,2008
AYSE,GSM_PERS,2026-05,2026-05-19,10,1471,153,0.1040,1286,1467,8916,14081
AYSE,MOVI,2026-05,2026-05-19,10,51,8,0.1569,51,51,879,933
CVIA,GSM_PERS,2026-05,2026-05-19,10,62,2,0.0323,40,62,49,79
DRTV,GSM_MOVI,2026-05,2026-05-19,10,719,62,0.0862,648,719,3405,4266
DRTV,GSM_PERS,2026-05,2026-05-19,10,1909,67,0.0351,1536,1909,3874,5662
DRTW,GSM_MOVI,2026-05,2026-05-19,10,338,14,0.0414,286,338,3839,7626
DRTW,GSM_PERS,2026-05,2026-05-19,10,975,30,0.0308,798,975,7104,11579
DRTW,MOVI,2026-05,2026-05-19,10,801,51,0.0637,789,801,9853,12655
FIME,GSM_MOVI,2026-05,2026-05-19,10,966,63,0.0652,947,966,11522,12038
MEL0,GSM_MOVI,2026-05,2026-05-19,10,264,14,0.0530,258,264,51770,67268
MEL0,MOVI,2026-05,2026-05-19,10,2181,86,0.0394,2130,2181,62928,84964
OEST,GSM_MOVI,2026-05,2026-05-19,10,2149,382,0.1778,1976,2144,13621,18773
ADT0,GSM_MOVI,2026-05,2026-05-19,11,2299,259,0.1127,1612,2253,9661,20843
AUSO,GSM_MOVI,2026-05,2026-05-19,11,3305,631,0.1909,3045,3297,16652,23360
AUSO,GSM_PERS,2026-05,2026-05-19,11,2427,182,0.0750,1732,1989,5066,7629
AYS3,GSM_PERS,2026-05,2026-05-19,11,308,27,0.0877,252,258,2726,3039
AYSA,GSM_PERS,2026-05,2026-05-19,11,676,85,0.1257,647,673,4063,4415
AYSA,MOVI,2026-05,2026-05-19,11,12,0,0.0000,12,12,9893,14194
AYSE,GSM_PERS,2026-05,2026-05-19,11,348,39,0.1121,318,347,8916,14081
AYSE,MOVI,2026-05,2026-05-19,11,151,27,0.1788,145,149,879,933
AYSJ,GSM_MOVI,2026-05,2026-05-19,11,420,29,0.0690,320,390,1050,1467
DRTV,GSM_MOVI,2026-05,2026-05-19,11,435,31,0.0713,400,435,3405,4266
DRTV,GSM_PERS,2026-05,2026-05-19,11,420,16,0.0381,389,420,3874,5662
DRTW,GSM_MOVI,2026-05,2026-05-19,11,174,4,0.0230,145,174,3839,7626
DRTW,GSM_PERS,2026-05,2026-05-19,11,1667,54,0.0324,1211,1667,7104,11579
DRTW,MOVI,2026-05,2026-05-19,11,809,67,0.0828,789,809,9853,12655
FIME,GSM_MOVI,2026-05,2026-05-19,11,1903,135,0.0709,1864,1903,11522,12038
MEL0,GSM_MOVI,2026-05,2026-05-19,11,487,26,0.0534,471,487,51770,67268
MEL0,MOVI,2026-05,2026-05-19,11,4780,188,0.0393,4633,4780,62928,84964
OEST,GSM_MOVI,2026-05,2026-05-19,11,1119,199,0.1778,1022,1119,13621,18773
REVO,Sin proveedor,2026-05,2026-05-19,11,1,1,1.0000,1,1,3,3
ADT0,GSM_MOVI,2026-05,2026-05-19,12,2374,249,0.1049,1689,2346,9661,20843
AUSO,GSM_MOVI,2026-05,2026-05-19,12,3272,686,0.2097,3034,3268,16615,23315
AUSO,GSM_PERS,2026-05,2026-05-19,12,1173,85,0.0725,1026,1172,5066,7629
AYS3,GSM_MOVI,2026-05,2026-05-19,12,18,7,0.3889,17,18,3621,4268
AYSA,GSM_PERS,2026-05,2026-05-19,12,967,82,0.0848,927,965,4063,4415
AYSA,MOVI,2026-05,2026-05-19,12,125,24,0.1920,124,125,9893,14194
AYSE,MOVI,2026-05,2026-05-19,12,4,1,0.2500,4,4,879,933
AYSJ,GSM_MOVI,2026-05,2026-05-19,12,299,6,0.0201,236,279,1050,1467
DRTV,GSM_MOVI,2026-05,2026-05-19,12,295,31,0.1051,270,295,3405,4266
DRTW,GSM_MOVI,2026-05,2026-05-19,12,138,2,0.0145,119,138,3839,7626
DRTW,GSM_PERS,2026-05,2026-05-19,12,3634,153,0.0421,2719,3632,7104,11579
DRTW,MOVI,2026-05,2026-05-19,12,801,64,0.0799,778,801,9853,12655
FIME,GSM_MOVI,2026-05,2026-05-19,12,1898,135,0.0711,1860,1897,11522,12038
MEL0,GSM_MOVI,2026-05,2026-05-19,12,724,52,0.0718,705,724,51770,67268
MEL0,MOVI,2026-05,2026-05-19,12,4313,210,0.0487,4089,4312,62928,84964
OEST,GSM_MOVI,2026-05,2026-05-19,12,1057,185,0.1750,983,1055,13621,18773
ADT0,GSM_MOVI,2026-05,2026-05-19,13,3000,376,0.1253,2155,2975,9661,20843
ADT1,GSM_MOVI,2026-05,2026-05-19,13,90,4,0.0444,53,88,304,688
AUSO,GSM_MOVI,2026-05,2026-05-19,13,2067,444,0.2148,1953,2065,16652,23360
AYS3,GSM_MOVI,2026-05,2026-05-19,13,223,42,0.1883,217,222,3621,4268
AYSA,GSM_PERS,2026-05,2026-05-19,13,127,23,0.1811,126,126,4063,4415
AYSA,MOVI,2026-05,2026-05-19,13,115,19,0.1652,114,115,9893,14194
AYSE,MOVI,2026-05,2026-05-19,13,9,0,0.0000,9,9,879,933
AYSJ,GSM_MOVI,2026-05,2026-05-19,13,369,7,0.0190,298,345,1050,1467
DRTV,GSM_MOVI,2026-05,2026-05-19,13,367,38,0.1035,328,367,3405,4266
DRTW,GSM_MOVI,2026-05,2026-05-19,13,160,10,0.0625,131,160,3839,7626
DRTW,GSM_PERS,2026-05,2026-05-19,13,2425,109,0.0449,1911,2425,7104,11579
DRTW,MOVI,2026-05,2026-05-19,13,805,54,0.0671,796,805,9853,12655
FIME,GSM_MOVI,2026-05,2026-05-19,13,2173,157,0.0723,2122,2172,11522,12038
MEL0,GSM_MOVI,2026-05,2026-05-19,13,895,68,0.0760,870,895,51770,67268
MEL0,MOVI,2026-05,2026-05-19,13,4410,303,0.0687,4217,4410,62928,84964
OEST,GSM_MOVI,2026-05,2026-05-19,13,1111,200,0.1800,1041,1109,13621,18773
ADT0,GSM_MOVI,2026-05,2026-05-19,14,3560,395,0.1110,2526,3508,9661,20843
ADT1,GSM_MOVI,2026-05,2026-05-19,14,170,6,0.0353,101,169,304,688
AUSO,GSM_MOVI,2026-05,2026-05-19,14,694,137,0.1974,649,694,4127,4937
AYS3,GSM_MOVI,2026-05,2026-05-19,14,255,42,0.1647,245,253,3621,4268
AYSA,MOVI,2026-05,2026-05-19,14,88,11,0.1250,88,88,9893,14194
AYSJ,GSM_MOVI,2026-05,2026-05-19,14,506,14,0.0277,398,476,1050,1467
DRTV,GSM_MOVI,2026-05,2026-05-19,14,421,27,0.0641,373,421,3405,4266
DRTW,GSM_MOVI,2026-05,2026-05-19,14,122,3,0.0246,109,122,3839,7626
DRTW,MOVI,2026-05,2026-05-19,14,833,57,0.0684,810,833,9853,12655
FIME,GSM_MOVI,2026-05,2026-05-19,14,2471,161,0.0652,2426,2471,11522,12038
MEL0,GSM_MOVI,2026-05,2026-05-19,14,1232,95,0.0771,1179,1232,51770,67268
MEL0,MOVI,2026-05,2026-05-19,14,3986,288,0.0723,3801,3986,62928,84964
OEST,GSM_MOVI,2026-05,2026-05-19,14,1452,274,0.1887,1366,1452,13621,18773
ADT0,GSM_MOVI,2026-05,2026-05-19,15,2542,289,0.1137,1933,2512,9661,20843
ADT1,GSM_MOVI,2026-05,2026-05-19,15,330,14,0.0424,186,321,304,688
AUSO,GSM_MOVI,2026-05,2026-05-19,15,537,111,0.2067,505,537,4127,4937
AYS3,GSM_MOVI,2026-05,2026-05-19,15,264,45,0.1705,257,263,3621,4268
AYSA,MOVI,2026-05,2026-05-19,15,162,16,0.0988,161,162,9893,14194
AYSE,MOVI,2026-05,2026-05-19,15,6,1,0.1667,6,6,879,933
AYSJ,GSM_MOVI,2026-05,2026-05-19,15,365,24,0.0658,293,346,1050,1467
DRTV,GSM_MOVI,2026-05,2026-05-19,15,406,39,0.0961,367,406,3405,4266
DRTW,GSM_MOVI,2026-05,2026-05-19,15,482,22,0.0456,395,482,3839,7626
DRTW,MOVI,2026-05,2026-05-19,15,799,66,0.0826,781,799,9853,12655
DRTW,Sin proveedor,2026-05,2026-05-19,15,1,1,1.0000,1,1,4,4
FIME,GSM_MOVI,2026-05,2026-05-19,15,1935,109,0.0563,1899,1931,11522,12038
MEL0,GSM_MOVI,2026-05,2026-05-19,15,977,69,0.0706,946,977,51770,67268
MEL0,MOVI,2026-05,2026-05-19,15,2505,157,0.0627,2436,2505,62928,84964
OEST,GSM_MOVI,2026-05,2026-05-19,15,1247,206,0.1652,1183,1245,13588,18733
ADT0,GSM_MOVI,2026-05,2026-05-19,16,1862,206,0.1106,1383,1849,9661,20843
AUSO,GSM_MOVI,2026-05,2026-05-19,16,1075,186,0.1730,986,1074,4127,4937
AYS3,GSM_MOVI,2026-05,2026-05-19,16,641,105,0.1638,621,639,3621,4268
AYSA,MOVI,2026-05,2026-05-19,16,11,1,0.0909,11,11,9893,14194
AYSJ,GSM_MOVI,2026-05,2026-05-19,16,760,40,0.0526,539,658,1050,1467
DRTV,GSM_MOVI,2026-05,2026-05-19,16,1273,106,0.0833,1127,1273,3405,4266
DRTW,MOVI,2026-05,2026-05-19,16,1292,83,0.0642,1246,1292,9853,12655
FIME,GSM_MOVI,2026-05,2026-05-19,16,711,49,0.0689,704,711,11522,12038
MEL0,GSM_MOVI,2026-05,2026-05-19,16,1739,124,0.0713,1668,1739,51770,67268
MEL0,MOVI,2026-05,2026-05-19,16,1810,117,0.0646,1782,1810,62928,84964
OEST,GSM_MOVI,2026-05,2026-05-19,16,862,157,0.1821,812,861,13437,18529
ADT0,GSM_MOVI,2026-05,2026-05-19,17,388,43,0.1108,258,385,1738,3557
AYS3,GSM_MOVI,2026-05,2026-05-19,17,106,25,0.2358,102,106,3621,4268
AYSJ,GSM_MOVI,2026-05,2026-05-19,17,237,14,0.0591,190,237,1050,1467
DRPW,GSM_MOVI,2026-05,2026-05-19,17,2200,152,0.0691,1199,2200,6180,11733
DRTW,MOVI,2026-05,2026-05-19,17,792,59,0.0745,774,792,9853,12655
MEL0,GSM_MOVI,2026-05,2026-05-19,17,615,45,0.0732,595,615,51770,67268
MEL0,MOVI,2026-05,2026-05-19,17,1818,174,0.0957,1643,1818,62928,84964
DRPW,GSM_MOVI,2026-05,2026-05-19,18,9506,702,0.0738,5076,9493,6180,11733
DRTW,MOVI,2026-05,2026-05-19,18,769,60,0.0780,755,769,9853,12655
MEL0,MOVI,2026-05,2026-05-19,18,115,21,0.1826,114,115,62928,84964
DRTW,MOVI,2026-05,2026-05-19,19,816,57,0.0699,800,816,9853,12655
REVO,Sin proveedor,2026-05,2026-05-19,19,1,1,1.0000,1,1,1,1
DRTW,MOVI,2026-05,2026-05-19,20,835,65,0.0778,819,835,9853,12655
DRTW,MOVI,2026-05,2026-05-19,21,4,1,0.2500,4,4,7532,9635
ADT0,GSM_MOVI,2026-05,2026-05-20,8,1644,146,0.0888,905,1600,7923,17286
AUSO,GSM_MOVI,2026-05,2026-05-20,8,1160,219,0.1888,918,1158,5478,9610
AYS3,GSM_PERS,2026-05,2026-05-20,8,85,10,0.1176,72,79,2726,3039
AYSA,GSM_PERS,2026-05,2026-05-20,8,139,26,0.1871,134,139,4063,4415
AYSE,GSM_MOVI,2026-05,2026-05-20,8,261,76,0.2912,239,260,1855,1995
AYSE,GSM_PERS,2026-05,2026-05-20,8,516,59,0.1143,436,515,8916,14081
DRPW,GSM_MOVI,2026-05,2026-05-20,8,1816,91,0.0501,1141,1816,6180,11733
DRTV,GSM_PERS,2026-05,2026-05-20,8,671,12,0.0179,478,671,3874,5662
DRTW,GSM_MOVI,2026-05,2026-05-20,8,12,0,0.0000,9,12,3839,7626
DRTW,GSM_PERS,2026-05,2026-05-20,8,142,3,0.0211,96,142,3733,7285
ADT0,GSM_MOVI,2026-05,2026-05-20,9,2113,234,0.1107,1221,2069,7923,17286
AUSO,GSM_MOVI,2026-05,2026-05-20,9,1917,393,0.2050,1531,1914,5478,9610
AYS3,GSM_PERS,2026-05,2026-05-20,9,147,10,0.0680,141,145,2726,3039
AYS3,MOVI,2026-05,2026-05-20,9,360,21,0.0583,281,349,5682,8809
AYSA,GSM_PERS,2026-05,2026-05-20,9,68,6,0.0882,67,68,4063,4415
AYSA,MOVI,2026-05,2026-05-20,9,201,18,0.0896,130,201,9893,14194
AYSC,MOVI,2026-05,2026-05-20,9,1217,89,0.0731,566,1198,593,1269
AYSE,GSM_PERS,2026-05,2026-05-20,9,1652,199,0.1205,1395,1649,8916,14081
AYSE,MOVI,2026-05,2026-05-20,9,17,3,0.1765,10,17,1226,1304
DRPW,GSM_MOVI,2026-05,2026-05-20,9,4673,246,0.0526,2878,4666,6180,11733
DRTV,GSM_PERS,2026-05,2026-05-20,9,2473,88,0.0356,1979,2473,6166,8376
DRTW,GSM_MOVI,2026-05,2026-05-20,9,1510,64,0.0424,1207,1510,8526,13767
DRTW,GSM_PERS,2026-05,2026-05-20,9,533,7,0.0131,389,533,3733,7285
DRTW,MOVI,2026-05,2026-05-20,9,804,51,0.0634,789,804,9853,12655
ADT0,GSM_MOVI,2026-05,2026-05-20,10,1626,181,0.1113,1025,1617,9661,20843
AUSO,GSM_MOVI,2026-05,2026-05-20,10,535,124,0.2318,454,535,5478,9610
AYS3,GSM_PERS,2026-05,2026-05-20,10,212,21,0.0991,199,210,2726,3039
AYS3,MOVI,2026-05,2026-05-20,10,201,3,0.0149,193,190,5682,8809
AYSA,GSM_PERS,2026-05,2026-05-20,10,173,20,0.1156,165,173,4063,4415
AYSA,MOVI,2026-05,2026-05-20,10,7,1,0.1429,7,7,9893,14194
AYSC,MOVI,2026-05,2026-05-20,10,44,6,0.1364,44,44,593,1269
AYSE,GSM_PERS,2026-05,2026-05-20,10,1581,178,0.1126,1308,1576,8916,14081
AYSE,MOVI,2026-05,2026-05-20,10,1,1,1.0000,1,1,260,274
CVIA,GSM_PERS,2026-05,2026-05-20,10,61,1,0.0164,39,61,49,79
DRPW,GSM_MOVI,2026-05,2026-05-20,10,3448,221,0.0641,2301,3444,6180,11733
DRTV,GSM_PERS,2026-05,2026-05-20,10,2780,107,0.0385,2177,2780,6166,8376
DRTV,MOVI,2026-05,2026-05-20,10,473,33,0.0698,470,473,7144,8574
DRTW,GSM_MOVI,2026-05,2026-05-20,10,1383,71,0.0513,1183,1383,8526,13767
DRTW,GSM_PERS,2026-05,2026-05-20,10,615,20,0.0325,417,615,3733,7285
DRTW,MOVI,2026-05,2026-05-20,10,957,75,0.0784,926,939,9853,12655
FIME,GSM_MOVI,2026-05,2026-05-20,10,2286,141,0.0617,2217,2286,11522,12038
MEL0,GSM_MOVI,2026-05,2026-05-20,10,338,34,0.1006,328,338,51770,67268
MEL0,GSM_PERS,2026-05,2026-05-20,10,393,21,0.0534,369,393,94617,124208
MEL0,MOVI,2026-05,2026-05-20,10,1603,94,0.0586,1576,1603,62928,84964
REVO,Sin proveedor,2026-05,2026-05-20,10,1,1,1.0000,1,1,3,3
ADT0,GSM_MOVI,2026-05,2026-05-20,11,1167,153,0.1311,753,1159,9661,20843
AYS3,GSM_PERS,2026-05,2026-05-20,11,126,11,0.0873,119,126,2726,3039
AYSA,GSM_PERS,2026-05,2026-05-20,11,116,15,0.1293,111,115,4063,4415
DRPW,GSM_MOVI,2026-05,2026-05-20,11,1769,114,0.0644,1278,1769,6180,11733
DRTV,GSM_PERS,2026-05,2026-05-20,11,121,6,0.0496,108,121,2292,2714
DRTV,MOVI,2026-05,2026-05-20,11,645,51,0.0791,629,645,7144,8574
DRTW,GSM_MOVI,2026-05,2026-05-20,11,1514,69,0.0456,1269,1514,4687,6141
DRTW,GSM_PERS,2026-05,2026-05-20,11,414,9,0.0217,252,414,3733,7285
DRTW,MOVI,2026-05,2026-05-20,11,986,77,0.0781,953,983,9853,12655
FIME,GSM_MOVI,2026-05,2026-05-20,11,3664,230,0.0628,3543,3662,11522,12038
MEL0,GSM_MOVI,2026-05,2026-05-20,11,1050,80,0.0762,992,1050,51770,67268
MEL0,GSM_PERS,2026-05,2026-05-20,11,3843,206,0.0536,3480,3842,94617,124208
MEL0,MOVI,2026-05,2026-05-20,11,3435,195,0.0568,3358,3435,62928,84964
ADT0,GSM_MOVI,2026-05,2026-05-20,12,1756,205,0.1167,1165,1732,9661,20843
AYS3,GSM_MOVI,2026-05,2026-05-20,12,99,17,0.1717,98,99,3621,4268
AYS3,GSM_PERS,2026-05,2026-05-20,12,871,100,0.1148,767,806,2726,3039
AYS3,MOVI,2026-05,2026-05-20,12,752,55,0.0731,544,559,5589,8645
AYSA,GSM_PERS,2026-05,2026-05-20,12,740,102,0.1378,719,735,4063,4415
DRTV,GSM_PERS,2026-05,2026-05-20,12,136,7,0.0515,127,136,2292,2714
DRTV,MOVI,2026-05,2026-05-20,12,652,36,0.0552,644,652,7144,8574
DRTW,GSM_MOVI,2026-05,2026-05-20,12,1562,119,0.0762,1330,1561,4687,6141
DRTW,GSM_PERS,2026-05,2026-05-20,12,300,9,0.0300,189,300,3733,7285
DRTW,MOVI,2026-05,2026-05-20,12,1026,78,0.0760,993,1017,9853,12655
FIME,GSM_MOVI,2026-05,2026-05-20,12,4340,255,0.0588,4206,4336,11522,12038
MEL0,GSM_MOVI,2026-05,2026-05-20,12,1518,116,0.0764,1418,1518,51770,67268
MEL0,GSM_PERS,2026-05,2026-05-20,12,1612,127,0.0788,1487,1612,94617,124208
MEL0,MOVI,2026-05,2026-05-20,12,3397,199,0.0586,3309,3397,62928,84964
ADT0,GSM_MOVI,2026-05,2026-05-20,13,2878,440,0.1529,1971,2810,9661,20843
ADT1,GSM_MOVI,2026-05,2026-05-20,13,392,24,0.0612,214,378,304,688
AYS3,GSM_MOVI,2026-05,2026-05-20,13,793,139,0.1753,761,789,3621,4268
AYS3,GSM_PERS,2026-05,2026-05-20,13,728,65,0.0893,702,726,2726,3039
AYS3,MOVI,2026-05,2026-05-20,13,310,17,0.0548,275,271,5589,8645
AYSA,GSM_PERS,2026-05,2026-05-20,13,1190,126,0.1059,1143,1186,4063,4415
DRTV,GSM_PERS,2026-05,2026-05-20,13,370,25,0.0676,340,370,2292,2714
DRTV,MOVI,2026-05,2026-05-20,13,583,42,0.0720,576,583,7144,8574
DRTW,GSM_MOVI,2026-05,2026-05-20,13,480,31,0.0646,440,480,4687,6141
DRTW,GSM_PERS,2026-05,2026-05-20,13,773,15,0.0194,525,773,3733,7285
DRTW,MOVI,2026-05,2026-05-20,13,1051,76,0.0723,1022,1042,9853,12655
FIME,GSM_MOVI,2026-05,2026-05-20,13,1573,113,0.0718,1542,1573,11522,12038
MEL0,GSM_MOVI,2026-05,2026-05-20,13,3011,250,0.0830,2913,3011,51770,67268
MEL0,GSM_PERS,2026-05,2026-05-20,13,3387,226,0.0667,3212,3387,94617,124208
MEL0,MOVI,2026-05,2026-05-20,13,4059,250,0.0616,3906,4059,62928,84964
ADT0,GSM_MOVI,2026-05,2026-05-20,14,4000,373,0.0933,2460,3931,7923,17286
ADT1,GSM_MOVI,2026-05,2026-05-20,14,228,11,0.0482,144,226,304,688
AYS3,GSM_MOVI,2026-05,2026-05-20,14,602,106,0.1761,586,601,3621,4268
DRTV,GSM_PERS,2026-05,2026-05-20,14,1386,68,0.0491,1218,1386,2292,2714
DRTV,MOVI,2026-05,2026-05-20,14,606,40,0.0660,599,606,7144,8574
DRTW,GSM_MOVI,2026-05,2026-05-20,14,63,2,0.0317,62,63,4687,6141
DRTW,GSM_PERS,2026-05,2026-05-20,14,1394,36,0.0258,975,1394,3733,7285
DRTW,MOVI,2026-05,2026-05-20,14,1030,66,0.0641,1004,1019,9853,12655
FIME,GSM_MOVI,2026-05,2026-05-20,14,194,9,0.0464,194,194,11522,12038
MEL0,GSM_MOVI,2026-05,2026-05-20,14,2364,208,0.0880,2125,2364,51770,67268
MEL0,GSM_PERS,2026-05,2026-05-20,14,3903,278,0.0712,3659,3903,94617,124208
MEL0,MOVI,2026-05,2026-05-20,14,4248,277,0.0652,4082,4248,62928,84964
DRTV,MOVI,2026-05,2026-05-20,15,484,43,0.0888,480,484,7144,8574
DRTW,GSM_PERS,2026-05,2026-05-20,15,1911,37,0.0194,1312,1908,3733,7285
DRTW,MOVI,2026-05,2026-05-20,15,1134,84,0.0741,1078,1105,9853,12655
MEL0,GSM_PERS,2026-05,2026-05-20,15,5395,344,0.0638,5049,5395,94617,124208
MEL0,MOVI,2026-05,2026-05-20,15,3830,202,0.0527,3720,3830,62928,84964
DRTW,MOVI,2026-05,2026-05-20,16,1611,84,0.0521,1521,1572,9853,12655
MEL0,GSM_PERS,2026-05,2026-05-20,16,2469,161,0.0652,2340,2469,94617,124208
DRTV,MOVI,2026-05,2026-05-20,17,305,23,0.0754,304,305,7144,8574
DRTW,MOVI,2026-05,2026-05-20,17,1306,86,0.0658,1280,1306,9853,12655
REVO,Sin proveedor,2026-05,2026-05-20,17,1,1,1.0000,1,1,3,3
DRTV,MOVI,2026-05,2026-05-20,18,853,66,0.0774,841,853,7144,8574
DRTW,MOVI,2026-05,2026-05-20,18,818,65,0.0795,804,818,9853,12655
DRTV,MOVI,2026-05,2026-05-20,19,837,40,0.0478,819,837,7144,8574
DRTW,MOVI,2026-05,2026-05-20,19,854,70,0.0820,839,854,9853,12655
DRTV,MOVI,2026-05,2026-05-20,20,845,66,0.0781,833,845,7144,8574
DRTW,MOVI,2026-05,2026-05-20,20,829,62,0.0748,812,829,9853,12655
DRTV,MOVI,2026-05,2026-05-20,21,5,1,0.2000,5,5,3062,3649
DRTW,MOVI,2026-05,2026-05-20,21,5,1,0.2000,5,5,9853,12655
ADT0,GSM_MOVI,2026-05,2026-05-21,8,116,30,0.2586,82,116,7923,17286
AUSO,GSM_MOVI,2026-05,2026-05-21,8,415,38,0.0916,366,415,12525,18423
AYS3,GSM_PERS,2026-05,2026-05-21,8,587,43,0.0733,510,532,2726,3039
AYSA,GSM_PERS,2026-05,2026-05-21,8,601,66,0.1098,577,599,4063,4415
AYSE,GSM_MOVI,2026-05,2026-05-21,8,208,61,0.2933,190,207,1855,1995
AYSE,GSM_PERS,2026-05,2026-05-21,8,1822,172,0.0944,1507,1817,8916,14081
DRPW,GSM_MOVI,2026-05,2026-05-21,8,377,12,0.0318,229,377,6180,11733
DRTV,GSM_MOVI,2026-05,2026-05-21,8,19,2,0.1053,16,19,3405,4266
OEST,GSM_MOVI,2026-05,2026-05-21,8,1427,170,0.1191,1202,1417,10104,14614
ADT0,GSM_MOVI,2026-05,2026-05-21,9,226,72,0.3186,168,224,7923,17286
AUSO,GSM_MOVI,2026-05,2026-05-21,9,737,85,0.1153,671,737,12525,18423
AUSO,Sin proveedor,2026-05,2026-05-21,9,1,1,1.0000,1,1,9,9
AYS3,GSM_PERS,2026-05,2026-05-21,9,422,31,0.0735,386,392,2726,3039
AYS3,MOVI,2026-05,2026-05-21,9,199,32,0.1608,121,196,5682,8809
AYSA,GSM_PERS,2026-05,2026-05-21,9,303,41,0.1353,294,302,4063,4415
AYSA,MOVI,2026-05,2026-05-21,9,226,39,0.1726,151,226,9893,14194
AYSC,MOVI,2026-05,2026-05-21,9,1261,93,0.0738,578,1242,593,1269
AYSE,GSM_MOVI,2026-05,2026-05-21,9,45,16,0.3556,42,45,1855,1995
AYSE,GSM_PERS,2026-05,2026-05-21,9,1682,165,0.0981,1377,1676,8916,14081
AYSE,MOVI,2026-05,2026-05-21,9,27,11,0.4074,19,27,2999,3221
DRPW,GSM_MOVI,2026-05,2026-05-21,9,912,36,0.0395,605,912,6180,11733
DRTV,GSM_MOVI,2026-05,2026-05-21,9,208,6,0.0288,191,208,3405,4266
DRTW,GSM_PERS,2026-05,2026-05-21,9,33,33,1.0000,32,33,7104,11579
OEST,GSM_MOVI,2026-05,2026-05-21,9,2743,337,0.1229,2380,2739,10104,14614
ADT0,GSM_MOVI,2026-05,2026-05-21,10,228,95,0.4167,182,227,7923,17286
AUSO,GSM_MOVI,2026-05,2026-05-21,10,704,86,0.1222,640,704,12525,18423
AYS3,GSM_PERS,2026-05,2026-05-21,10,1160,125,0.1078,1099,1158,2726,3039
AYS3,MOVI,2026-05,2026-05-21,10,47,47,1.0000,47,47,5589,8645
AYSA,GSM_PERS,2026-05,2026-05-21,10,1209,113,0.0935,1165,1204,4063,4415
AYSA,MOVI,2026-05,2026-05-21,10,51,51,1.0000,51,51,9893,14194
AYSE,MOVI,2026-05,2026-05-21,10,17,17,1.0000,16,17,3036,3259
CVIA,GSM_PERS,2026-05,2026-05-21,10,61,5,0.0820,39,61,49,79
DRPW,GSM_MOVI,2026-05,2026-05-21,10,1043,54,0.0518,758,1043,6180,11733
DRTV,GSM_MOVI,2026-05,2026-05-21,10,261,16,0.0613,235,261,3405,4266
DRTW,GSM_PERS,2026-05,2026-05-21,10,151,151,1.0000,149,150,7104,11579
DRTW,MOVI,2026-05,2026-05-21,10,1095,57,0.0521,1068,1095,9853,12655
FIME,GSM_MOVI,2026-05,2026-05-21,10,1332,71,0.0533,1295,1332,11522,12038
MEL0,GSM_MOVI,2026-05,2026-05-21,10,34,2,0.0588,33,34,51770,67268
MEL0,GSM_PERS,2026-05,2026-05-21,10,1,1,1.0000,1,1,67593,90996
MEL0,MOVI,2026-05,2026-05-21,10,2287,130,0.0568,2191,2287,62928,84964
OEST,GSM_MOVI,2026-05,2026-05-21,10,1577,230,0.1458,1432,1576,10104,14614
ADT0,GSM_MOVI,2026-05,2026-05-21,11,542,154,0.2841,447,536,9661,20843
AUSO,GSM_MOVI,2026-05,2026-05-21,11,831,92,0.1107,768,831,12525,18423
AYS3,MOVI,2026-05,2026-05-21,11,31,31,1.0000,31,31,5589,8645
AYSA,GSM_PERS,2026-05,2026-05-21,11,312,28,0.0897,306,312,4063,4415
AYSA,MOVI,2026-05,2026-05-21,11,58,58,1.0000,58,58,9893,14194
AYSE,MOVI,2026-05,2026-05-21,11,22,22,1.0000,21,22,3655,3918
DRPW,GSM_MOVI,2026-05,2026-05-21,11,1095,50,0.0457,798,1095,6180,11733
DRTV,GSM_MOVI,2026-05,2026-05-21,11,168,15,0.0893,157,168,3405,4266
DRTW,GSM_PERS,2026-05,2026-05-21,11,84,84,1.0000,84,84,7104,11579
DRTW,MOVI,2026-05,2026-05-21,11,1645,90,0.0547,1582,1645,9853,12655
FIME,GSM_MOVI,2026-05,2026-05-21,11,2610,145,0.0556,2548,2610,11522,12038
MEL0,GSM_MOVI,2026-05,2026-05-21,11,1012,94,0.0929,964,1012,51770,67268
MEL0,GSM_PERS,2026-05,2026-05-21,11,138,138,1.0000,138,138,94617,124208
MEL0,MOVI,2026-05,2026-05-21,11,3320,252,0.0759,3142,3320,62928,84964
OEST,GSM_MOVI,2026-05,2026-05-21,11,452,70,0.1549,429,450,10104,14614
ADT0,GSM_MOVI,2026-05,2026-05-21,12,865,235,0.2717,670,844,9661,20843
AUSO,GSM_MOVI,2026-05,2026-05-21,12,1014,138,0.1361,950,1013,12525,18423
AYS3,GSM_MOVI,2026-05,2026-05-21,12,32,5,0.1563,31,32,3621,4268
AYS3,MOVI,2026-05,2026-05-21,12,103,22,0.2136,103,102,5589,8645
AYSA,MOVI,2026-05,2026-05-21,12,116,29,0.2500,116,116,9893,14194
AYSE,MOVI,2026-05,2026-05-21,12,27,9,0.3333,27,27,2689,2888
DRPW,GSM_MOVI,2026-05,2026-05-21,12,1367,83,0.0607,1012,1367,6180,11733
DRTV,GSM_MOVI,2026-05,2026-05-21,12,268,19,0.0709,237,268,3405,4266
DRTW,MOVI,2026-05,2026-05-21,12,1582,103,0.0651,1524,1582,9853,12655
FIME,GSM_MOVI,2026-05,2026-05-21,12,3422,214,0.0625,3345,3422,11522,12038
MEL0,GSM_MOVI,2026-05,2026-05-21,12,867,78,0.0900,822,867,51770,67268
MEL0,GSM_PERS,2026-05,2026-05-21,12,388,388,1.0000,385,388,94617,124208
MEL0,MOVI,2026-05,2026-05-21,12,2783,242,0.0870,2674,2783,62928,84964
OEST,GSM_MOVI,2026-05,2026-05-21,12,562,93,0.1655,532,560,10104,14614
ADT0,GSM_MOVI,2026-05,2026-05-21,13,215,65,0.3023,163,213,7923,17286
ADT1,GSM_MOVI,2026-05,2026-05-21,13,611,26,0.0426,274,584,304,688
AUSO,GSM_MOVI,2026-05,2026-05-21,13,1044,157,0.1504,971,1043,12525,18423
AYS3,GSM_MOVI,2026-05,2026-05-21,13,103,14,0.1359,101,103,3621,4268
AYS3,MOVI,2026-05,2026-05-21,13,199,14,0.0704,198,197,5589,8645
AYSA,MOVI,2026-05,2026-05-21,13,205,22,0.1073,201,205,9893,14194
AYSE,MOVI,2026-05,2026-05-21,13,54,9,0.1667,53,54,3655,3918
DRPW,GSM_MOVI,2026-05,2026-05-21,13,1442,73,0.0506,1075,1442,6180,11733
DRTV,GSM_MOVI,2026-05,2026-05-21,13,285,14,0.0491,256,285,3405,4266
DRTW,GSM_PERS,2026-05,2026-05-21,13,937,44,0.0470,806,937,7104,11579
DRTW,MOVI,2026-05,2026-05-21,13,1703,89,0.0523,1640,1703,9853,12655
FIME,GSM_MOVI,2026-05,2026-05-21,13,3443,204,0.0593,3371,3439,11522,12038
MEL0,GSM_MOVI,2026-05,2026-05-21,13,510,40,0.0784,484,510,51770,67268
MEL0,GSM_PERS,2026-05,2026-05-21,13,320,320,1.0000,318,320,94617,124208
MEL0,MOVI,2026-05,2026-05-21,13,2409,283,0.1175,2269,2409,62928,84964
OEST,GSM_MOVI,2026-05,2026-05-21,13,601,119,0.1980,561,601,10104,14614
ADT0,GSM_MOVI,2026-05,2026-05-21,14,266,80,0.3008,186,266,7923,17286
AUSO,GSM_MOVI,2026-05,2026-05-21,14,1601,228,0.1424,1461,1599,12525,18423
AYS3,GSM_MOVI,2026-05,2026-05-21,14,208,42,0.2019,199,206,3621,4268
AYS3,MOVI,2026-05,2026-05-21,14,182,14,0.0769,181,177,5589,8645
AYSA,MOVI,2026-05,2026-05-21,14,216,31,0.1435,214,216,9893,14194
AYSE,MOVI,2026-05,2026-05-21,14,46,6,0.1304,46,46,3655,3918
DRPW,GSM_MOVI,2026-05,2026-05-21,14,2271,122,0.0537,1583,2270,6180,11733
DRTV,GSM_MOVI,2026-05,2026-05-21,14,372,22,0.0591,326,372,3405,4266
DRTW,GSM_PERS,2026-05,2026-05-21,14,3420,142,0.0415,2882,3419,7104,11579
DRTW,MOVI,2026-05,2026-05-21,14,1588,109,0.0686,1531,1588,9853,12655
FIME,GSM_MOVI,2026-05,2026-05-21,14,1250,85,0.0680,1235,1250,11522,12038
MEL0,GSM_MOVI,2026-05,2026-05-21,14,722,39,0.0540,688,722,51770,67268
MEL0,GSM_PERS,2026-05,2026-05-21,14,107,107,1.0000,107,107,94617,124208
MEL0,MOVI,2026-05,2026-05-21,14,1472,150,0.1019,1418,1472,62928,84964
OEST,GSM_MOVI,2026-05,2026-05-21,14,222,31,0.1396,209,222,10104,14614
ADT0,GSM_MOVI,2026-05,2026-05-21,15,960,296,0.3083,705,948,7923,17286
AUSO,GSM_MOVI,2026-05,2026-05-21,15,1161,146,0.1258,1084,1161,12525,18423
AUSO,Sin proveedor,2026-05,2026-05-21,15,1,1,1.0000,1,1,4,4
AYS3,GSM_MOVI,2026-05,2026-05-21,15,449,80,0.1782,443,447,3621,4268
AYS3,MOVI,2026-05,2026-05-21,15,227,16,0.0705,224,219,5589,8645
AYSA,MOVI,2026-05,2026-05-21,15,239,24,0.1004,236,238,9893,14194
AYSE,MOVI,2026-05,2026-05-21,15,56,6,0.1071,56,56,3655,3918
DRPW,GSM_MOVI,2026-05,2026-05-21,15,1453,82,0.0564,1120,1453,6180,11733
DRTV,GSM_MOVI,2026-05,2026-05-21,15,588,32,0.0544,539,588,3405,4266
DRTW,GSM_PERS,2026-05,2026-05-21,15,984,45,0.0457,855,984,7104,11579
DRTW,MOVI,2026-05,2026-05-21,15,1639,89,0.0543,1578,1638,9853,12655
MEL0,GSM_MOVI,2026-05,2026-05-21,15,1495,90,0.0602,1404,1495,51770,67268
MEL0,GSM_PERS,2026-05,2026-05-21,15,5297,248,0.0468,4908,5297,94617,124208
MEL0,MOVI,2026-05,2026-05-21,15,4565,146,0.0320,4288,4565,62928,84964
ADT0,GSM_MOVI,2026-05,2026-05-21,16,799,285,0.3567,632,797,7923,17286
AUSO,GSM_MOVI,2026-05,2026-05-21,16,901,134,0.1487,857,900,12525,18423
AYS3,GSM_MOVI,2026-05,2026-05-21,16,458,78,0.1703,446,458,3621,4268
AYS3,MOVI,2026-05,2026-05-21,16,31,4,0.1290,31,31,5589,8645
AYSA,MOVI,2026-05,2026-05-21,16,44,3,0.0682,44,44,9893,14194
AYSE,MOVI,2026-05,2026-05-21,16,11,1,0.0909,11,11,3289,3517
DRPW,GSM_MOVI,2026-05,2026-05-21,16,1259,76,0.0604,982,1259,6180,11733
DRTV,GSM_MOVI,2026-05,2026-05-21,16,1000,73,0.0730,904,1000,3405,4266
DRTW,MOVI,2026-05,2026-05-21,16,1655,109,0.0659,1596,1655,9853,12655
DRTW,Sin proveedor,2026-05,2026-05-21,16,1,1,1.0000,1,1,4,4
MEL0,GSM_MOVI,2026-05,2026-05-21,16,1905,123,0.0646,1820,1905,51770,67268
MEL0,GSM_PERS,2026-05,2026-05-21,16,6676,301,0.0451,6185,6675,94617,124208
MEL0,MOVI,2026-05,2026-05-21,16,3690,121,0.0328,3492,3690,62928,84964
ADT0,GSM_MOVI,2026-05,2026-05-21,17,232,94,0.4052,204,232,7923,17286
AUSO,GSM_MOVI,2026-05,2026-05-21,17,323,53,0.1641,314,323,12525,18423
AYS3,GSM_MOVI,2026-05,2026-05-21,17,246,41,0.1667,240,246,3621,4268
DRPW,GSM_MOVI,2026-05,2026-05-21,17,443,20,0.0451,383,443,6180,11733
DRTV,GSM_MOVI,2026-05,2026-05-21,17,503,39,0.0775,458,503,3405,4266
DRTW,MOVI,2026-05,2026-05-21,17,725,47,0.0648,712,725,9853,12655
MEL0,GSM_MOVI,2026-05,2026-05-21,17,1260,97,0.0770,1232,1260,51770,67268
MEL0,GSM_PERS,2026-05,2026-05-21,17,4505,236,0.0524,4231,4505,94617,124208
ADT0,GSM_MOVI,2026-05,2026-05-21,20,8894,531,0.0597,4517,8666,7923,17286
ADT0,GSM_MOVI,2026-05,2026-05-21,21,21,0,0.0000,17,21,7923,17286
ADT0,GSM_MOVI,2026-05,2026-05-22,8,801,48,0.0599,543,792,7923,17286
AUSO,GSM_MOVI,2026-05,2026-05-22,8,510,77,0.1510,422,510,5478,9610
AYS3,GSM_MOVI,2026-05,2026-05-22,8,44,8,0.1818,26,43,3621,4268
AYS3,GSM_PERS,2026-05,2026-05-22,8,463,33,0.0713,413,422,2726,3039
AYSA,GSM_MOVI,2026-05,2026-05-22,8,134,34,0.2537,116,133,5809,7301
AYSA,GSM_PERS,2026-05,2026-05-22,8,604,63,0.1043,585,601,4063,4415
AYSE,GSM_MOVI,2026-05,2026-05-22,8,287,87,0.3031,268,287,1855,1995
AYSE,GSM_PERS,2026-05,2026-05-22,8,1851,140,0.0756,1468,1848,11214,17710
DRPW,GSM_MOVI,2026-05,2026-05-22,8,984,41,0.0417,673,984,6180,11733
ADT0,GSM_MOVI,2026-05,2026-05-22,9,2482,171,0.0689,1425,2436,7923,17286
AUSO,GSM_MOVI,2026-05,2026-05-22,9,1606,293,0.1824,1311,1602,5478,9610
AYS3,GSM_PERS,2026-05,2026-05-22,9,1695,142,0.0838,1544,1648,2726,3039
AYS3,MOVI,2026-05,2026-05-22,9,182,12,0.0659,104,179,606,751
AYSA,GSM_PERS,2026-05,2026-05-22,9,272,33,0.1213,261,271,4063,4415
AYSA,MOVI,2026-05,2026-05-22,9,236,42,0.1780,161,236,9893,14194
AYSC,MOVI,2026-05,2026-05-22,9,1260,76,0.0603,578,1241,593,1269
AYSE,GSM_MOVI,2026-05,2026-05-22,9,24,7,0.2917,23,24,1855,1995
AYSE,GSM_PERS,2026-05,2026-05-22,9,3665,291,0.0794,2788,3648,11214,17710
AYSE,MOVI,2026-05,2026-05-22,9,18,1,0.0556,10,18,1226,1304
DRPW,GSM_MOVI,2026-05,2026-05-22,9,3937,156,0.0396,2364,3932,6180,11733
DRTV,GSM_PERS,2026-05,2026-05-22,9,1128,60,0.0532,1041,1128,6166,8376
ADT0,GSM_MOVI,2026-05,2026-05-22,10,1727,139,0.0805,1087,1699,9661,20843
AUSO,GSM_MOVI,2026-05,2026-05-22,10,1280,266,0.2078,1044,1277,5478,9610
AYS3,GSM_PERS,2026-05,2026-05-22,10,3,1,0.3333,3,3,1806,2064
AYSA,GSM_PERS,2026-05,2026-05-22,10,1133,99,0.0874,1098,1131,4063,4415
AYSA,MOVI,2026-05,2026-05-22,10,48,48,1.0000,47,48,9893,14194
AYSE,GSM_PERS,2026-05,2026-05-22,10,1626,158,0.0972,1336,1621,11214,17710
CVIA,GSM_PERS,2026-05,2026-05-22,10,61,4,0.0656,39,61,49,79
DRPW,GSM_MOVI,2026-05,2026-05-22,10,3190,122,0.0382,2089,3189,6180,11733
DRTV,GSM_PERS,2026-05,2026-05-22,10,2273,129,0.0568,2030,2273,6166,8376
DRTV,MOVI,2026-05,2026-05-22,10,494,33,0.0668,489,494,7144,8574
DRTV,Sin proveedor,2026-05,2026-05-22,10,1,1,1.0000,1,1,1,1
DRTW,MOVI,2026-05,2026-05-22,10,259,16,0.0618,257,259,9853,12655
FIME,GSM_MOVI,2026-05,2026-05-22,10,2556,134,0.0524,2488,2556,11522,12038
MEL0,GSM_MOVI,2026-05,2026-05-22,10,418,32,0.0766,405,418,51770,67268
MEL0,GSM_PERS,2026-05,2026-05-22,10,261,25,0.0958,252,261,94617,124208
MEL0,MOVI,2026-05,2026-05-22,10,2151,110,0.0511,2091,2151,62928,84964
ADT0,GSM_MOVI,2026-05,2026-05-22,11,1272,178,0.1399,951,1252,9661,20843
AUSO,GSM_MOVI,2026-05,2026-05-22,11,89,22,0.2472,83,89,5478,9610
AYSA,GSM_PERS,2026-05,2026-05-22,11,372,35,0.0941,363,370,4063,4415
AYSA,MOVI,2026-05,2026-05-22,11,56,43,0.7679,55,56,9893,14194
AYSJ,GSM_MOVI,2026-05,2026-05-22,11,318,14,0.0440,255,305,1050,1467
DRPW,GSM_MOVI,2026-05,2026-05-22,11,2436,117,0.0480,1717,2433,6180,11733
DRTV,GSM_PERS,2026-05,2026-05-22,11,737,40,0.0543,692,737,6166,8376
DRTV,MOVI,2026-05,2026-05-22,11,1200,74,0.0617,1175,1200,7144,8574
FIME,GSM_MOVI,2026-05,2026-05-22,11,4108,229,0.0557,3993,4104,11522,12038
MEL0,GSM_MOVI,2026-05,2026-05-22,11,1305,123,0.0943,1240,1305,51770,67268
MEL0,GSM_PERS,2026-05,2026-05-22,11,4248,216,0.0508,3900,4247,94617,124208
MEL0,MOVI,2026-05,2026-05-22,11,3463,198,0.0572,3375,3463,62928,84964
ADT0,GSM_MOVI,2026-05,2026-05-22,12,1513,157,0.1038,1045,1503,9661,20843
AYS3,GSM_MOVI,2026-05,2026-05-22,12,66,14,0.2121,62,66,3621,4268
AYSA,MOVI,2026-05,2026-05-22,12,134,28,0.2090,133,134,9893,14194
AYSE,MOVI,2026-05,2026-05-22,12,8,8,1.0000,8,8,1988,2128
AYSJ,GSM_MOVI,2026-05,2026-05-22,12,701,30,0.0428,502,633,1050,1467
DRPW,GSM_MOVI,2026-05,2026-05-22,12,1086,53,0.0488,842,1086,6180,11733
DRTV,MOVI,2026-05,2026-05-22,12,1174,67,0.0571,1144,1174,7144,8574
FIME,GSM_MOVI,2026-05,2026-05-22,12,5161,300,0.0581,5011,5158,11522,12038
MEL0,GSM_MOVI,2026-05,2026-05-22,12,1044,95,0.0910,986,1044,51770,67268
MEL0,GSM_PERS,2026-05,2026-05-22,12,3123,190,0.0608,2932,3122,94617,124208
MEL0,MOVI,2026-05,2026-05-22,12,3344,177,0.0529,3259,3344,62928,84964
ADT0,GSM_MOVI,2026-05,2026-05-22,13,3574,315,0.0881,2217,3528,7923,17286
ADT1,GSM_MOVI,2026-05,2026-05-22,13,287,17,0.0592,129,276,304,688
AYS3,GSM_MOVI,2026-05,2026-05-22,13,525,78,0.1486,501,524,3621,4268
AYSA,MOVI,2026-05,2026-05-22,13,108,22,0.2037,108,108,9893,14194
AYSE,MOVI,2026-05,2026-05-22,13,8,8,1.0000,7,8,1901,2031
AYSJ,GSM_MOVI,2026-05,2026-05-22,13,1764,73,0.0414,898,1212,1050,1467
DRTV,MOVI,2026-05,2026-05-22,13,1146,81,0.0707,1120,1146,7144,8574
FIME,GSM_MOVI,2026-05,2026-05-22,13,232,15,0.0647,231,232,11522,12038
MEL0,GSM_MOVI,2026-05,2026-05-22,13,1920,132,0.0688,1788,1920,51770,67268
MEL0,GSM_PERS,2026-05,2026-05-22,13,3575,193,0.0540,3327,3575,94617,124208
MEL0,MOVI,2026-05,2026-05-22,13,3038,179,0.0589,2963,3038,62928,84964
ADT1,GSM_MOVI,2026-05,2026-05-22,14,290,17,0.0586,144,277,304,688
AYS3,GSM_MOVI,2026-05,2026-05-22,14,890,148,0.1663,858,884,3621,4268
AYSA,MOVI,2026-05,2026-05-22,14,230,20,0.0870,228,230,9893,14194
AYSE,MOVI,2026-05,2026-05-22,14,55,16,0.2909,53,55,2248,2402
AYSJ,GSM_MOVI,2026-05,2026-05-22,14,173,10,0.0578,147,173,1050,1467
DRTV,MOVI,2026-05,2026-05-22,14,188,8,0.0426,187,188,7144,8574
DRTW,MOVI,2026-05,2026-05-22,14,976,60,0.0615,953,976,9853,12655
MEL0,GSM_MOVI,2026-05,2026-05-22,14,3032,217,0.0716,2840,3031,51770,67268
MEL0,GSM_PERS,2026-05,2026-05-22,14,4507,251,0.0557,4261,4507,94617,124208
MEL0,MOVI,2026-05,2026-05-22,14,3059,159,0.0520,2978,3059,62928,84964
AYS3,MOVI,2026-05,2026-05-22,15,16,16,1.0000,16,16,5589,8645
AYSA,MOVI,2026-05,2026-05-22,15,26,2,0.0769,26,26,9893,14194
AYSE,MOVI,2026-05,2026-05-22,15,6,3,0.5000,6,6,1882,2001
DRTW,MOVI,2026-05,2026-05-22,15,1148,70,0.0610,1119,1147,9853,12655
MEL0,MOVI,2026-05,2026-05-22,15,3089,157,0.0508,3004,3089,62928,84964
AYS3,MOVI,2026-05,2026-05-22,16,53,53,1.0000,53,52,5589,8645
AYSA,MOVI,2026-05,2026-05-22,16,56,0,0.0000,56,55,9893,14194
AYSE,MOVI,2026-05,2026-05-22,16,9,0,0.0000,9,9,1592,1705
DRTV,MOVI,2026-05,2026-05-22,16,517,37,0.0716,514,517,7144,8574
DRTW,MOVI,2026-05,2026-05-22,16,1514,76,0.0502,1474,1514,9853,12655
MEL0,MOVI,2026-05,2026-05-22,16,1196,74,0.0619,1177,1196,62928,84964
AYS3,MOVI,2026-05,2026-05-22,17,349,18,0.0516,341,347,5589,8645
DRTV,MOVI,2026-05,2026-05-22,17,454,25,0.0551,450,454,7144,8574
DRTW,MOVI,2026-05,2026-05-22,17,1150,54,0.0470,1125,1150,9853,12655
DRTV,MOVI,2026-05,2026-05-22,18,207,4,0.0193,206,207,7144,8574
DRTW,MOVI,2026-05,2026-05-22,18,457,28,0.0613,451,457,9853,12655
DRTW,Sin proveedor,2026-05,2026-05-22,18,1,1,1.0000,1,1,4,4
MEL0,GSM_PERS,2026-05,2026-05-22,18,658,33,0.0502,644,658,94617,124208
DRTV,MOVI,2026-05,2026-05-22,19,219,17,0.0776,216,219,7144,8574
DRTW,MOVI,2026-05,2026-05-22,19,493,35,0.0710,489,493,9853,12655
MEL0,GSM_PERS,2026-05,2026-05-22,19,1327,72,0.0543,1304,1327,94617,124208
DRTV,MOVI,2026-05,2026-05-22,20,213,10,0.0469,213,213,7144,8574
DRTW,MOVI,2026-05,2026-05-22,20,490,33,0.0673,482,490,9853,12655
MEL0,GSM_PERS,2026-05,2026-05-22,20,1361,81,0.0595,1336,1361,94617,124208
DRTW,MOVI,2026-05,2026-05-22,21,2,0,0.0000,2,2,5457,6966
ADT0,GSM_MOVI,2026-05,2026-05-23,8,301,21,0.0698,210,300,7923,17286
AUSO,GSM_MOVI,2026-05,2026-05-23,8,340,28,0.0824,301,340,12881,15665
AUSO,GSM_PERS,2026-05,2026-05-23,8,731,35,0.0479,576,718,5066,7629
DRPW,GSM_MOVI,2026-05,2026-05-23,8,243,5,0.0206,171,243,6180,11733
OEST,GSM_MOVI,2026-05,2026-05-23,8,926,88,0.0950,834,926,12161,14897
OEST,GSM_PERS,2026-05,2026-05-23,8,364,16,0.0440,294,364,4349,5953
ADT0,GSM_MOVI,2026-05,2026-05-23,9,549,45,0.0820,400,547,7923,17286
AUSO,GSM_MOVI,2026-05,2026-05-23,9,741,87,0.1174,661,741,12881,15665
AUSO,GSM_PERS,2026-05,2026-05-23,9,339,20,0.0590,316,337,5066,7629
DRPW,GSM_MOVI,2026-05,2026-05-23,9,559,13,0.0233,391,559,6180,11733
DRTV,GSM_PERS,2026-05,2026-05-23,9,243,6,0.0247,234,243,6166,8376
DRTV,MOVI,2026-05,2026-05-23,9,674,28,0.0415,667,674,7144,8574
DRTW,GSM_PERS,2026-05,2026-05-23,9,381,11,0.0289,369,381,7104,11579
OEST,GSM_MOVI,2026-05,2026-05-23,9,2217,210,0.0947,1984,2214,12161,14897
OEST,GSM_PERS,2026-05,2026-05-23,9,166,9,0.0542,159,166,4355,5948
REVO,MOVI,2026-05,2026-05-23,9,2986,359,0.1202,2822,2986,30329,40341
ADT0,GSM_MOVI,2026-05,2026-05-23,10,507,41,0.0809,377,507,9661,20843
AUSO,GSM_MOVI,2026-05,2026-05-23,10,741,100,0.1350,666,740,12881,15665
AUSO,GSM_PERS,2026-05,2026-05-23,10,363,20,0.0551,328,350,5066,7629
CVIA,GSM_PERS,2026-05,2026-05-23,10,61,0,0.0000,39,61,49,79
DRPW,GSM_MOVI,2026-05,2026-05-23,10,618,20,0.0324,425,618,6180,11733
DRTV,GSM_PERS,2026-05,2026-05-23,10,242,18,0.0744,237,242,6166,8376
DRTV,MOVI,2026-05,2026-05-23,10,635,24,0.0378,628,635,7144,8574
DRTW,GSM_PERS,2026-05,2026-05-23,10,386,12,0.0311,371,386,7104,11579
FIME,GSM_MOVI,2026-05,2026-05-23,10,779,35,0.0449,747,779,11522,12038
MEL0,GSM_MOVI,2026-05,2026-05-23,10,81,4,0.0494,80,81,51770,67268
MEL0,GSM_PERS,2026-05,2026-05-23,10,162,6,0.0370,159,162,94617,124208
MEL0,MOVI,2026-05,2026-05-23,10,1146,57,0.0497,1136,1146,62928,84964
OEST,GSM_MOVI,2026-05,2026-05-23,10,1546,199,0.1287,1391,1543,12161,14897
OEST,GSM_PERS,2026-05,2026-05-23,10,149,9,0.0604,138,149,4144,5659
REVO,MOVI,2026-05,2026-05-23,10,2044,254,0.1243,1975,2044,30329,40341
ADT0,GSM_MOVI,2026-05,2026-05-23,11,465,43,0.0925,344,463,9661,20843
AUSO,GSM_MOVI,2026-05,2026-05-23,11,1165,156,0.1339,1085,1165,12881,15665
AUSO,GSM_PERS,2026-05,2026-05-23,11,700,59,0.0843,564,676,5066,7629
DRPW,GSM_MOVI,2026-05,2026-05-23,11,954,50,0.0524,702,954,6180,11733
DRTV,GSM_PERS,2026-05,2026-05-23,11,285,22,0.0772,267,285,6166,8376
DRTV,MOVI,2026-05,2026-05-23,11,702,50,0.0712,687,702,7144,8574
DRTW,GSM_PERS,2026-05,2026-05-23,11,285,10,0.0351,259,285,7104,11579
FIME,GSM_MOVI,2026-05,2026-05-23,11,1972,89,0.0451,1925,1972,11522,12038
MEL0,GSM_MOVI,2026-05,2026-05-23,11,709,38,0.0536,671,709,51770,67268
MEL0,GSM_PERS,2026-05,2026-05-23,11,1440,73,0.0507,1365,1440,94617,124208
MEL0,MOVI,2026-05,2026-05-23,11,2657,158,0.0595,2600,2657,62928,84964
OEST,GSM_MOVI,2026-05,2026-05-23,11,1959,270,0.1378,1810,1958,12161,14897
OEST,GSM_PERS,2026-05,2026-05-23,11,260,18,0.0692,225,260,4419,6040
REVO,MOVI,2026-05,2026-05-23,11,755,109,0.1444,745,755,30329,40341
ADT0,GSM_MOVI,2026-05,2026-05-23,12,826,68,0.0823,589,811,9661,20843
AUSO,GSM_MOVI,2026-05,2026-05-23,12,1502,200,0.1332,1375,1500,12881,15665
AUSO,GSM_PERS,2026-05,2026-05-23,12,979,70,0.0715,773,928,5066,7629
DRPW,GSM_MOVI,2026-05,2026-05-23,12,1367,63,0.0461,1024,1367,6180,11733
DRTV,GSM_PERS,2026-05,2026-05-23,12,329,19,0.0578,305,329,6166,8376
DRTV,MOVI,2026-05,2026-05-23,12,247,13,0.0526,245,247,7144,8574
DRTW,GSM_PERS,2026-05,2026-05-23,12,416,27,0.0649,358,416,7104,11579
FIME,GSM_MOVI,2026-05,2026-05-23,12,2817,152,0.0540,2742,2816,11522,12038
MEL0,GSM_MOVI,2026-05,2026-05-23,12,1101,102,0.0926,1049,1101,51770,67268
MEL0,GSM_PERS,2026-05,2026-05-23,12,2103,116,0.0552,1943,2103,94617,124208
MEL0,MOVI,2026-05,2026-05-23,12,2472,129,0.0522,2424,2472,62928,84964
OEST,GSM_MOVI,2026-05,2026-05-23,12,2625,385,0.1467,2402,2621,12161,14897
OEST,GSM_PERS,2026-05,2026-05-23,12,415,29,0.0699,350,415,4375,5980
REVO,MOVI,2026-05,2026-05-23,12,835,103,0.1234,825,835,30329,40341
ADT0,GSM_MOVI,2026-05,2026-05-23,13,910,77,0.0846,663,904,9661,20843
ADT1,GSM_MOVI,2026-05,2026-05-23,13,100,2,0.0200,64,97,304,688
AUSO,GSM_MOVI,2026-05,2026-05-23,13,1510,251,0.1662,1407,1510,12881,15665
AUSO,GSM_PERS,2026-05,2026-05-23,13,1005,103,0.1025,808,961,5066,7629
DRPW,GSM_MOVI,2026-05,2026-05-23,13,1778,58,0.0326,1310,1778,6180,11733
DRTV,GSM_PERS,2026-05,2026-05-23,13,285,16,0.0561,259,285,6166,8376
DRTW,GSM_PERS,2026-05,2026-05-23,13,453,24,0.0530,393,453,7104,11579
FIME,GSM_MOVI,2026-05,2026-05-23,13,2843,177,0.0623,2787,2839,11522,12038
MEL0,GSM_MOVI,2026-05,2026-05-23,13,1128,103,0.0913,1093,1128,51770,67268
MEL0,GSM_PERS,2026-05,2026-05-23,13,2129,98,0.0460,1980,2129,94617,124208
MEL0,MOVI,2026-05,2026-05-23,13,592,30,0.0507,591,592,62928,84964
OEST,GSM_MOVI,2026-05,2026-05-23,13,1972,281,0.1425,1850,1971,12161,14897
OEST,GSM_PERS,2026-05,2026-05-23,13,383,32,0.0836,311,382,4335,5926
REVO,MOVI,2026-05,2026-05-23,13,277,29,0.1047,277,277,30329,40341
ADT0,GSM_MOVI,2026-05,2026-05-23,14,869,79,0.0909,628,862,9661,20843
ADT1,GSM_MOVI,2026-05,2026-05-23,14,88,2,0.0227,56,87,304,688
AUSO,GSM_MOVI,2026-05,2026-05-23,14,2026,293,0.1446,1883,2024,12881,15665
AUSO,GSM_PERS,2026-05,2026-05-23,14,1116,61,0.0547,877,1070,5066,7629
DRPW,GSM_MOVI,2026-05,2026-05-23,14,1499,70,0.0467,1121,1499,6180,11733
DRTV,GSM_PERS,2026-05,2026-05-23,14,398,21,0.0528,355,398,6166,8376
DRTW,GSM_PERS,2026-05,2026-05-23,14,454,20,0.0441,382,454,7104,11579
FIME,GSM_MOVI,2026-05,2026-05-23,14,3303,190,0.0575,3223,3302,11522,12038
MEL0,GSM_MOVI,2026-05,2026-05-23,14,921,58,0.0630,891,921,51770,67268
MEL0,GSM_PERS,2026-05,2026-05-23,14,1958,100,0.0511,1822,1958,94617,124208
MEL0,MOVI,2026-05,2026-05-23,14,588,35,0.0595,585,588,62928,84964
OEST,GSM_MOVI,2026-05,2026-05-23,14,1687,228,0.1352,1564,1685,9479,11585
OEST,GSM_PERS,2026-05,2026-05-23,14,488,33,0.0676,392,488,4419,6040
REVO,MOVI,2026-05,2026-05-23,14,294,33,0.1122,293,294,30329,40341
ADT0,GSM_MOVI,2026-05,2026-05-23,15,1557,118,0.0758,990,1541,9661,20843
ADT1,GSM_MOVI,2026-05,2026-05-23,15,117,4,0.0342,59,115,304,688
AUSO,GSM_MOVI,2026-05,2026-05-23,15,3418,465,0.1360,3088,3411,12881,15665
AUSO,GSM_PERS,2026-05,2026-05-23,15,1260,77,0.0611,961,1195,5066,7629
DRPW,GSM_MOVI,2026-05,2026-05-23,15,3165,131,0.0414,2150,3165,6180,11733
DRTV,GSM_PERS,2026-05,2026-05-23,15,429,16,0.0373,384,429,6166,8376
DRTW,GSM_PERS,2026-05,2026-05-23,15,496,19,0.0383,412,496,7104,11579
FIME,GSM_MOVI,2026-05,2026-05-23,15,343,16,0.0466,343,343,11522,12038
MEL0,GSM_MOVI,2026-05,2026-05-23,15,1480,113,0.0764,1365,1480,51770,67268
MEL0,GSM_PERS,2026-05,2026-05-23,15,1961,103,0.0525,1819,1961,94617,124208
MEL0,MOVI,2026-05,2026-05-23,15,4194,254,0.0606,3961,4194,62928,84964
OEST,GSM_MOVI,2026-05,2026-05-23,15,178,26,0.1461,169,178,9479,11585
OEST,GSM_PERS,2026-05,2026-05-23,15,582,30,0.0515,464,582,4419,6040
REVO,MOVI,2026-05,2026-05-23,15,2056,233,0.1133,1914,2056,30329,40341
ADT0,GSM_MOVI,2026-05,2026-05-23,16,2673,226,0.0845,1755,2629,9661,20843
ADT1,GSM_MOVI,2026-05,2026-05-23,16,213,12,0.0563,135,206,304,688
AUSO,GSM_MOVI,2026-05,2026-05-23,16,2191,305,0.1392,1986,2185,12881,15665
AUSO,GSM_PERS,2026-05,2026-05-23,16,2232,156,0.0699,1643,2007,5066,7629
DRPW,GSM_MOVI,2026-05,2026-05-23,16,1348,51,0.0378,946,1348,6180,11733
DRTV,GSM_PERS,2026-05,2026-05-23,16,367,15,0.0409,328,367,6166,8376
DRTW,GSM_PERS,2026-05,2026-05-23,16,614,27,0.0440,520,614,7104,11579
MEL0,GSM_MOVI,2026-05,2026-05-23,16,1998,159,0.0796,1896,1998,51770,67268
MEL0,GSM_PERS,2026-05,2026-05-23,16,2321,107,0.0461,2175,2321,94617,124208
MEL0,MOVI,2026-05,2026-05-23,16,5055,258,0.0510,4752,5055,62928,84964
OEST,GSM_PERS,2026-05,2026-05-23,16,693,44,0.0635,554,693,4419,6040
REVO,MOVI,2026-05,2026-05-23,16,2900,345,0.1190,2688,2900,30329,40341
ADT0,GSM_MOVI,2026-05,2026-05-23,17,464,38,0.0819,380,463,9661,20843
ADT1,GSM_MOVI,2026-05,2026-05-23,17,44,4,0.0909,35,44,304,688
AUSO,GSM_MOVI,2026-05,2026-05-23,17,124,22,0.1774,114,124,2683,3210
AUSO,GSM_PERS,2026-05,2026-05-23,17,2767,211,0.0763,2005,2387,5066,7629
DRTV,GSM_PERS,2026-05,2026-05-23,17,838,51,0.0609,782,838,6166,8376
DRTW,GSM_PERS,2026-05,2026-05-23,17,1273,51,0.0401,1144,1273,7104,11579
MEL0,GSM_MOVI,2026-05,2026-05-23,17,1356,115,0.0848,1279,1356,51770,67268
MEL0,GSM_PERS,2026-05,2026-05-23,17,1382,95,0.0687,1343,1382,94617,124208
MEL0,MOVI,2026-05,2026-05-23,17,4890,283,0.0579,4597,4890,62928,84964
OEST,GSM_PERS,2026-05,2026-05-23,17,1397,93,0.0666,1199,1395,4419,6040
REVO,MOVI,2026-05,2026-05-23,17,2911,326,0.1120,2688,2911,30329,40341
AUSO,GSM_PERS,2026-05,2026-05-23,18,1946,163,0.0838,1553,1772,5066,7629
DRTV,GSM_PERS,2026-05,2026-05-23,18,801,39,0.0487,749,801,6166,8376
DRTW,GSM_PERS,2026-05,2026-05-23,18,1081,52,0.0481,997,1081,7104,11579
MEL0,GSM_PERS,2026-05,2026-05-23,18,2695,152,0.0564,2577,2695,94617,124208
MEL0,MOVI,2026-05,2026-05-23,18,1530,106,0.0693,1462,1530,62928,84964
OEST,GSM_PERS,2026-05,2026-05-23,18,1164,86,0.0739,1018,1163,4419,6040
REVO,MOVI,2026-05,2026-05-23,18,874,124,0.1419,841,874,30329,40341
MEL0,GSM_PERS,2026-05,2026-05-23,19,3815,245,0.0642,3625,3815,94617,124208
ADT0,GSM_MOVI,2026-05,2026-05-24,8,2643,121,0.0458,1361,2606,7923,17286
AUSO,GSM_MOVI,2026-05,2026-05-24,8,1079,66,0.0612,794,1078,18003,28033
OEST,GSM_MOVI,2026-05,2026-05-24,8,690,24,0.0348,508,689,10104,14614
ADT0,GSM_MOVI,2026-05,2026-05-24,9,5462,237,0.0434,2690,5340,7923,17286
AUSO,GSM_MOVI,2026-05,2026-05-24,9,2544,184,0.0723,1906,2540,18003,28033
OEST,GSM_MOVI,2026-05,2026-05-24,9,1377,66,0.0479,1016,1376,10104,14614
REVO,MOVI,2026-05,2026-05-24,9,8217,322,0.0392,6730,8217,30329,40341
ADT0,GSM_MOVI,2026-05,2026-05-24,10,104,14,0.1346,82,104,1738,3557
AUSO,GSM_MOVI,2026-05,2026-05-24,10,3088,253,0.0819,2341,3083,18003,28033
CVIA,GSM_PERS,2026-05,2026-05-24,10,61,0,0.0000,39,61,49,79
MEL0,GSM_MOVI,2026-05,2026-05-24,10,2150,140,0.0651,2015,2150,51770,67268
MEL0,GSM_PERS,2026-05,2026-05-24,10,946,38,0.0402,875,946,94617,124208
MEL0,MOVI,2026-05,2026-05-24,10,4345,196,0.0451,4120,4344,62928,84964
OEST,GSM_MOVI,2026-05,2026-05-24,10,1992,117,0.0587,1467,1983,10104,14614
REVO,MOVI,2026-05,2026-05-24,10,326,18,0.0552,311,326,30329,40341
ADT0,GSM_MOVI,2026-05,2026-05-24,11,449,69,0.1537,338,438,1738,3557
AUSO,GSM_MOVI,2026-05,2026-05-24,11,2072,179,0.0864,1539,2070,18003,28033
MEL0,GSM_MOVI,2026-05,2026-05-24,11,4811,287,0.0597,4421,4810,51770,67268
MEL0,GSM_PERS,2026-05,2026-05-24,11,5792,272,0.0470,5319,5791,94617,124208
MEL0,MOVI,2026-05,2026-05-24,11,8131,340,0.0418,7525,8130,62928,84964
OEST,GSM_MOVI,2026-05,2026-05-24,11,1467,86,0.0586,1099,1463,10104,14614
ADT0,GSM_MOVI,2026-05,2026-05-24,12,260,43,0.1654,185,254,1738,3557
AUSO,GSM_MOVI,2026-05,2026-05-24,12,3828,400,0.1045,2845,3816,18003,28033
MEL0,GSM_MOVI,2026-05,2026-05-24,12,1712,109,0.0637,1564,1712,51770,67268
MEL0,GSM_PERS,2026-05,2026-05-24,12,6567,319,0.0486,6118,6567,94617,124208
MEL0,MOVI,2026-05,2026-05-24,12,7966,389,0.0488,7331,7964,62928,84964
OEST,GSM_MOVI,2026-05,2026-05-24,12,2179,137,0.0629,1620,2175,10104,14614
MEL0,GSM_PERS,2026-05,2026-05-24,13,6603,397,0.0601,6137,6601,94617,124208
MEL0,MOVI,2026-05,2026-05-24,13,2967,155,0.0522,2833,2967,62928,84964
ADT0,GSM_MOVI,2026-05,2026-05-25,8,1856,69,0.0372,1011,1823,7923,17286
AUSO,GSM_MOVI,2026-05,2026-05-25,8,1223,82,0.0670,1019,1222,5478,9610
DRPW,GSM_MOVI,2026-05,2026-05-25,8,1965,54,0.0275,1207,1965,6180,11733
ADT0,GSM_MOVI,2026-05,2026-05-25,9,2011,105,0.0522,1152,1979,7923,17286
AUSO,GSM_MOVI,2026-05,2026-05-25,9,1744,144,0.0826,1361,1740,5478,9610
DRPW,GSM_MOVI,2026-05,2026-05-25,9,5598,147,0.0263,3367,5595,6180,11733
DRTV,GSM_PERS,2026-05,2026-05-25,9,2656,149,0.0561,2336,2656,6166,8376
DRTW,GSM_MOVI,2026-05,2026-05-25,9,1394,88,0.0631,1123,1394,4687,6141
ADT0,GSM_MOVI,2026-05,2026-05-25,10,1400,84,0.0600,827,1376,7923,17286
CVIA,GSM_PERS,2026-05,2026-05-25,10,61,2,0.0328,39,61,49,79
DRPW,GSM_MOVI,2026-05,2026-05-25,10,3894,136,0.0349,2377,3890,6180,11733
DRTV,GSM_PERS,2026-05,2026-05-25,10,1686,93,0.0552,1452,1686,6166,8376
DRTW,GSM_MOVI,2026-05,2026-05-25,10,1151,89,0.0773,937,1150,4687,6141
FIME,GSM_MOVI,2026-05,2026-05-25,10,3905,178,0.0456,3763,3901,11522,12038
MEL0,GSM_MOVI,2026-05,2026-05-25,10,480,16,0.0333,456,480,51770,67268
MEL0,GSM_PERS,2026-05,2026-05-25,10,697,25,0.0359,649,697,94617,124208
MEL0,MOVI,2026-05,2026-05-25,10,810,39,0.0481,802,810,62928,84964
ADT0,GSM_MOVI,2026-05,2026-05-25,11,3036,218,0.0718,1943,3009,9661,20843
DRTW,GSM_MOVI,2026-05,2026-05-25,11,744,56,0.0753,643,744,4687,6141
FIME,GSM_MOVI,2026-05,2026-05-25,11,4608,216,0.0469,4476,4602,11522,12038
MEL0,GSM_MOVI,2026-05,2026-05-25,11,1988,127,0.0639,1890,1988,51770,67268
MEL0,GSM_PERS,2026-05,2026-05-25,11,6710,285,0.0425,6215,6708,94617,124208
MEL0,MOVI,2026-05,2026-05-25,11,1734,90,0.0519,1710,1734,62928,84964
ADT0,GSM_MOVI,2026-05,2026-05-25,12,876,83,0.0947,689,871,9661,20843
DRTW,GSM_MOVI,2026-05,2026-05-25,12,2176,194,0.0892,1830,2172,4687,6141
FIME,GSM_MOVI,2026-05,2026-05-25,12,3461,194,0.0561,3373,3461,11522,12038
MEL0,GSM_MOVI,2026-05,2026-05-25,12,3947,231,0.0585,3757,3946,51770,67268
MEL0,GSM_PERS,2026-05,2026-05-25,12,6604,308,0.0466,6134,6604,94617,124208
MEL0,MOVI,2026-05,2026-05-25,12,1714,74,0.0432,1702,1714,62928,84964
ADT1,GSM_MOVI,2026-05,2026-05-25,13,598,44,0.0736,252,570,304,688
DRTW,GSM_MOVI,2026-05,2026-05-25,13,516,49,0.0950,467,516,4687,6141
FIME,GSM_MOVI,2026-05,2026-05-25,13,83,3,0.0361,80,83,11522,12038
MEL0,GSM_MOVI,2026-05,2026-05-25,13,1169,93,0.0796,1090,1169,51770,67268
MEL0,GSM_PERS,2026-05,2026-05-25,13,5785,279,0.0482,5359,5785,94617,124208
MEL0,MOVI,2026-05,2026-05-25,13,1685,72,0.0427,1669,1685,62928,84964
MEL0,MOVI,2026-05,2026-05-25,14,1754,90,0.0513,1733,1754,62928,84964
MEL0,MOVI,2026-05,2026-05-25,15,8064,370,0.0459,7586,8064,62928,84964
MEL0,MOVI,2026-05,2026-05-25,16,4166,196,0.0470,3935,4166,62928,84964
ADT0,GSM_MOVI,2026-05,2026-05-26,8,835,69,0.0826,682,824,7923,17286
AUSO,GSM_MOVI,2026-05,2026-05-26,8,736,94,0.1277,681,736,12525,18423
AUSO,GSM_PERS,2026-05,2026-05-26,8,612,48,0.0784,557,611,5315,7924
AYS3,GSM_MOVI,2026-05,2026-05-26,8,9,1,0.1111,9,9,2810,3404
AYS3,GSM_PERS,2026-05,2026-05-26,8,310,23,0.0742,248,258,2726,3039
AYSA,GSM_MOVI,2026-05,2026-05-26,8,40,9,0.2250,36,39,5809,7301
AYSA,GSM_PERS,2026-05,2026-05-26,8,487,52,0.1068,474,485,4063,4415
AYSE,GSM_PERS,2026-05,2026-05-26,8,1381,131,0.0949,1114,1379,10280,16277
DRPW,GSM_MOVI,2026-05,2026-05-26,8,679,24,0.0353,510,679,6180,11733
DRTV,GSM_MOVI,2026-05,2026-05-26,8,25,2,0.0800,24,25,3405,4266
OEST,GSM_MOVI,2026-05,2026-05-26,8,2351,244,0.1038,2122,2348,10104,14614
ADT0,GSM_MOVI,2026-05,2026-05-26,9,836,93,0.1112,682,828,7923,17286
AUSO,GSM_MOVI,2026-05,2026-05-26,9,1808,299,0.1654,1635,1808,16652,23360
AUSO,GSM_PERS,2026-05,2026-05-26,9,916,67,0.0731,803,870,5315,7924
AYS3,GSM_MOVI,2026-05,2026-05-26,9,26,7,0.2692,21,26,3621,4268
AYS3,GSM_PERS,2026-05,2026-05-26,9,559,62,0.1109,500,517,2726,3039
AYS3,MOVI,2026-05,2026-05-26,9,46,4,0.0870,31,46,513,587
AYSA,GSM_MOVI,2026-05,2026-05-26,9,85,19,0.2235,80,85,5809,7301
AYSA,GSM_PERS,2026-05,2026-05-26,9,451,58,0.1286,432,449,4063,4415
AYSA,MOVI,2026-05,2026-05-26,9,200,20,0.1000,128,200,9893,14194
AYSC,MOVI,2026-05,2026-05-26,9,1169,79,0.0676,550,1151,593,1269
AYSC,Sin proveedor,2026-05,2026-05-26,9,1,0,0.0000,1,1,1,1
AYSE,GSM_PERS,2026-05,2026-05-26,9,3771,285,0.0756,2873,3755,10280,16277
AYSE,MOVI,2026-05,2026-05-26,9,7,0,0.0000,5,7,879,933
DRPW,GSM_MOVI,2026-05,2026-05-26,9,1258,38,0.0302,916,1258,6180,11733
DRTV,GSM_MOVI,2026-05,2026-05-26,9,938,65,0.0693,837,938,3405,4266
DRTV,MOVI,2026-05,2026-05-26,9,341,19,0.0557,338,341,7144,8574
DRTW,GSM_PERS,2026-05,2026-05-26,9,1049,53,0.0505,916,1049,7104,11579
DRTW,MOVI,2026-05,2026-05-26,9,510,32,0.0627,501,506,9853,12655
OEST,GSM_MOVI,2026-05,2026-05-26,9,4536,608,0.1340,3985,4521,13621,18773
ADT0,GSM_MOVI,2026-05,2026-05-26,10,695,105,0.1511,585,691,9661,20843
AUSO,GSM_MOVI,2026-05,2026-05-26,10,1857,321,0.1729,1700,1857,16652,23360
AUSO,GSM_PERS,2026-05,2026-05-26,10,1304,86,0.0660,1065,1193,5315,7924
AYS3,GSM_PERS,2026-05,2026-05-26,10,1309,139,0.1062,1237,1305,2726,3039
AYS3,MOVI,2026-05,2026-05-26,10,3,1,0.3333,3,3,513,587
AYSA,GSM_PERS,2026-05,2026-05-26,10,615,59,0.0959,594,613,4063,4415
AYSA,MOVI,2026-05,2026-05-26,10,133,113,0.8496,133,133,9893,14194
AYSC,MOVI,2026-05,2026-05-26,10,101,12,0.1188,84,101,593,1269
AYSE,GSM_PERS,2026-05,2026-05-26,10,1480,118,0.0797,1203,1476,10280,16277
CVIA,GSM_PERS,2026-05,2026-05-26,10,61,6,0.0984,39,61,49,79
DRPW,GSM_MOVI,2026-05,2026-05-26,10,1468,50,0.0341,985,1467,6180,11733
DRTV,GSM_MOVI,2026-05,2026-05-26,10,776,68,0.0876,673,776,3405,4266
DRTV,MOVI,2026-05,2026-05-26,10,660,38,0.0576,653,660,7144,8574
DRTW,GSM_PERS,2026-05,2026-05-26,10,1703,92,0.0540,1469,1702,7104,11579
DRTW,MOVI,2026-05,2026-05-26,10,976,67,0.0686,957,976,9853,12655
FIME,GSM_MOVI,2026-05,2026-05-26,10,2529,126,0.0498,2453,2529,11522,12038
MEL0,GSM_MOVI,2026-05,2026-05-26,10,329,14,0.0426,312,329,51770,67268
MEL0,MOVI,2026-05,2026-05-26,10,674,42,0.0623,670,674,62928,84964
OEST,GSM_MOVI,2026-05,2026-05-26,10,1427,196,0.1374,1340,1425,13621,18773
ADT0,GSM_MOVI,2026-05,2026-05-26,11,479,72,0.1503,400,474,9661,20843
AUSO,GSM_MOVI,2026-05,2026-05-26,11,1601,321,0.2005,1472,1601,16652,23360
AUSO,GSM_PERS,2026-05,2026-05-26,11,2310,181,0.0784,1692,1918,5315,7924
AYSA,GSM_PERS,2026-05,2026-05-26,11,864,80,0.0926,841,863,4063,4415
AYSA,MOVI,2026-05,2026-05-26,11,79,79,1.0000,78,79,9893,14194
AYSJ,GSM_MOVI,2026-05,2026-05-26,11,273,7,0.0256,220,269,1050,1467
DRPW,GSM_MOVI,2026-05,2026-05-26,11,1325,52,0.0392,966,1325,6180,11733
DRTV,GSM_MOVI,2026-05,2026-05-26,11,265,28,0.1057,241,265,3405,4266
DRTV,MOVI,2026-05,2026-05-26,11,360,25,0.0694,355,360,7144,8574
DRTW,GSM_PERS,2026-05,2026-05-26,11,3301,215,0.0651,2753,3301,7104,11579
DRTW,MOVI,2026-05,2026-05-26,11,576,44,0.0764,567,576,9853,12655
FIME,GSM_MOVI,2026-05,2026-05-26,11,3605,196,0.0544,3501,3599,11522,12038
MEL0,GSM_MOVI,2026-05,2026-05-26,11,1152,104,0.0903,1090,1152,51770,67268
MEL0,MOVI,2026-05,2026-05-26,11,1646,125,0.0759,1635,1646,62928,84964
OEST,GSM_MOVI,2026-05,2026-05-26,11,515,87,0.1689,469,514,3517,4159
OEST,Sin proveedor,2026-05,2026-05-26,11,1,1,1.0000,1,1,1,1
ADT0,GSM_MOVI,2026-05,2026-05-26,12,687,108,0.1572,550,674,9661,20843
AUSO,GSM_MOVI,2026-05,2026-05-26,12,1668,300,0.1799,1540,1665,16621,23319
AUSO,GSM_PERS,2026-05,2026-05-26,12,1494,124,0.0830,1223,1345,5315,7924
AYS3,GSM_MOVI,2026-05,2026-05-26,12,18,4,0.2222,18,18,2810,3404
AYSA,MOVI,2026-05,2026-05-26,12,34,34,1.0000,33,34,9893,14194
AYSJ,GSM_MOVI,2026-05,2026-05-26,12,302,14,0.0464,235,283,1050,1467
DRPW,GSM_MOVI,2026-05,2026-05-26,12,1295,61,0.0471,986,1295,6180,11733
DRTV,GSM_MOVI,2026-05,2026-05-26,12,191,14,0.0733,170,191,3405,4266
DRTV,MOVI,2026-05,2026-05-26,12,337,16,0.0475,337,337,7144,8574
DRTW,GSM_PERS,2026-05,2026-05-26,12,631,38,0.0602,580,631,7104,11579
DRTW,MOVI,2026-05,2026-05-26,12,486,28,0.0576,476,486,9853,12655
FIME,GSM_MOVI,2026-05,2026-05-26,12,3682,202,0.0549,3587,3680,11522,12038
MEL0,GSM_MOVI,2026-05,2026-05-26,12,1054,85,0.0806,988,1054,51770,67268
MEL0,MOVI,2026-05,2026-05-26,12,890,74,0.0831,887,890,62928,84964
OEST,GSM_MOVI,2026-05,2026-05-26,12,464,93,0.2004,431,464,3517,4159
ADT0,GSM_MOVI,2026-05,2026-05-26,13,185,26,0.1405,158,180,9661,20843
ADT1,GSM_MOVI,2026-05,2026-05-26,13,58,4,0.0690,34,57,304,688
AUSO,GSM_MOVI,2026-05,2026-05-26,13,2325,417,0.1794,2141,2325,16652,23360
AYS3,GSM_MOVI,2026-05,2026-05-26,13,63,10,0.1587,63,63,2810,3404
AYSJ,GSM_MOVI,2026-05,2026-05-26,13,310,22,0.0710,243,295,1050,1467
DRPW,GSM_MOVI,2026-05,2026-05-26,13,1489,71,0.0477,1106,1489,6180,11733
DRTV,GSM_MOVI,2026-05,2026-05-26,13,326,35,0.1074,298,326,3405,4266
DRTV,MOVI,2026-05,2026-05-26,13,395,21,0.0532,393,395,7144,8574
DRTW,MOVI,2026-05,2026-05-26,13,644,35,0.0543,631,644,9853,12655
FIME,GSM_MOVI,2026-05,2026-05-26,13,2241,119,0.0531,2199,2241,11522,12038
MEL0,GSM_MOVI,2026-05,2026-05-26,13,1195,103,0.0862,1120,1195,51770,67268
MEL0,MOVI,2026-05,2026-05-26,13,832,69,0.0829,829,832,62928,84964
OEST,GSM_MOVI,2026-05,2026-05-26,13,593,107,0.1804,539,593,3517,4159
ADT0,GSM_MOVI,2026-05,2026-05-26,14,332,41,0.1235,270,327,7923,17286
ADT1,GSM_MOVI,2026-05,2026-05-26,14,40,2,0.0500,22,39,304,688
AUSO,GSM_MOVI,2026-05,2026-05-26,14,3088,571,0.1849,2805,3084,16652,23360
AYS3,GSM_MOVI,2026-05,2026-05-26,14,94,16,0.1702,93,94,2810,3404
AYSJ,GSM_MOVI,2026-05,2026-05-26,14,499,31,0.0621,357,459,1050,1467
DRPW,GSM_MOVI,2026-05,2026-05-26,14,1884,84,0.0446,1353,1884,6180,11733
DRTV,GSM_MOVI,2026-05,2026-05-26,14,397,40,0.1008,348,397,3405,4266
DRTV,MOVI,2026-05,2026-05-26,14,630,38,0.0603,622,630,7144,8574
DRTW,MOVI,2026-05,2026-05-26,14,1025,58,0.0566,998,1025,9853,12655
MEL0,GSM_MOVI,2026-05,2026-05-26,14,1086,78,0.0718,1003,1086,51770,67268
MEL0,MOVI,2026-05,2026-05-26,14,799,68,0.0851,796,799,62928,84964
OEST,GSM_MOVI,2026-05,2026-05-26,14,793,136,0.1715,723,793,3517,4159
ADT0,GSM_MOVI,2026-05,2026-05-26,15,300,41,0.1367,251,299,7923,17286
ADT1,GSM_MOVI,2026-05,2026-05-26,15,420,15,0.0357,198,399,304,688
AUSO,GSM_MOVI,2026-05,2026-05-26,15,2013,372,0.1848,1839,2010,16652,23360
AYS3,GSM_MOVI,2026-05,2026-05-26,15,461,72,0.1562,447,461,2810,3404
AYSA,MOVI,2026-05,2026-05-26,15,504,35,0.0694,486,502,9893,14194
AYSJ,GSM_MOVI,2026-05,2026-05-26,15,441,17,0.0385,320,394,1050,1467
DRPW,GSM_MOVI,2026-05,2026-05-26,15,1542,68,0.0441,1133,1542,6180,11733
DRTV,GSM_MOVI,2026-05,2026-05-26,15,263,20,0.0760,245,263,3405,4266
DRTV,MOVI,2026-05,2026-05-26,15,648,42,0.0648,637,648,7144,8574
DRTW,MOVI,2026-05,2026-05-26,15,978,71,0.0726,949,978,9853,12655
MEL0,GSM_MOVI,2026-05,2026-05-26,15,2720,169,0.0621,2638,2719,51770,67268
MEL0,MOVI,2026-05,2026-05-26,15,2862,232,0.0811,2807,2862,62928,84964
OEST,GSM_MOVI,2026-05,2026-05-26,15,539,114,0.2115,503,539,3517,4159
ADT0,GSM_MOVI,2026-05,2026-05-26,16,656,86,0.1311,530,655,7923,17286
AUSO,GSM_MOVI,2026-05,2026-05-26,16,966,190,0.1967,905,965,16652,23360
AYSJ,GSM_MOVI,2026-05,2026-05-26,16,803,43,0.0535,521,668,1050,1467
DRPW,GSM_MOVI,2026-05,2026-05-26,16,475,19,0.0400,388,475,6180,11733
DRTV,GSM_MOVI,2026-05,2026-05-26,16,590,46,0.0780,531,590,3405,4266
DRTV,MOVI,2026-05,2026-05-26,16,591,29,0.0491,582,591,7144,8574
DRTW,MOVI,2026-05,2026-05-26,16,963,75,0.0779,943,963,9853,12655
DRTW,Sin proveedor,2026-05,2026-05-26,16,1,1,1.0000,1,1,3,3
MEL0,GSM_MOVI,2026-05,2026-05-26,16,1548,180,0.1163,1366,1548,51770,67268
MEL0,MOVI,2026-05,2026-05-26,16,3277,226,0.0690,3205,3277,62928,84964
OEST,GSM_MOVI,2026-05,2026-05-26,16,355,65,0.1831,337,354,3517,4159
ADT0,GSM_MOVI,2026-05,2026-05-26,17,242,28,0.1157,215,240,7923,17286
AYSJ,GSM_MOVI,2026-05,2026-05-26,17,328,10,0.0305,245,316,1050,1467
DRTV,GSM_MOVI,2026-05,2026-05-26,17,384,39,0.1016,340,384,3405,4266
DRTV,MOVI,2026-05,2026-05-26,17,693,36,0.0519,688,693,7144,8574
DRTW,MOVI,2026-05,2026-05-26,17,1003,59,0.0588,982,1003,9853,12655
MEL0,GSM_MOVI,2026-05,2026-05-26,17,524,57,0.1088,472,524,51770,67268
MEL0,MOVI,2026-05,2026-05-26,17,2834,239,0.0843,2793,2834,62928,84964
DRTV,MOVI,2026-05,2026-05-26,18,647,55,0.0850,639,647,7144,8574
DRTW,MOVI,2026-05,2026-05-26,18,947,54,0.0570,925,947,9853,12655
MEL0,MOVI,2026-05,2026-05-26,18,2760,257,0.0931,2717,2760,62928,84964
DRTV,MOVI,2026-05,2026-05-26,19,637,39,0.0612,629,637,7144,8574
DRTW,MOVI,2026-05,2026-05-26,19,998,64,0.0641,974,998,9853,12655
MEL0,MOVI,2026-05,2026-05-26,19,2807,268,0.0955,2754,2807,62928,84964
DRTV,MOVI,2026-05,2026-05-26,20,678,49,0.0723,671,678,7144,8574
DRTW,MOVI,2026-05,2026-05-26,20,957,59,0.0617,936,957,9853,12655
MEL0,MOVI,2026-05,2026-05-26,20,2809,208,0.0740,2747,2809,62928,84964
OEST,Sin proveedor,2026-05,2026-05-26,20,1,1,1.0000,1,1,1,1
DRTV,MOVI,2026-05,2026-05-26,21,3,1,0.3333,3,3,3062,3649
DRTW,MOVI,2026-05,2026-05-26,21,5,0,0.0000,5,5,9853,12655
MEL0,MOVI,2026-05,2026-05-26,21,7987,681,0.0853,7441,7985,62928,84964
MEL0,MOVI,2026-05,2026-05-26,22,43,2,0.0465,42,43,62928,84964
ADT0,GSM_MOVI,2026-05,2026-05-27,8,1528,163,0.1067,1140,1504,7923,17286
AUSO,GSM_MOVI,2026-05,2026-05-27,8,1075,175,0.1628,878,1075,5478,9610
AYS3,GSM_PERS,2026-05,2026-05-27,8,116,14,0.1207,104,108,1937,2168
AYSA,GSM_PERS,2026-05,2026-05-27,8,161,16,0.0994,160,161,4063,4415
AYSE,GSM_MOVI,2026-05,2026-05-27,8,263,94,0.3574,243,263,1654,1778
AYSE,GSM_PERS,2026-05,2026-05-27,8,632,62,0.0981,517,630,10280,16277
DRPW,GSM_MOVI,2026-05,2026-05-27,8,1755,46,0.0262,1096,1755,6180,11733
MEL0,MOVI,2026-05,2026-05-27,8,7482,559,0.0747,7042,7480,62928,84964
ADT0,GSM_MOVI,2026-05,2026-05-27,9,1165,143,0.1227,896,1141,7923,17286
AUSO,GSM_MOVI,2026-05,2026-05-27,9,1664,267,0.1605,1319,1658,5478,9610
AYS3,GSM_PERS,2026-05,2026-05-27,9,138,5,0.0362,128,129,1937,2168
AYS3,MOVI,2026-05,2026-05-27,9,36,26,0.7222,36,33,5589,8645
AYSA,GSM_PERS,2026-05,2026-05-27,9,71,10,0.1408,71,70,4063,4415
AYSA,MOVI,2026-05,2026-05-27,9,42,3,0.0714,34,42,9893,14194
AYSC,MOVI,2026-05,2026-05-27,9,278,18,0.0647,204,275,593,1269
AYSE,GSM_PERS,2026-05,2026-05-27,9,1589,158,0.0994,1299,1585,10280,16277
AYSE,MOVI,2026-05,2026-05-27,9,38,36,0.9474,38,38,1904,2050
DRPW,GSM_MOVI,2026-05,2026-05-27,9,4100,128,0.0312,2484,4097,6180,11733
DRTV,GSM_PERS,2026-05,2026-05-27,9,330,14,0.0424,304,330,6166,8376
DRTV,MOVI,2026-05,2026-05-27,9,665,46,0.0692,658,665,7144,8574
DRTW,GSM_MOVI,2026-05,2026-05-27,9,1346,85,0.0632,1114,1344,4687,6141
DRTW,MOVI,2026-05,2026-05-27,9,954,67,0.0702,935,953,9853,12655
MEL0,MOVI,2026-05,2026-05-27,9,2580,201,0.0779,2521,2580,62928,84964
ADT0,GSM_MOVI,2026-05,2026-05-27,10,390,48,0.1231,325,387,9661,20843
AUSO,GSM_MOVI,2026-05,2026-05-27,10,663,130,0.1961,556,663,5478,9610
AYS3,GSM_PERS,2026-05,2026-05-27,10,756,72,0.0952,672,693,1937,2168
AYS3,MOVI,2026-05,2026-05-27,10,28,13,0.4643,26,27,5589,8645
AYSA,GSM_PERS,2026-05,2026-05-27,10,1008,110,0.1091,967,1003,4063,4415
AYSA,MOVI,2026-05,2026-05-27,10,56,4,0.0714,47,56,9893,14194
AYSC,MOVI,2026-05,2026-05-27,10,363,26,0.0716,249,360,593,1269
AYSE,GSM_PERS,2026-05,2026-05-27,10,2862,288,0.1006,2128,2851,10280,16277
AYSE,MOVI,2026-05,2026-05-27,10,69,68,0.9855,67,69,2523,2709
CVIA,GSM_PERS,2026-05,2026-05-27,10,61,5,0.0820,39,61,49,79
DRPW,GSM_MOVI,2026-05,2026-05-27,10,3216,121,0.0376,2110,3216,6180,11733
DRTV,GSM_PERS,2026-05,2026-05-27,10,1166,53,0.0455,1056,1166,6166,8376
DRTV,MOVI,2026-05,2026-05-27,10,619,40,0.0646,599,610,7144,8574
DRTW,GSM_MOVI,2026-05,2026-05-27,10,1303,67,0.0514,1095,1303,4687,6141
DRTW,MOVI,2026-05,2026-05-27,10,323,18,0.0557,316,320,9853,12655
FIME,GSM_MOVI,2026-05,2026-05-27,10,2928,133,0.0454,2847,2926,11522,12038
MEL0,GSM_MOVI,2026-05,2026-05-27,10,330,24,0.0727,323,330,51770,67268
MEL0,GSM_PERS,2026-05,2026-05-27,10,354,16,0.0452,331,354,94617,124208
MEL0,MOVI,2026-05,2026-05-27,10,2690,183,0.0680,2628,2673,62928,84964
ADT0,GSM_MOVI,2026-05,2026-05-27,11,1232,174,0.1412,979,1217,9661,20843
AYS3,GSM_PERS,2026-05,2026-05-27,11,318,29,0.0912,309,316,1937,2168
AYS3,MOVI,2026-05,2026-05-27,11,17,17,1.0000,17,15,5589,8645
AYSA,GSM_PERS,2026-05,2026-05-27,11,613,59,0.0962,598,611,4063,4415
AYSA,MOVI,2026-05,2026-05-27,11,5,0,0.0000,5,5,9893,14194
AYSC,MOVI,2026-05,2026-05-27,11,31,0,0.0000,31,31,593,1269
AYSE,MOVI,2026-05,2026-05-27,11,26,26,1.0000,26,26,2523,2709
DRPW,GSM_MOVI,2026-05,2026-05-27,11,2313,94,0.0406,1590,2313,6180,11733
DRTV,GSM_PERS,2026-05,2026-05-27,11,2696,145,0.0538,2422,2696,6166,8376
DRTV,MOVI,2026-05,2026-05-27,11,629,45,0.0715,613,623,7144,8574
DRTW,GSM_MOVI,2026-05,2026-05-27,11,440,23,0.0523,404,440,4687,6141
DRTW,MOVI,2026-05,2026-05-27,11,251,17,0.0677,250,250,9853,12655
FIME,GSM_MOVI,2026-05,2026-05-27,11,3913,187,0.0478,3810,3910,11522,12038
MEL0,GSM_MOVI,2026-05,2026-05-27,11,1386,94,0.0678,1325,1386,51770,67268
MEL0,GSM_PERS,2026-05,2026-05-27,11,3243,189,0.0583,2994,3242,94617,124208
MEL0,MOVI,2026-05,2026-05-27,11,1591,88,0.0553,1575,1590,62928,84964
ADT0,GSM_MOVI,2026-05,2026-05-27,12,284,43,0.1514,251,281,9661,20843
AYS3,GSM_MOVI,2026-05,2026-05-27,12,95,8,0.0842,95,95,2810,3404
AYS3,MOVI,2026-05,2026-05-27,12,16,16,1.0000,16,14,5589,8645
AYSA,GSM_PERS,2026-05,2026-05-27,12,483,44,0.0911,471,483,4063,4415
AYSE,MOVI,2026-05,2026-05-27,12,10,10,1.0000,10,10,2523,2709
DRTV,MOVI,2026-05,2026-05-27,12,381,23,0.0604,375,380,7144,8574
DRTW,GSM_MOVI,2026-05,2026-05-27,12,919,61,0.0664,800,919,4687,6141
DRTW,MOVI,2026-05,2026-05-27,12,601,39,0.0649,591,600,9853,12655
FIME,GSM_MOVI,2026-05,2026-05-27,12,4586,280,0.0611,4469,4584,11522,12038
MEL0,GSM_MOVI,2026-05,2026-05-27,12,3302,263,0.0796,3097,3302,51770,67268
MEL0,GSM_PERS,2026-05,2026-05-27,12,5531,299,0.0541,5137,5531,94617,124208
MEL0,MOVI,2026-05,2026-05-27,12,2118,107,0.0505,2075,2118,62928,84964
ADT1,GSM_MOVI,2026-05,2026-05-27,13,524,40,0.0763,227,498,304,688
AYS3,GSM_MOVI,2026-05,2026-05-27,13,529,79,0.1493,513,528,2810,3404
AYS3,MOVI,2026-05,2026-05-27,13,8,8,1.0000,8,8,5589,8645
AYSE,MOVI,2026-05,2026-05-27,13,129,16,0.1240,124,127,2523,2709
DRTV,MOVI,2026-05,2026-05-27,13,628,27,0.0430,616,625,7144,8574
DRTW,GSM_MOVI,2026-05,2026-05-27,13,1246,92,0.0738,1089,1246,4687,6141
DRTW,MOVI,2026-05,2026-05-27,13,1060,66,0.0623,1036,1058,9853,12655
FIME,GSM_MOVI,2026-05,2026-05-27,13,630,36,0.0571,616,630,11522,12038
MEL0,GSM_MOVI,2026-05,2026-05-27,13,3571,268,0.0750,3342,3570,51770,67268
MEL0,GSM_PERS,2026-05,2026-05-27,13,7218,431,0.0597,6708,7216,94617,124208
MEL0,MOVI,2026-05,2026-05-27,13,691,46,0.0666,685,691,62928,84964
AYS3,MOVI,2026-05,2026-05-27,14,497,19,0.0382,484,487,5589,8645
AYSA,MOVI,2026-05,2026-05-27,14,1,0,0.0000,1,1,9893,14194
AYSC,MOVI,2026-05,2026-05-27,14,8,1,0.1250,8,8,593,1269
AYSE,MOVI,2026-05,2026-05-27,14,60,1,0.0167,60,58,2523,2709
DRTV,MOVI,2026-05,2026-05-27,14,604,33,0.0546,595,604,7144,8574
DRTW,MOVI,2026-05,2026-05-27,14,1037,58,0.0559,1008,1036,9853,12655
MEL0,GSM_PERS,2026-05,2026-05-27,14,4243,238,0.0561,3970,4243,94617,124208
MEL0,MOVI,2026-05,2026-05-27,14,2381,142,0.0596,2329,2367,62928,84964
AYSA,MOVI,2026-05,2026-05-27,15,1,0,0.0000,1,1,9893,14194
AYSC,MOVI,2026-05,2026-05-27,15,5,0,0.0000,5,5,593,1269
DRTV,MOVI,2026-05,2026-05-27,15,537,26,0.0484,533,537,7144,8574
DRTW,MOVI,2026-05,2026-05-27,15,850,65,0.0765,831,850,9853,12655
MEL0,MOVI,2026-05,2026-05-27,15,2676,173,0.0646,2593,2634,62928,84964
AYS3,MOVI,2026-05,2026-05-27,16,12,4,0.3333,11,12,513,587
AYSA,MOVI,2026-05,2026-05-27,16,53,6,0.1132,50,53,9893,14194
AYSC,MOVI,2026-05,2026-05-27,16,306,21,0.0686,227,306,593,1269
AYSE,MOVI,2026-05,2026-05-27,16,3,1,0.3333,2,3,260,274
DRTV,MOVI,2026-05,2026-05-27,16,301,17,0.0565,298,301,7144,8574
DRTW,MOVI,2026-05,2026-05-27,16,525,36,0.0686,517,525,9853,12655
MEL0,MOVI,2026-05,2026-05-27,16,1354,79,0.0583,1318,1340,62928,84964
AYS3,MOVI,2026-05,2026-05-27,17,11,0,0.0000,8,11,513,587
AYSA,MOVI,2026-05,2026-05-27,17,53,5,0.0943,43,53,9893,14194
AYSC,MOVI,2026-05,2026-05-27,17,280,26,0.0929,200,279,593,1269
AYSE,MOVI,2026-05,2026-05-27,17,1,0,0.0000,1,1,260,274
DRTV,MOVI,2026-05,2026-05-27,17,263,12,0.0456,262,263,7144,8574
DRTW,MOVI,2026-05,2026-05-27,17,459,32,0.0697,450,459,9853,12655
MEL0,MOVI,2026-05,2026-05-27,17,2828,171,0.0605,2757,2828,62928,84964
REVO,Sin proveedor,2026-05,2026-05-27,17,1,1,1.0000,1,1,1,1
DRTV,MOVI,2026-05,2026-05-27,18,325,26,0.0800,323,325,7144,8574
DRTW,MOVI,2026-05,2026-05-27,18,500,31,0.0620,493,500,9853,12655
MEL0,MOVI,2026-05,2026-05-27,18,3395,215,0.0633,3294,3395,62928,84964
DRTV,MOVI,2026-05,2026-05-27,19,344,12,0.0349,342,344,7144,8574
DRTW,MOVI,2026-05,2026-05-27,19,518,32,0.0618,508,518,9853,12655
MEL0,MOVI,2026-05,2026-05-27,19,2997,182,0.0607,2922,2997,62928,84964
DRTV,MOVI,2026-05,2026-05-27,20,332,20,0.0602,329,332,7144,8574
DRTW,MOVI,2026-05,2026-05-27,20,569,40,0.0703,561,569,9853,12655
MEL0,MOVI,2026-05,2026-05-27,20,2596,148,0.0570,2532,2596,62928,84964
DRTV,MOVI,2026-05,2026-05-27,21,4,0,0.0000,4,4,5459,6629
DRTW,MOVI,2026-05,2026-05-27,21,7,0,0.0000,7,7,9853,12655
MEL0,MOVI,2026-05,2026-05-27,21,1253,83,0.0662,1228,1253,62928,84964
ADT0,GSM_MOVI,2026-05,2026-05-28,8,192,21,0.1094,166,190,7923,17286
AUSO,GSM_MOVI,2026-05,2026-05-28,8,1123,107,0.0953,1024,1123,12525,18423
AYS3,GSM_PERS,2026-05,2026-05-28,8,94,6,0.0638,85,83,1937,2168
AYSA,GSM_MOVI,2026-05,2026-05-28,8,720,71,0.0986,612,715,7228,9337
AYSA,GSM_PERS,2026-05,2026-05-28,8,137,23,0.1679,135,136,4063,4415
AYSE,GSM_MOVI,2026-05,2026-05-28,8,30,11,0.3667,29,30,1654,1778
AYSE,GSM_PERS,2026-05,2026-05-28,8,561,46,0.0820,463,560,10280,16277
DRPW,GSM_MOVI,2026-05,2026-05-28,8,411,50,0.1217,378,411,6180,11733
DRTV,GSM_MOVI,2026-05,2026-05-28,8,26,1,0.0385,26,26,3405,4266
OEST,GSM_MOVI,2026-05,2026-05-28,8,2291,246,0.1074,2053,2290,10104,14614
ADT0,GSM_MOVI,2026-05,2026-05-28,9,281,25,0.0890,240,279,7923,17286
AUSO,GSM_MOVI,2026-05,2026-05-28,9,2093,211,0.1008,1927,2092,12525,18423
AYS3,GSM_PERS,2026-05,2026-05-28,9,385,45,0.1169,329,332,1937,2168
AYS3,MOVI,2026-05,2026-05-28,9,2,0,0.0000,2,2,513,587
AYSA,GSM_MOVI,2026-05,2026-05-28,9,983,104,0.1058,844,980,7228,9337
AYSA,GSM_PERS,2026-05,2026-05-28,9,576,67,0.1163,558,575,4063,4415
AYSA,MOVI,2026-05,2026-05-28,9,1728,140,0.0810,1594,1726,24651,38039
AYSC,MOVI,2026-05,2026-05-28,9,43,4,0.0930,40,43,593,1269
AYSE,GSM_MOVI,2026-05,2026-05-28,9,234,82,0.3504,219,234,1654,1778
AYSE,GSM_PERS,2026-05,2026-05-28,9,1872,168,0.0897,1550,1866,10280,16277
DRPW,GSM_MOVI,2026-05,2026-05-28,9,505,65,0.1287,463,504,6180,11733
DRTV,GSM_MOVI,2026-05,2026-05-28,9,362,16,0.0442,329,362,3405,4266
DRTW,GSM_PERS,2026-05,2026-05-28,9,443,14,0.0316,401,443,7104,11579
OEST,GSM_MOVI,2026-05,2026-05-28,9,4300,518,0.1205,3766,4282,10104,14614
ADT0,GSM_MOVI,2026-05,2026-05-28,10,254,30,0.1181,214,247,9661,20843
AUSO,GSM_MOVI,2026-05,2026-05-28,10,2279,265,0.1163,2096,2276,12525,18423
AUSO,Sin proveedor,2026-05,2026-05-28,10,1,1,1.0000,1,1,4,4
AYS3,GSM_PERS,2026-05,2026-05-28,10,846,65,0.0768,801,825,1937,2168
AYSA,GSM_MOVI,2026-05,2026-05-28,10,1045,112,0.1072,885,1043,7228,9337
AYSA,GSM_PERS,2026-05,2026-05-28,10,1556,131,0.0842,1494,1549,4063,4415
AYSA,MOVI,2026-05,2026-05-28,10,5,0,0.0000,5,5,14758,23845
AYSC,MOVI,2026-05,2026-05-28,10,2,0,0.0000,2,2,593,1269
AYSE,GSM_PERS,2026-05,2026-05-28,10,2411,201,0.0834,1831,2404,10280,16277
AYSE,MOVI,2026-05,2026-05-28,10,72,72,1.0000,71,72,3048,3273
CVIA,GSM_PERS,2026-05,2026-05-28,10,61,5,0.0820,39,61,49,79
DRPW,GSM_MOVI,2026-05,2026-05-28,10,689,80,0.1161,620,689,6180,11733
DRTV,GSM_MOVI,2026-05,2026-05-28,10,438,33,0.0753,378,438,3405,4266
DRTW,GSM_PERS,2026-05,2026-05-28,10,1445,60,0.0415,1257,1444,7104,11579
DRTW,MOVI,2026-05,2026-05-28,10,1266,85,0.0671,1230,1265,9853,12655
FIME,GSM_MOVI,2026-05,2026-05-28,10,2732,138,0.0505,2658,2730,11522,12038
MEL0,GSM_MOVI,2026-05,2026-05-28,10,366,32,0.0874,352,366,51770,67268
MEL0,GSM_PERS,2026-05,2026-05-28,10,430,20,0.0465,405,430,94617,124208
MEL0,MOVI,2026-05,2026-05-28,10,3,0,0.0000,3,3,36365,48944
OEST,GSM_MOVI,2026-05,2026-05-28,10,953,144,0.1511,892,951,10104,14614
OEST,Sin proveedor,2026-05,2026-05-28,10,1,1,1.0000,1,1,1,1
ADT0,GSM_MOVI,2026-05,2026-05-28,11,771,111,0.1440,610,760,9661,20843
AUSO,GSM_MOVI,2026-05,2026-05-28,11,1869,198,0.1059,1730,1868,12525,18423
AYS3,MOVI,2026-05,2026-05-28,11,16,1,0.0625,11,16,513,587
AYSA,GSM_MOVI,2026-05,2026-05-28,11,572,65,0.1136,494,571,7228,9337
AYSA,GSM_PERS,2026-05,2026-05-28,11,73,5,0.0685,73,73,4063,4415
AYSA,MOVI,2026-05,2026-05-28,11,746,73,0.0979,709,746,24651,38039
AYSC,MOVI,2026-05,2026-05-28,11,415,29,0.0699,267,410,593,1269
AYSE,MOVI,2026-05,2026-05-28,11,90,89,0.9889,90,90,3308,3547
DRPW,GSM_MOVI,2026-05,2026-05-28,11,504,63,0.1250,465,504,6180,11733
DRTV,GSM_MOVI,2026-05,2026-05-28,11,225,13,0.0578,214,225,3405,4266
DRTW,GSM_PERS,2026-05,2026-05-28,11,4005,192,0.0479,3328,4004,7104,11579
DRTW,MOVI,2026-05,2026-05-28,11,1311,83,0.0633,1276,1311,9853,12655
FIME,GSM_MOVI,2026-05,2026-05-28,11,4034,191,0.0473,3930,4029,11522,12038
MEL0,GSM_MOVI,2026-05,2026-05-28,11,1330,101,0.0759,1268,1330,51770,67268
MEL0,GSM_PERS,2026-05,2026-05-28,11,2524,129,0.0511,2370,2524,94617,124208
MEL0,MOVI,2026-05,2026-05-28,11,1517,70,0.0461,1502,1517,62928,84964
ADT0,GSM_MOVI,2026-05,2026-05-28,12,349,43,0.1232,295,345,9661,20843
AUSO,GSM_MOVI,2026-05,2026-05-28,12,1312,152,0.1159,1236,1310,12525,18423
AYS3,GSM_MOVI,2026-05,2026-05-28,12,33,4,0.1212,32,33,2810,3404
AYS3,MOVI,2026-05,2026-05-28,12,16,1,0.0625,16,16,513,587
AYSA,GSM_MOVI,2026-05,2026-05-28,12,834,102,0.1223,750,825,7228,9337
AYSA,MOVI,2026-05,2026-05-28,12,686,64,0.0933,660,686,24651,38039
AYSC,MOVI,2026-05,2026-05-28,12,411,43,0.1046,281,411,593,1269
AYSE,MOVI,2026-05,2026-05-28,12,74,71,0.9595,74,74,3308,3547
DRPW,GSM_MOVI,2026-05,2026-05-28,12,520,63,0.1212,480,520,6180,11733
DRTV,GSM_MOVI,2026-05,2026-05-28,12,251,14,0.0558,233,251,3405,4266
DRTW,MOVI,2026-05,2026-05-28,12,1344,81,0.0603,1300,1344,9853,12655
FIME,GSM_MOVI,2026-05,2026-05-28,12,2601,154,0.0592,2547,2600,11522,12038
MEL0,GSM_MOVI,2026-05,2026-05-28,12,3125,221,0.0707,2937,3125,51770,67268
MEL0,GSM_PERS,2026-05,2026-05-28,12,6153,299,0.0486,5757,6153,94617,124208
MEL0,MOVI,2026-05,2026-05-28,12,1596,62,0.0388,1577,1595,62928,84964
ADT0,GSM_MOVI,2026-05,2026-05-28,13,399,49,0.1228,323,395,7923,17286
AUSO,GSM_MOVI,2026-05,2026-05-28,13,646,84,0.1300,624,646,12525,18423
AYS3,GSM_MOVI,2026-05,2026-05-28,13,107,12,0.1121,105,107,2810,3404
AYS3,MOVI,2026-05,2026-05-28,13,12,1,0.0833,10,12,513,587
AYSA,GSM_MOVI,2026-05,2026-05-28,13,906,96,0.1060,794,905,7228,9337
AYSA,MOVI,2026-05,2026-05-28,13,502,52,0.1036,478,502,24651,38039
AYSC,MOVI,2026-05,2026-05-28,13,279,22,0.0789,202,279,593,1269
AYSE,MOVI,2026-05,2026-05-28,13,223,63,0.2825,220,222,3308,3547
DRPW,GSM_MOVI,2026-05,2026-05-28,13,19,1,0.0526,19,19,6180,11733
DRTV,GSM_MOVI,2026-05,2026-05-28,13,372,20,0.0538,344,372,3405,4266
DRTW,MOVI,2026-05,2026-05-28,13,1328,80,0.0602,1282,1328,9853,12655
FIME,GSM_MOVI,2026-05,2026-05-28,13,2690,164,0.0610,2634,2690,11522,12038
MEL0,GSM_MOVI,2026-05,2026-05-28,13,3435,238,0.0693,3234,3434,51770,67268
MEL0,GSM_PERS,2026-05,2026-05-28,13,407,21,0.0516,396,407,94617,124208
MEL0,MOVI,2026-05,2026-05-28,13,1198,55,0.0459,1189,1198,62928,84964
ADT0,GSM_MOVI,2026-05,2026-05-28,14,1424,179,0.1257,1123,1412,7923,17286
AYS3,GSM_MOVI,2026-05,2026-05-28,14,481,66,0.1372,466,480,2810,3404
AYS3,MOVI,2026-05,2026-05-28,14,3,1,0.3333,3,3,513,587
AYSA,GSM_MOVI,2026-05,2026-05-28,14,3695,399,0.1080,3070,3675,7228,9337
AYSA,MOVI,2026-05,2026-05-28,14,919,102,0.1110,867,919,24651,38039
AYSC,MOVI,2026-05,2026-05-28,14,119,4,0.0336,102,118,593,1269
AYSE,MOVI,2026-05,2026-05-28,14,331,51,0.1541,324,331,3308,3547
DRTV,GSM_MOVI,2026-05,2026-05-28,14,1300,82,0.0631,1148,1300,3405,4266
DRTW,MOVI,2026-05,2026-05-28,14,1014,65,0.0641,997,1014,9853,12655
MEL0,GSM_PERS,2026-05,2026-05-28,14,496,33,0.0665,486,496,94617,124208
MEL0,MOVI,2026-05,2026-05-28,14,1861,78,0.0419,1842,1861,62928,84964
AYSA,GSM_MOVI,2026-05,2026-05-28,15,651,71,0.1091,574,651,7228,9337
AYSA,MOVI,2026-05,2026-05-28,15,131,13,0.0992,128,131,14758,23845
AYSE,MOVI,2026-05,2026-05-28,15,477,10,0.0210,464,471,3048,3273
DRTV,GSM_MOVI,2026-05,2026-05-28,15,570,36,0.0632,506,570,3405,4266
DRTW,MOVI,2026-05,2026-05-28,15,368,26,0.0707,358,368,9853,12655
MEL0,GSM_PERS,2026-05,2026-05-28,15,522,21,0.0402,510,522,94617,124208
MEL0,MOVI,2026-05,2026-05-28,15,602,30,0.0498,599,602,62928,84964
AYSA,MOVI,2026-05,2026-05-28,16,214,20,0.0935,210,214,14758,23845
MEL0,GSM_PERS,2026-05,2026-05-28,16,1917,121,0.0631,1829,1917,94617,124208
MEL0,MOVI,2026-05,2026-05-28,16,848,48,0.0566,843,848,62928,84964
AYSA,MOVI,2026-05,2026-05-28,17,875,69,0.0789,827,874,14758,23845
DRTW,Sin proveedor,2026-05,2026-05-28,17,1,1,1.0000,1,1,4,4
MEL0,GSM_PERS,2026-05,2026-05-28,17,3218,209,0.0649,3059,3218,94617,124208
MEL0,MOVI,2026-05,2026-05-28,17,1959,98,0.0500,1939,1959,62928,84964
AYSA,MOVI,2026-05,2026-05-28,18,1168,120,0.1027,1093,1166,14758,23845
MEL0,GSM_PERS,2026-05,2026-05-28,18,1798,122,0.0679,1705,1798,94617,124208
MEL0,MOVI,2026-05,2026-05-28,18,2325,114,0.0490,2297,2325,62928,84964
AYSA,MOVI,2026-05,2026-05-28,19,1293,101,0.0781,1204,1291,14758,23845
AYSA,Sin proveedor,2026-05,2026-05-28,19,1,0,0.0000,1,1,2,2
MEL0,MOVI,2026-05,2026-05-28,19,2425,125,0.0515,2394,2424,62928,84964
AYSA,MOVI,2026-05,2026-05-28,20,1290,88,0.0682,1195,1287,14758,23845
MEL0,MOVI,2026-05,2026-05-28,20,2365,127,0.0537,2327,2365,62928,84964
AYSA,MOVI,2026-05,2026-05-28,21,6417,526,0.0820,4992,6386,14758,23845
MEL0,MOVI,2026-05,2026-05-28,21,3901,208,0.0533,3788,3900,62928,84964
AYSA,MOVI,2026-05,2026-05-28,22,43,7,0.1628,41,43,14758,23845
MEL0,MOVI,2026-05,2026-05-28,22,6,1,0.1667,6,6,62928,84964
ADT0,GSM_MOVI,2026-05,2026-05-29,8,207,22,0.1063,172,207,7923,17286
AUSO,GSM_MOVI,2026-05,2026-05-29,8,885,143,0.1616,722,885,5478,9610
AYS3,GSM_MOVI,2026-05,2026-05-29,8,2,1,0.5000,2,2,2339,2884
AYS3,GSM_PERS,2026-05,2026-05-29,8,117,10,0.0855,104,106,1937,2168
AYSA,GSM_MOVI,2026-05,2026-05-29,8,655,129,0.1969,562,653,13037,16638
AYSA,GSM_PERS,2026-05,2026-05-29,8,158,22,0.1392,153,158,4063,4415
AYSA,MOVI,2026-05,2026-05-29,8,8263,616,0.0745,6209,8221,14758,23845
AYSE,GSM_MOVI,2026-05,2026-05-29,8,338,106,0.3136,309,338,1654,1778
AYSE,GSM_PERS,2026-05,2026-05-29,8,234,57,0.2436,213,234,12169,19241
DRPW,GSM_MOVI,2026-05,2026-05-29,8,2130,202,0.0948,1828,2129,6180,11733
MEL0,MOVI,2026-05,2026-05-29,8,1022,39,0.0382,976,1022,62928,84964
ADT0,GSM_MOVI,2026-05,2026-05-29,9,2073,232,0.1119,1560,2040,7923,17286
AUSO,GSM_MOVI,2026-05,2026-05-29,9,2071,322,0.1555,1633,2066,5478,9610
AYS3,GSM_MOVI,2026-05,2026-05-29,9,29,9,0.3103,21,29,2810,3404
AYS3,GSM_PERS,2026-05,2026-05-29,9,541,38,0.0702,472,484,1937,2168
AYS3,MOVI,2026-05,2026-05-29,9,23,3,0.1304,20,23,513,587
AYSA,GSM_MOVI,2026-05,2026-05-29,9,1857,296,0.1594,1535,1851,13037,16638
AYSA,GSM_PERS,2026-05,2026-05-29,9,519,59,0.1137,505,518,4063,4415
AYSA,MOVI,2026-05,2026-05-29,9,2651,232,0.0875,2441,2645,24651,38039
AYSC,MOVI,2026-05,2026-05-29,9,567,33,0.0582,354,564,593,1269
AYSE,GSM_PERS,2026-05,2026-05-29,9,1325,274,0.2068,1156,1323,12169,19241
AYSE,MOVI,2026-05,2026-05-29,9,291,55,0.1890,286,289,3308,3547
DRPW,GSM_MOVI,2026-05,2026-05-29,9,493,49,0.0994,449,493,6180,11733
DRTV,GSM_PERS,2026-05,2026-05-29,9,48,48,1.0000,48,48,6166,8376
DRTW,MOVI,2026-05,2026-05-29,9,758,41,0.0541,739,758,9853,12655
OEST,Sin proveedor,2026-05,2026-05-29,9,1,1,1.0000,1,1,1,1
ADT0,GSM_MOVI,2026-05,2026-05-29,10,513,59,0.1150,451,511,9661,20843
AUSO,GSM_MOVI,2026-05,2026-05-29,10,974,189,0.1940,807,973,5478,9610
AYS3,GSM_PERS,2026-05,2026-05-29,10,657,45,0.0685,630,642,1937,2168
AYS3,MOVI,2026-05,2026-05-29,10,26,1,0.0385,18,26,513,587
AYSA,GSM_MOVI,2026-05,2026-05-29,10,1976,323,0.1635,1725,1972,7228,9337
AYSA,GSM_PERS,2026-05,2026-05-29,10,1019,109,0.1070,981,1016,4063,4415
AYSA,MOVI,2026-05,2026-05-29,10,3258,306,0.0939,2757,3249,24651,38039
AYSC,MOVI,2026-05,2026-05-29,10,707,42,0.0594,416,699,593,1269
AYSE,GSM_PERS,2026-05,2026-05-29,10,1013,267,0.2636,880,1010,12169,19241
AYSE,MOVI,2026-05,2026-05-29,10,376,66,0.1755,364,375,3308,3547
CVIA,GSM_PERS,2026-05,2026-05-29,10,61,6,0.0984,39,61,49,79
DRTV,GSM_PERS,2026-05,2026-05-29,10,79,79,1.0000,79,79,6166,8376
DRTW,MOVI,2026-05,2026-05-29,10,858,45,0.0524,847,858,9853,12655
FIME,GSM_MOVI,2026-05,2026-05-29,10,3058,144,0.0471,2954,3058,11522,12038
MEL0,GSM_MOVI,2026-05,2026-05-29,10,502,32,0.0637,489,502,51770,67268
MEL0,GSM_PERS,2026-05,2026-05-29,10,89,16,0.1798,88,89,94617,124208
MEL0,MOVI,2026-05,2026-05-29,10,1579,73,0.0462,1538,1578,62928,84964
ADT0,GSM_MOVI,2026-05,2026-05-29,11,483,69,0.1429,359,469,1738,3557
AYSA,GSM_MOVI,2026-05,2026-05-29,11,1168,201,0.1721,993,1166,7228,9337
AYSA,GSM_PERS,2026-05,2026-05-29,11,612,53,0.0866,599,610,4063,4415
AYSA,MOVI,2026-05,2026-05-29,11,2384,207,0.0868,2079,2379,24651,38039
AYSA,Sin proveedor,2026-05,2026-05-29,11,1,0,0.0000,1,1,2,2
AYSE,GSM_PERS,2026-05,2026-05-29,11,362,93,0.2569,327,362,12169,19241
AYSE,MOVI,2026-05,2026-05-29,11,293,64,0.2184,291,292,3048,3273
AYSJ,GSM_MOVI,2026-05,2026-05-29,11,883,39,0.0442,592,755,1050,1467
DRTV,GSM_PERS,2026-05,2026-05-29,11,60,60,1.0000,59,60,6166,8376
DRTW,MOVI,2026-05,2026-05-29,11,873,41,0.0470,861,873,9853,12655
DRTW,Sin proveedor,2026-05,2026-05-29,11,2,2,1.0000,2,2,10,10
FIME,GSM_MOVI,2026-05,2026-05-29,11,3973,225,0.0566,3856,3970,11522,12038
MEL0,GSM_MOVI,2026-05,2026-05-29,11,1358,141,0.1038,1334,1358,51770,67268
MEL0,GSM_PERS,2026-05,2026-05-29,11,2319,178,0.0768,2131,2319,94617,124208
MEL0,MOVI,2026-05,2026-05-29,11,2957,152,0.0514,2896,2957,62928,84964
AYS3,GSM_MOVI,2026-05,2026-05-29,12,87,11,0.1264,86,87,2810,3404
AYSA,MOVI,2026-05,2026-05-29,12,2687,235,0.0875,2286,2681,14758,23845
AYSJ,GSM_MOVI,2026-05,2026-05-29,12,1090,55,0.0505,679,882,1050,1467
DRTV,GSM_PERS,2026-05,2026-05-29,12,35,34,0.9714,35,35,6166,8376
DRTW,MOVI,2026-05,2026-05-29,12,344,15,0.0436,341,344,9853,12655
FIME,GSM_MOVI,2026-05,2026-05-29,12,4240,241,0.0568,4128,4235,11522,12038
MEL0,GSM_MOVI,2026-05,2026-05-29,12,2883,218,0.0756,2832,2883,51770,67268
MEL0,GSM_PERS,2026-05,2026-05-29,12,2297,309,0.1345,2205,2297,94617,124208
MEL0,MOVI,2026-05,2026-05-29,12,2899,156,0.0538,2840,2899,62928,84964
AYS3,GSM_MOVI,2026-05,2026-05-29,13,530,62,0.1170,516,528,2810,3404
AYSA,MOVI,2026-05,2026-05-29,13,1568,132,0.0842,1433,1566,14758,23845
AYSJ,GSM_MOVI,2026-05,2026-05-29,13,633,23,0.0363,507,629,1050,1467
FIME,GSM_MOVI,2026-05,2026-05-29,13,786,44,0.0560,776,786,11522,12038
MEL0,GSM_MOVI,2026-05,2026-05-29,13,205,120,0.5854,205,205,51770,67268
MEL0,GSM_PERS,2026-05,2026-05-29,13,2277,437,0.1919,2194,2277,94617,124208
MEL0,MOVI,2026-05,2026-05-29,13,2510,143,0.0570,2465,2510,62928,84964
AYSA,MOVI,2026-05,2026-05-29,14,2439,226,0.0927,2143,2433,14758,23845
MEL0,GSM_PERS,2026-05,2026-05-29,14,537,89,0.1657,523,537,94617,124208
MEL0,MOVI,2026-05,2026-05-29,14,2874,135,0.0470,2833,2874,62928,84964
AYSA,MOVI,2026-05,2026-05-29,15,2062,198,0.0960,1843,2059,14758,23845
AYSE,GSM_PERS,2026-05,2026-05-29,15,2605,194,0.0745,1988,2591,13103,20674
AYSE,MOVI,2026-05,2026-05-29,15,53,36,0.6792,53,53,619,659
DRPW,Sin proveedor,2026-05,2026-05-29,15,1,1,1.0000,1,1,1,1
MEL0,MOVI,2026-05,2026-05-29,15,2775,165,0.0595,2731,2775,62928,84964
AYSA,MOVI,2026-05,2026-05-29,16,1517,133,0.0877,1388,1515,14758,23845
AYSE,MOVI,2026-05,2026-05-29,16,491,136,0.2770,477,491,3048,3273
MEL0,MOVI,2026-05,2026-05-29,16,2607,118,0.0453,2557,2607,62928,84964
AYSA,MOVI,2026-05,2026-05-29,17,1151,93,0.0808,1073,1147,14758,23845
AYSE,MOVI,2026-05,2026-05-29,17,1203,244,0.2028,1137,1196,2429,2614
MEL0,MOVI,2026-05,2026-05-29,17,2369,130,0.0549,2336,2369,62928,84964
AYSA,GSM_MOVI,2026-05,2026-05-29,18,689,43,0.0624,595,683,7228,9337
AYSA,MOVI,2026-05,2026-05-29,18,2964,226,0.0762,2633,2957,14758,23845
AYSE,GSM_PERS,2026-05,2026-05-29,18,873,74,0.0848,700,872,12169,19241
DRTV,GSM_PERS,2026-05,2026-05-29,18,1170,84,0.0718,1076,1170,6166,8376
MEL0,GSM_MOVI,2026-05,2026-05-29,18,1789,122,0.0682,1539,1789,51770,67268
MEL0,GSM_PERS,2026-05,2026-05-29,18,2202,170,0.0772,2093,2202,94617,124208
MEL0,MOVI,2026-05,2026-05-29,18,512,31,0.0605,502,512,62928,84964
AYSA,GSM_MOVI,2026-05,2026-05-29,19,1556,75,0.0482,1292,1550,7228,9337
AYSA,MOVI,2026-05,2026-05-29,19,2169,159,0.0733,1970,2163,14758,23845
AYSE,GSM_PERS,2026-05,2026-05-29,19,1668,123,0.0737,1276,1661,12169,19241
DRTV,GSM_PERS,2026-05,2026-05-29,19,2244,128,0.0570,2051,2244,6166,8376
MEL0,GSM_MOVI,2026-05,2026-05-29,19,1284,95,0.0740,1127,1284,51770,67268
MEL0,GSM_PERS,2026-05,2026-05-29,19,4398,273,0.0621,4222,4398,94617,124208
MEL0,MOVI,2026-05,2026-05-29,19,310,16,0.0516,300,310,62928,84964
AYSA,GSM_MOVI,2026-05,2026-05-29,20,1613,94,0.0583,1362,1604,7228,9337
AYSE,GSM_PERS,2026-05,2026-05-29,20,2275,174,0.0765,1755,2271,12169,19241
DRTV,GSM_PERS,2026-05,2026-05-29,20,618,42,0.0680,589,618,6166,8376
DRTW,Sin proveedor,2026-05,2026-05-29,20,1,1,1.0000,1,1,6,6
MEL0,GSM_PERS,2026-05,2026-05-29,20,5508,447,0.0812,5248,5508,94617,124208
AYSA,GSM_MOVI,2026-05,2026-05-29,21,1,0,0.0000,1,1,7228,9337
AYSE,GSM_PERS,2026-05,2026-05-29,21,1,0,0.0000,1,1,1889,2964
MEL0,GSM_PERS,2026-05,2026-05-29,21,19,3,0.1579,17,19,94617,124208
ADT0,GSM_MOVI,2026-05,2026-05-30,8,407,27,0.0663,353,402,7923,17286
AUSO,GSM_MOVI,2026-05,2026-05-30,8,1119,105,0.0938,1032,1119,9665,11811
AUSO,GSM_PERS,2026-05,2026-05-30,8,695,61,0.0878,603,695,5315,7924
AYSE,GSM_MOVI,2026-05,2026-05-30,8,334,94,0.2814,307,334,1654,1778
DRPW,GSM_MOVI,2026-05,2026-05-30,8,457,33,0.0722,410,457,6180,11733
OEST,GSM_MOVI,2026-05,2026-05-30,8,2057,198,0.0963,1896,2054,11353,13919
ADT0,GSM_MOVI,2026-05,2026-05-30,9,722,37,0.0512,595,716,7923,17286
AUSO,GSM_MOVI,2026-05,2026-05-30,9,2856,343,0.1201,2632,2856,9665,11811
AUSO,GSM_PERS,2026-05,2026-05-30,9,1394,144,0.1033,1101,1290,5315,7924
AYSE,GSM_MOVI,2026-05,2026-05-30,9,19,7,0.3684,18,19,1130,1191
DRPW,GSM_MOVI,2026-05,2026-05-30,9,504,37,0.0734,471,504,6180,11733
DRTV,GSM_PERS,2026-05,2026-05-30,9,736,23,0.0313,650,736,6166,8376
DRTW,GSM_PERS,2026-05,2026-05-30,9,1170,73,0.0624,995,1170,7104,11579
OEST,GSM_MOVI,2026-05,2026-05-30,9,5129,598,0.1166,4588,5118,11353,13919
REVO,MOVI,2026-05,2026-05-30,9,4007,565,0.1410,3434,4007,30329,40341
ADT0,GSM_MOVI,2026-05,2026-05-30,10,491,48,0.0978,420,485,9661,20843
AUSO,GSM_MOVI,2026-05,2026-05-30,10,2687,323,0.1202,2464,2681,9665,11811
AUSO,GSM_PERS,2026-05,2026-05-30,10,1856,206,0.1110,1377,1619,5315,7924
AUSO,Sin proveedor,2026-05,2026-05-30,10,1,1,1.0000,1,1,1,1
CVIA,GSM_PERS,2026-05,2026-05-30,10,61,5,0.0820,39,61,49,79
DRPW,GSM_MOVI,2026-05,2026-05-30,10,710,57,0.0803,648,710,6180,11733
DRTV,GSM_PERS,2026-05,2026-05-30,10,905,47,0.0519,810,905,6166,8376
DRTW,GSM_PERS,2026-05,2026-05-30,10,1403,80,0.0570,1151,1403,7104,11579
FIME,GSM_MOVI,2026-05,2026-05-30,10,2116,87,0.0411,2063,2115,11522,12038
MEL0,GSM_MOVI,2026-05,2026-05-30,10,495,28,0.0566,478,495,51770,67268
MEL0,GSM_PERS,2026-05,2026-05-30,10,604,24,0.0397,571,604,94617,124208
MEL0,MOVI,2026-05,2026-05-30,10,4294,240,0.0559,4072,4293,62928,84964
OEST,GSM_MOVI,2026-05,2026-05-30,10,2986,406,0.1360,2754,2981,11353,13919
OEST,Sin proveedor,2026-05,2026-05-30,10,1,1,1.0000,1,1,4,4
ADT0,GSM_MOVI,2026-05,2026-05-30,11,247,28,0.1134,213,244,9661,20843
AUSO,GSM_MOVI,2026-05,2026-05-30,11,2319,315,0.1358,2135,2317,9665,11811
AUSO,GSM_PERS,2026-05,2026-05-30,11,1616,202,0.1250,1251,1442,5315,7924
DRPW,GSM_MOVI,2026-05,2026-05-30,11,718,86,0.1198,658,718,6180,11733
DRTV,GSM_PERS,2026-05,2026-05-30,11,225,12,0.0533,211,225,6166,8376
DRTW,GSM_PERS,2026-05,2026-05-30,11,373,26,0.0697,318,373,7104,11579
FIME,GSM_MOVI,2026-05,2026-05-30,11,3632,162,0.0446,3519,3630,11522,12038
MEL0,GSM_MOVI,2026-05,2026-05-30,11,1534,98,0.0639,1463,1534,51770,67268
MEL0,GSM_PERS,2026-05,2026-05-30,11,4041,265,0.0656,3702,4040,94617,124208
MEL0,MOVI,2026-05,2026-05-30,11,8040,430,0.0535,7410,8038,62928,84964
OEST,GSM_MOVI,2026-05,2026-05-30,11,1158,163,0.1408,1096,1156,11353,13919
ADT0,GSM_MOVI,2026-05,2026-05-30,12,321,36,0.1121,275,317,9661,20843
AUSO,GSM_MOVI,2026-05,2026-05-30,12,916,137,0.1496,859,916,9665,11811
AUSO,GSM_PERS,2026-05,2026-05-30,12,1733,211,0.1218,1329,1542,5315,7924
AUSO,Sin proveedor,2026-05,2026-05-30,12,1,1,1.0000,1,1,1,1
AYSE,GSM_MOVI,2026-05,2026-05-30,12,2,0,0.0000,2,2,262,296
DRPW,GSM_MOVI,2026-05,2026-05-30,12,192,23,0.1198,188,192,6180,11733
DRTV,GSM_PERS,2026-05,2026-05-30,12,363,16,0.0441,323,363,6166,8376
DRTW,GSM_PERS,2026-05,2026-05-30,12,512,31,0.0605,421,512,7104,11579
FIME,GSM_MOVI,2026-05,2026-05-30,12,5120,260,0.0508,4970,5117,11522,12038
MEL0,GSM_MOVI,2026-05,2026-05-30,12,2186,145,0.0663,2059,2186,51770,67268
MEL0,GSM_PERS,2026-05,2026-05-30,12,1845,96,0.0520,1697,1845,94617,124208
MEL0,MOVI,2026-05,2026-05-30,12,7856,457,0.0582,7230,7852,62928,84964
OEST,GSM_MOVI,2026-05,2026-05-30,12,1025,151,0.1473,972,1023,8671,10607
ADT0,GSM_MOVI,2026-05,2026-05-30,13,625,70,0.1120,523,622,9661,20843
AUSO,GSM_MOVI,2026-05,2026-05-30,13,552,91,0.1649,512,551,2683,3210
AUSO,GSM_PERS,2026-05,2026-05-30,13,722,94,0.1302,612,689,5315,7924
AYSE,GSM_MOVI,2026-05,2026-05-30,13,17,4,0.2353,16,17,1654,1778
DRTV,GSM_PERS,2026-05,2026-05-30,13,592,40,0.0676,526,592,6166,8376
DRTW,GSM_PERS,2026-05,2026-05-30,13,791,52,0.0657,668,791,7104,11579
FIME,GSM_MOVI,2026-05,2026-05-30,13,1189,84,0.0706,1169,1189,11522,12038
MEL0,GSM_MOVI,2026-05,2026-05-30,13,3743,279,0.0745,3473,3743,51770,67268
MEL0,GSM_PERS,2026-05,2026-05-30,13,3117,187,0.0600,2902,3117,94617,124208
MEL0,MOVI,2026-05,2026-05-30,13,4971,274,0.0551,4620,4970,62928,84964
OEST,GSM_MOVI,2026-05,2026-05-30,13,98,16,0.1633,91,97,8671,10607
OEST,Sin proveedor,2026-05,2026-05-30,13,1,1,1.0000,1,1,1,1
ADT0,GSM_MOVI,2026-05,2026-05-30,14,173,28,0.1618,142,169,9661,20843
AUSO,GSM_MOVI,2026-05,2026-05-30,14,87,15,0.1724,83,87,2683,3210
DRTV,GSM_PERS,2026-05,2026-05-30,14,493,25,0.0507,441,493,6166,8376
DRTW,GSM_PERS,2026-05,2026-05-30,14,857,52,0.0607,723,857,7104,11579
MEL0,GSM_MOVI,2026-05,2026-05-30,14,979,74,0.0756,916,979,51770,67268
MEL0,GSM_PERS,2026-05,2026-05-30,14,4723,271,0.0574,4389,4722,94617,124208
DRTV,GSM_PERS,2026-05,2026-05-30,15,759,32,0.0422,685,759,6166,8376
DRTW,GSM_PERS,2026-05,2026-05-30,15,980,49,0.0500,822,980,7104,11579
MEL0,GSM_PERS,2026-05,2026-05-30,15,4560,224,0.0491,4264,4560,94617,124208
DRTV,GSM_PERS,2026-05,2026-05-30,16,32,0,0.0000,31,32,6166,8376
DRTW,GSM_PERS,2026-05,2026-05-30,16,54,4,0.0741,45,54,7104,11579
MEL0,GSM_PERS,2026-05,2026-05-30,16,224,13,0.0580,212,224,94617,124208
ADT0,GSM_MOVI,2026-05,2026-05-31,8,2469,169,0.0684,1768,2415,7923,17286
AUSO,GSM_MOVI,2026-05,2026-05-31,8,1741,161,0.0925,1377,1737,5478,9610
AUSO,GSM_MOVI,2026-05,2026-05-31,9,2073,204,0.0984,1593,2061,5478,9610
REVO,MOVI,2026-05,2026-05-31,9,608,44,0.0724,573,608,30329,40341
ADT0,GSM_MOVI,2026-05,2026-05-31,10,60,6,0.1000,49,55,1738,3557
CVIA,GSM_PERS,2026-05,2026-05-31,10,61,4,0.0656,39,61,49,79
MEL0,GSM_MOVI,2026-05,2026-05-31,10,2231,125,0.0560,2117,2230,51770,67268
MEL0,GSM_PERS,2026-05,2026-05-31,10,1718,117,0.0681,1607,1718,94617,124208
MEL0,MOVI,2026-05,2026-05-31,10,4335,186,0.0429,4121,4334,62928,84964
ADT0,GSM_MOVI,2026-05,2026-05-31,11,555,72,0.1297,406,546,1738,3557
MEL0,GSM_MOVI,2026-05,2026-05-31,11,6969,382,0.0548,6367,6969,51770,67268
MEL0,GSM_PERS,2026-05,2026-05-31,11,7870,431,0.0548,7315,7869,94617,124208
MEL0,MOVI,2026-05,2026-05-31,11,8090,359,0.0444,7480,8089,62928,84964
MEL0,GSM_PERS,2026-05,2026-05-31,12,8318,537,0.0646,7856,8317,94617,124208
MEL0,MOVI,2026-05,2026-05-31,12,7844,340,0.0433,7257,7842,62928,84964
MEL0,GSM_PERS,2026-05,2026-05-31,13,2568,188,0.0732,2476,2568,94617,124208
MEL0,MOVI,2026-05,2026-05-31,13,5187,277,0.0534,4852,5187,62928,84964
ADT0,GSM_MOVI,2026-06,2026-06-01,8,395,41,0.1038,306,391,1794,2444
AUSO,GSM_MOVI,2026-06,2026-06-01,8,897,131,0.1460,742,896,3576,4955
AYS3,GSM_MOVI,2026-06,2026-06-01,8,29,7,0.2414,22,29,6141,9176
AYS3,GSM_PERS,2026-06,2026-06-01,8,266,26,0.0977,216,233,1266,1356
AYSA,GSM_MOVI,2026-06,2026-06-01,8,1139,119,0.1045,942,1138,21631,33163
AYSA,GSM_PERS,2026-06,2026-06-01,8,687,100,0.1456,670,678,16879,25757
AYSE,GSM_PERS,2026-06,2026-06-01,8,1923,212,0.1102,1565,1916,5873,8313
DRPW,GSM_MOVI,2026-06,2026-06-01,8,2192,203,0.0926,1872,2190,2211,2634
ADT0,GSM_MOVI,2026-06,2026-06-01,9,2104,211,0.1003,1528,2054,1794,2444
AUSO,GSM_MOVI,2026-06,2026-06-01,9,1978,256,0.1294,1620,1973,3576,4955
AYS3,GSM_PERS,2026-06,2026-06-01,9,920,79,0.0859,866,898,1266,1356
AYS3,MOVI,2026-06,2026-06-01,9,23,3,0.1304,19,23,1580,2131
AYSA,GSM_MOVI,2026-06,2026-06-01,9,1898,143,0.0753,1545,1878,13655,21597
AYSA,GSM_PERS,2026-06,2026-06-01,9,473,69,0.1459,463,473,16879,25757
AYSA,MOVI,2026-06,2026-06-01,9,2716,281,0.1035,2459,2712,18073,27574
AYSC,MOVI,2026-06,2026-06-01,9,562,48,0.0854,355,557,586,1262
AYSE,GSM_PERS,2026-06,2026-06-01,9,4708,425,0.0903,3480,4691,5873,8313
AYSE,MOVI,2026-06,2026-06-01,9,1,0,0.0000,1,1,4,6
DRPW,GSM_MOVI,2026-06,2026-06-01,9,435,41,0.0943,390,435,2211,2634
DRTV,GSM_PERS,2026-06,2026-06-01,9,1343,72,0.0536,1241,1343,3862,4489
DRTW,GSM_MOVI,2026-06,2026-06-01,9,1019,80,0.0785,824,1019,4568,5948
AUSO,GSM_MOVI,2026-06,2026-06-01,10,444,58,0.1306,369,444,3576,4955
AYS3,GSM_PERS,2026-06,2026-06-01,10,140,16,0.1143,118,110,1266,1356
AYS3,MOVI,2026-06,2026-06-01,10,26,1,0.0385,18,26,1580,2131
AYSA,GSM_MOVI,2026-06,2026-06-01,10,1652,118,0.0714,1376,1646,13655,21597
AYSA,GSM_PERS,2026-06,2026-06-01,10,1793,232,0.1294,1718,1788,16879,25757
AYSA,MOVI,2026-06,2026-06-01,10,2962,278,0.0939,2543,2954,18073,27574
AYSC,MOVI,2026-06,2026-06-01,10,710,51,0.0718,398,703,586,1262
AYSE,GSM_PERS,2026-06,2026-06-01,10,712,62,0.0871,602,712,5873,8313
AYSE,MOVI,2026-06,2026-06-01,10,6,0,0.0000,5,6,78,99
CVIA,GSM_PERS,2026-06,2026-06-01,10,61,5,0.0820,39,61,39,61
DRTV,GSM_PERS,2026-06,2026-06-01,10,2156,138,0.0640,1908,2156,3862,4489
DRTV,MOVI,2026-06,2026-06-01,10,230,15,0.0652,229,230,6939,8301
DRTW,GSM_MOVI,2026-06,2026-06-01,10,2332,200,0.0858,1882,2331,4568,5948
DRTW,MOVI,2026-06,2026-06-01,10,348,21,0.0603,345,348,9494,12094
DRTW,Sin proveedor,2026-06,2026-06-01,10,1,1,1.0000,1,1,12,14
FIME,GSM_MOVI,2026-06,2026-06-01,10,3441,176,0.0511,3326,3440,11522,12038
MEL0,GSM_MOVI,2026-06,2026-06-01,10,167,10,0.0599,152,167,58422,86190
AYSA,GSM_MOVI,2026-06,2026-06-01,11,451,42,0.0931,384,450,13655,21597
AYSA,MOVI,2026-06,2026-06-01,11,3502,332,0.0948,2972,3483,18073,27574
AYSJ,GSM_MOVI,2026-06,2026-06-01,11,1130,49,0.0434,803,1076,929,1295
DRTV,GSM_PERS,2026-06,2026-06-01,11,892,70,0.0785,806,892,3862,4489
DRTV,MOVI,2026-06,2026-06-01,11,619,30,0.0485,612,619,6939,8301
DRTW,GSM_MOVI,2026-06,2026-06-01,11,2594,226,0.0871,2095,2591,4568,5948
DRTW,MOVI,2026-06,2026-06-01,11,848,41,0.0483,833,848,9494,12094
FIME,GSM_MOVI,2026-06,2026-06-01,11,4411,205,0.0465,4289,4407,11522,12038
MEL0,GSM_MOVI,2026-06,2026-06-01,11,1342,85,0.0633,1200,1342,58422,86190
AYS3,GSM_MOVI,2026-06,2026-06-01,12,294,40,0.1361,286,293,6141,9176
AYSA,GSM_MOVI,2026-06,2026-06-01,12,2547,220,0.0864,2131,2539,13655,21597
AYSA,MOVI,2026-06,2026-06-01,12,3618,396,0.1095,3157,3608,18073,27574
AYSJ,GSM_MOVI,2026-06,2026-06-01,12,1324,74,0.0559,841,1134,929,1295
DRPW,Sin proveedor,2026-06,2026-06-01,12,1,1,1.0000,1,1,7,7
DRTV,MOVI,2026-06,2026-06-01,12,357,23,0.0644,355,357,6939,8301
DRTV,Sin proveedor,2026-06,2026-06-01,12,1,1,1.0000,1,1,8,8
DRTW,MOVI,2026-06,2026-06-01,12,505,35,0.0693,498,505,9494,12094
FIME,GSM_MOVI,2026-06,2026-06-01,12,1201,75,0.0624,1181,1200,11522,12038
MEL0,GSM_MOVI,2026-06,2026-06-01,12,4716,340,0.0721,4237,4715,58422,86190
OEST,Sin proveedor,2026-06,2026-06-01,12,1,1,1.0000,1,1,1,1
AUSO,Sin proveedor,2026-06,2026-06-01,13,1,1,1.0000,1,1,1,1
AYS3,GSM_MOVI,2026-06,2026-06-01,13,311,39,0.1254,306,311,6141,9176
AYSA,GSM_MOVI,2026-06,2026-06-01,13,1268,109,0.0860,1115,1264,13655,21597
AYSA,MOVI,2026-06,2026-06-01,13,3849,374,0.0972,3376,3835,18073,27574
AYSJ,GSM_MOVI,2026-06,2026-06-01,13,152,7,0.0461,138,151,929,1295
DRTV,MOVI,2026-06,2026-06-01,13,285,15,0.0526,283,285,6939,8301
DRTW,MOVI,2026-06,2026-06-01,13,591,34,0.0575,583,591,9494,12094
FIME,GSM_MOVI,2026-06,2026-06-01,13,1414,81,0.0573,1381,1413,11522,12038
MEL0,GSM_MOVI,2026-06,2026-06-01,13,6225,444,0.0713,5521,6221,58422,86190
AYSA,MOVI,2026-06,2026-06-01,14,4162,344,0.0827,3697,4153,18073,27574
DRTW,MOVI,2026-06,2026-06-01,14,821,57,0.0694,811,821,9494,12094
FIME,GSM_MOVI,2026-06,2026-06-01,14,1590,100,0.0629,1563,1590,11522,12038
MEL0,GSM_MOVI,2026-06,2026-06-01,14,2549,200,0.0785,2296,2549,58422,86190
ADT1,GSM_MOVI,2026-06,2026-06-01,15,88,8,0.0909,46,88,339,709
AYSA,MOVI,2026-06,2026-06-01,15,1354,96,0.0709,1251,1350,14576,23395
AYSE,GSM_MOVI,2026-06,2026-06-01,15,1457,104,0.0714,1091,1457,5973,8859
DRTV,MOVI,2026-06,2026-06-01,15,1012,63,0.0623,993,1012,6939,8301
DRTW,MOVI,2026-06,2026-06-01,15,1360,72,0.0529,1304,1360,9494,12094
MEL0,GSM_MOVI,2026-06,2026-06-01,15,860,76,0.0884,722,860,58422,86190
MEL0,MOVI,2026-06,2026-06-01,15,437,16,0.0366,435,437,68363,105423
ADT1,GSM_MOVI,2026-06,2026-06-01,16,601,73,0.1215,306,601,339,709
AUSO,GSM_MOVI,2026-06,2026-06-01,16,441,40,0.0907,352,439,34665,48002
AYSA,MOVI,2026-06,2026-06-01,16,1139,93,0.0817,1083,1138,14576,23395
AYSA,Sin proveedor,2026-06,2026-06-01,16,1,0,0.0000,1,1,1,1
AYSE,GSM_MOVI,2026-06,2026-06-01,16,1812,148,0.0817,1394,1808,5973,8859
DRTV,MOVI,2026-06,2026-06-01,16,1045,54,0.0517,1025,1045,6939,8301
DRTW,MOVI,2026-06,2026-06-01,16,1397,70,0.0501,1359,1397,9494,12094
MEL0,GSM_MOVI,2026-06,2026-06-01,16,5379,490,0.0911,4451,5378,58422,86190
MEL0,GSM_PERS,2026-06,2026-06-01,16,337,17,0.0504,322,337,53014,84080
MEL0,MOVI,2026-06,2026-06-01,16,687,53,0.0771,680,687,68363,105423
OEST,GSM_MOVI,2026-06,2026-06-01,16,101,11,0.1089,81,101,15093,19124
AUSO,GSM_MOVI,2026-06,2026-06-01,17,3423,375,0.1096,2580,3419,36520,51147
AYSA,GSM_MOVI,2026-06,2026-06-01,17,382,30,0.0785,299,381,13655,21597
AYSA,MOVI,2026-06,2026-06-01,17,1245,103,0.0827,1189,1243,14576,23395
AYSE,GSM_MOVI,2026-06,2026-06-01,17,1729,137,0.0792,1301,1725,5973,8859
DRTV,MOVI,2026-06,2026-06-01,17,1089,77,0.0707,1061,1089,6939,8301
DRTW,MOVI,2026-06,2026-06-01,17,1361,70,0.0514,1321,1360,9494,12094
MEL0,GSM_MOVI,2026-06,2026-06-01,17,3013,266,0.0883,2586,3012,58422,86190
MEL0,GSM_PERS,2026-06,2026-06-01,17,3544,188,0.0530,3072,3544,53014,84080
MEL0,MOVI,2026-06,2026-06-01,17,1116,76,0.0681,1088,1116,68363,105423
OEST,GSM_PERS,2026-06,2026-06-01,17,1865,158,0.0847,1476,1855,7537,10623
AUSO,GSM_MOVI,2026-06,2026-06-01,18,4404,476,0.1081,3563,4391,36627,51290
AYSA,GSM_MOVI,2026-06,2026-06-01,18,4335,460,0.1061,3293,4324,13655,21597
AYSA,MOVI,2026-06,2026-06-01,18,556,38,0.0683,543,556,14576,23395
DRTV,MOVI,2026-06,2026-06-01,18,1107,54,0.0488,1077,1107,6939,8301
DRTW,MOVI,2026-06,2026-06-01,18,1392,72,0.0517,1359,1392,9494,12094
MEL0,GSM_PERS,2026-06,2026-06-01,18,4287,223,0.0520,3730,4287,53014,84080
MEL0,MOVI,2026-06,2026-06-01,18,2951,185,0.0627,2836,2951,68363,105423
OEST,GSM_PERS,2026-06,2026-06-01,18,2366,202,0.0854,1912,2365,7573,10670
AUSO,GSM_MOVI,2026-06,2026-06-01,19,5666,534,0.0942,4540,5645,36631,51298
AYSA,GSM_MOVI,2026-06,2026-06-01,19,3980,428,0.1075,2977,3972,13655,21597
DRTV,MOVI,2026-06,2026-06-01,19,1079,65,0.0602,1057,1079,6939,8301
DRTW,MOVI,2026-06,2026-06-01,19,1428,88,0.0616,1384,1428,9494,12094
MEL0,GSM_PERS,2026-06,2026-06-01,19,4346,266,0.0612,3858,4345,53014,84080
MEL0,MOVI,2026-06,2026-06-01,19,3414,232,0.0680,3267,3414,68363,105423
OEST,GSM_PERS,2026-06,2026-06-01,19,2362,192,0.0813,1949,2355,7566,10659
AUSO,GSM_MOVI,2026-06,2026-06-01,20,971,107,0.1102,839,971,36086,50317
AYSA,GSM_MOVI,2026-06,2026-06-01,20,1601,182,0.1137,1254,1601,13655,21597
DRTV,MOVI,2026-06,2026-06-01,20,1070,48,0.0449,1054,1070,6939,8301
DRTW,MOVI,2026-06,2026-06-01,20,1387,91,0.0656,1334,1387,9494,12094
MEL0,GSM_PERS,2026-06,2026-06-01,20,5015,291,0.0580,4580,5015,53014,84080
MEL0,MOVI,2026-06,2026-06-01,20,3389,230,0.0679,3265,3386,68363,105423
OEST,GSM_PERS,2026-06,2026-06-01,20,2749,222,0.0808,2288,2741,7574,10676
DRTV,MOVI,2026-06,2026-06-01,21,3,0,0.0000,3,3,3409,4064
DRTW,MOVI,2026-06,2026-06-01,21,9,2,0.2222,9,9,9494,12094
MEL0,GSM_PERS,2026-06,2026-06-01,21,1,0,0.0000,1,1,53014,84080
MEL0,MOVI,2026-06,2026-06-01,21,8902,617,0.0693,8016,8896,68363,105423
OEST,GSM_PERS,2026-06,2026-06-01,21,3,0,0.0000,3,3,1363,2053
MEL0,MOVI,2026-06,2026-06-01,22,44,2,0.0455,41,44,68363,105423
AUSO,GSM_MOVI,2026-06,2026-06-02,8,1011,174,0.1721,909,1011,9114,12040
AUSO,GSM_PERS,2026-06,2026-06-02,8,405,24,0.0593,365,404,3377,4262
AYS3,GSM_MOVI,2026-06,2026-06-02,8,26,7,0.2692,22,26,6141,9176
AYS3,GSM_PERS,2026-06,2026-06-02,8,182,9,0.0495,156,164,1266,1356
AYSA,GSM_MOVI,2026-06,2026-06-02,8,914,98,0.1072,816,913,21631,33163
AYSA,GSM_PERS,2026-06,2026-06-02,8,398,52,0.1307,390,397,16879,25757
AYSE,GSM_MOVI,2026-06,2026-06-02,8,376,114,0.3032,336,374,7677,11471
AYSE,GSM_PERS,2026-06,2026-06-02,8,302,39,0.1291,280,301,5533,7933
DRPW,GSM_MOVI,2026-06,2026-06-02,8,234,22,0.0940,209,234,2211,2634
DRTV,GSM_MOVI,2026-06,2026-06-02,8,38,2,0.0526,35,38,4109,4994
MEL0,GSM_PERS,2026-06,2026-06-02,8,1277,52,0.0407,1200,1277,53014,84080
MEL0,MOVI,2026-06,2026-06-02,8,4486,182,0.0406,4067,4486,68363,105423
OEST,GSM_MOVI,2026-06,2026-06-02,8,2024,268,0.1324,1795,2020,6150,8347
OEST,GSM_PERS,2026-06,2026-06-02,8,823,70,0.0851,749,823,7428,10476
AUSO,GSM_MOVI,2026-06,2026-06-02,9,2523,421,0.1669,2288,2520,18172,24823
AUSO,GSM_PERS,2026-06,2026-06-02,9,901,75,0.0832,773,841,3377,4262
AYS3,GSM_MOVI,2026-06,2026-06-02,9,1,0,0.0000,1,1,3337,4697
AYS3,GSM_PERS,2026-06,2026-06-02,9,589,43,0.0730,522,533,1266,1356
AYS3,MOVI,2026-06,2026-06-02,9,2,0,0.0000,1,2,1580,2131
AYSA,GSM_MOVI,2026-06,2026-06-02,9,787,61,0.0775,698,784,21631,33163
AYSA,GSM_PERS,2026-06,2026-06-02,9,812,118,0.1453,796,807,16879,25757
AYSA,MOVI,2026-06,2026-06-02,9,3026,202,0.0668,2611,3001,18073,27574
AYSC,MOVI,2026-06,2026-06-02,9,74,2,0.0270,60,74,586,1262
AYSE,GSM_PERS,2026-06,2026-06-02,9,591,76,0.1286,511,590,5533,7933
AYSE,MOVI,2026-06,2026-06-02,9,67,10,0.1493,65,67,1588,2186
DRPW,GSM_MOVI,2026-06,2026-06-02,9,412,34,0.0825,380,412,2211,2634
DRTV,GSM_MOVI,2026-06,2026-06-02,9,841,52,0.0618,763,841,4109,4994
DRTW,GSM_PERS,2026-06,2026-06-02,9,816,51,0.0625,719,816,2048,2663
MEL0,GSM_PERS,2026-06,2026-06-02,9,2677,117,0.0437,2447,2677,53014,84080
OEST,GSM_MOVI,2026-06,2026-06-02,9,4409,683,0.1549,3835,4394,10271,14396
OEST,GSM_PERS,2026-06,2026-06-02,9,618,44,0.0712,571,618,7403,10461
AUSO,GSM_MOVI,2026-06,2026-06-02,10,2886,511,0.1771,2570,2884,18172,24823
AUSO,GSM_PERS,2026-06,2026-06-02,10,889,80,0.0900,780,841,3377,4262
AYS3,GSM_PERS,2026-06,2026-06-02,10,536,53,0.0989,515,529,1266,1356
AYS3,MOVI,2026-06,2026-06-02,10,3,1,0.3333,3,3,1580,2131
AYSA,GSM_MOVI,2026-06,2026-06-02,10,798,80,0.1003,703,796,13655,21597
AYSA,GSM_PERS,2026-06,2026-06-02,10,897,138,0.1538,877,894,16879,25757
AYSA,MOVI,2026-06,2026-06-02,10,1471,152,0.1033,1398,1454,18073,27574
AYSC,MOVI,2026-06,2026-06-02,10,67,7,0.1045,63,67,586,1262
AYSE,GSM_PERS,2026-06,2026-06-02,10,575,49,0.0852,471,574,5533,7933
AYSE,MOVI,2026-06,2026-06-02,10,143,29,0.2028,141,143,1588,2186
CVIA,GSM_PERS,2026-06,2026-06-02,10,57,3,0.0526,35,57,39,61
DRPW,GSM_MOVI,2026-06,2026-06-02,10,634,69,0.1088,564,633,2211,2634
DRTV,GSM_MOVI,2026-06,2026-06-02,10,711,50,0.0703,638,711,4109,4994
DRTW,GSM_PERS,2026-06,2026-06-02,10,774,60,0.0775,671,774,2048,2663
DRTW,MOVI,2026-06,2026-06-02,10,669,34,0.0508,652,669,7249,9204
FIME,GSM_MOVI,2026-06,2026-06-02,10,2108,97,0.0460,2054,2108,11522,12038
MEL0,GSM_MOVI,2026-06,2026-06-02,10,627,21,0.0335,559,627,58422,86190
MEL0,GSM_PERS,2026-06,2026-06-02,10,2985,147,0.0492,2701,2985,53014,84080
MEL0,MOVI,2026-06,2026-06-02,10,597,32,0.0536,591,593,68363,105423
OEST,GSM_MOVI,2026-06,2026-06-02,10,888,157,0.1768,821,887,10316,14468
AUSO,GSM_MOVI,2026-06,2026-06-02,11,2686,506,0.1884,2439,2684,18172,24823
AUSO,GSM_PERS,2026-06,2026-06-02,11,979,110,0.1124,804,900,3377,4262
AYS3,GSM_PERS,2026-06,2026-06-02,11,14,1,0.0714,14,14,1266,1356
AYSA,GSM_MOVI,2026-06,2026-06-02,11,54,9,0.1667,53,54,13655,21597
AYSA,GSM_PERS,2026-06,2026-06-02,11,659,68,0.1032,643,657,2454,2610
AYSA,MOVI,2026-06,2026-06-02,11,637,116,0.1821,614,631,18073,27574
AYSC,MOVI,2026-06,2026-06-02,11,5,1,0.2000,5,5,586,1262
AYSE,GSM_PERS,2026-06,2026-06-02,11,791,76,0.0961,624,791,5533,7933
AYSE,MOVI,2026-06,2026-06-02,11,171,34,0.1988,161,170,1588,2186
AYSJ,GSM_MOVI,2026-06,2026-06-02,11,138,6,0.0435,100,124,929,1295
CVIA,GSM_PERS,2026-06,2026-06-02,11,4,1,0.2500,4,4,39,61
DRPW,GSM_MOVI,2026-06,2026-06-02,11,489,59,0.1207,447,489,2211,2634
DRTV,GSM_MOVI,2026-06,2026-06-02,11,153,7,0.0458,136,153,4109,4994
DRTV,Sin proveedor,2026-06,2026-06-02,11,1,1,1.0000,1,1,2,2
DRTW,GSM_PERS,2026-06,2026-06-02,11,919,86,0.0936,778,919,2048,2663
DRTW,MOVI,2026-06,2026-06-02,11,810,37,0.0457,786,810,7249,9204
FIME,GSM_MOVI,2026-06,2026-06-02,11,2881,150,0.0521,2812,2879,11522,12038
MEL0,GSM_MOVI,2026-06,2026-06-02,11,2374,114,0.0480,2102,2374,58422,86190
MEL0,GSM_PERS,2026-06,2026-06-02,11,3270,159,0.0486,2977,3270,53014,84080
MEL0,MOVI,2026-06,2026-06-02,11,1754,99,0.0564,1727,1749,68363,105423
OEST,GSM_MOVI,2026-06,2026-06-02,11,394,71,0.1802,355,394,4166,6121
AUSO,GSM_MOVI,2026-06,2026-06-02,12,2779,511,0.1839,2553,2778,18172,24823
AUSO,GSM_PERS,2026-06,2026-06-02,12,1412,136,0.0963,1155,1260,3377,4262
AYSA,GSM_MOVI,2026-06,2026-06-02,12,133,14,0.1053,121,133,13655,21597
AYSA,GSM_PERS,2026-06,2026-06-02,12,123,18,0.1463,121,123,2454,2610
AYSA,MOVI,2026-06,2026-06-02,12,616,105,0.1705,597,611,18073,27574
AYSC,MOVI,2026-06,2026-06-02,12,14,0,0.0000,14,14,586,1262
AYSE,GSM_PERS,2026-06,2026-06-02,12,1880,175,0.0931,1504,1876,5533,7933
AYSE,MOVI,2026-06,2026-06-02,12,143,27,0.1888,142,142,1588,2186
AYSJ,GSM_MOVI,2026-06,2026-06-02,12,76,5,0.0658,63,76,929,1295
DRPW,GSM_MOVI,2026-06,2026-06-02,12,516,59,0.1143,479,516,2211,2634
DRTV,GSM_MOVI,2026-06,2026-06-02,12,114,12,0.1053,102,114,4109,4994
DRTW,GSM_PERS,2026-06,2026-06-02,12,12,2,0.1667,11,12,2048,2663
DRTW,MOVI,2026-06,2026-06-02,12,868,45,0.0518,844,868,7249,9204
FIME,GSM_MOVI,2026-06,2026-06-02,12,2895,145,0.0501,2846,2895,11522,12038
MEL0,GSM_MOVI,2026-06,2026-06-02,12,2278,132,0.0579,2010,2278,58422,86190
MEL0,GSM_PERS,2026-06,2026-06-02,12,3141,163,0.0519,2919,3141,53014,84080
MEL0,MOVI,2026-06,2026-06-02,12,1811,86,0.0475,1786,1803,68363,105423
OEST,GSM_MOVI,2026-06,2026-06-02,12,399,76,0.1905,379,399,4166,6121
ADT1,GSM_MOVI,2026-06,2026-06-02,13,15,0,0.0000,12,15,339,709
AUSO,GSM_MOVI,2026-06,2026-06-02,13,1907,364,0.1909,1759,1907,18172,24823
AUSO,GSM_PERS,2026-06,2026-06-02,13,1873,194,0.1036,1468,1622,3377,4262
AYS3,GSM_MOVI,2026-06,2026-06-02,13,33,5,0.1515,33,33,6141,9176
AYS3,MOVI,2026-06,2026-06-02,13,2,0,0.0000,2,2,1580,2131
AYSA,GSM_MOVI,2026-06,2026-06-02,13,126,18,0.1429,115,125,13655,21597
AYSA,MOVI,2026-06,2026-06-02,13,520,94,0.1808,496,518,18073,27574
AYSC,MOVI,2026-06,2026-06-02,13,17,2,0.1176,16,17,586,1262
AYSE,GSM_PERS,2026-06,2026-06-02,13,1841,189,0.1027,1473,1838,5533,7933
AYSE,MOVI,2026-06,2026-06-02,13,8,1,0.1250,8,8,1346,1868
AYSJ,GSM_MOVI,2026-06,2026-06-02,13,90,10,0.1111,66,90,929,1295
DRPW,GSM_MOVI,2026-06,2026-06-02,13,339,37,0.1091,319,339,2211,2634
DRTV,GSM_MOVI,2026-06,2026-06-02,13,115,7,0.0609,104,115,4109,4994
DRTW,MOVI,2026-06,2026-06-02,13,859,28,0.0326,837,859,7249,9204
FIME,GSM_MOVI,2026-06,2026-06-02,13,3378,177,0.0524,3291,3377,11522,12038
MEL0,GSM_MOVI,2026-06,2026-06-02,13,2597,136,0.0524,2305,2597,58422,86190
MEL0,GSM_PERS,2026-06,2026-06-02,13,2918,173,0.0593,2736,2918,53014,84080
MEL0,MOVI,2026-06,2026-06-02,13,1794,95,0.0530,1768,1787,68363,105423
OEST,GSM_MOVI,2026-06,2026-06-02,13,460,91,0.1978,424,460,4166,6121
ADT1,GSM_MOVI,2026-06,2026-06-02,14,78,2,0.0256,48,78,339,709
AUSO,GSM_MOVI,2026-06,2026-06-02,14,1251,224,0.1791,1109,1251,9058,12783
AUSO,GSM_PERS,2026-06,2026-06-02,14,265,26,0.0981,256,265,3355,4235
AYS3,GSM_MOVI,2026-06,2026-06-02,14,56,6,0.1071,54,56,6141,9176
AYS3,MOVI,2026-06,2026-06-02,14,1,0,0.0000,1,1,1580,2131
AYSA,GSM_MOVI,2026-06,2026-06-02,14,348,34,0.0977,310,338,13655,21597
AYSA,MOVI,2026-06,2026-06-02,14,793,149,0.1879,735,786,18073,27574
AYSC,MOVI,2026-06,2026-06-02,14,13,4,0.3077,12,13,586,1262
AYSE,GSM_PERS,2026-06,2026-06-02,14,7,2,0.2857,7,7,4637,6880
AYSJ,GSM_MOVI,2026-06,2026-06-02,14,282,10,0.0355,220,280,929,1295
DRTV,GSM_MOVI,2026-06,2026-06-02,14,271,20,0.0738,237,271,4109,4994
DRTW,MOVI,2026-06,2026-06-02,14,890,37,0.0416,872,889,7249,9204
FIME,GSM_MOVI,2026-06,2026-06-02,14,795,46,0.0579,781,795,11522,12038
MEL0,GSM_MOVI,2026-06,2026-06-02,14,2642,126,0.0477,2256,2642,58422,86190
MEL0,GSM_PERS,2026-06,2026-06-02,14,7149,382,0.0534,6373,7149,53014,84080
MEL0,MOVI,2026-06,2026-06-02,14,1829,79,0.0432,1795,1822,68363,105423
OEST,GSM_MOVI,2026-06,2026-06-02,14,928,188,0.2026,824,928,4166,6121
ADT1,GSM_MOVI,2026-06,2026-06-02,15,498,24,0.0482,264,498,339,709
AUSO,GSM_MOVI,2026-06,2026-06-02,15,646,140,0.2167,600,646,9058,12783
AYS3,GSM_MOVI,2026-06,2026-06-02,15,513,70,0.1365,497,511,6141,9176
AYSA,GSM_MOVI,2026-06,2026-06-02,15,1164,120,0.1031,1044,1162,13655,21597
AYSA,MOVI,2026-06,2026-06-02,15,295,26,0.0881,294,295,18073,27574
AYSC,MOVI,2026-06,2026-06-02,15,15,0,0.0000,14,15,586,1262
AYSJ,GSM_MOVI,2026-06,2026-06-02,15,125,5,0.0400,97,124,929,1295
DRTV,GSM_MOVI,2026-06,2026-06-02,15,1040,76,0.0731,942,1040,4109,4994
DRTW,MOVI,2026-06,2026-06-02,15,850,33,0.0388,828,850,7249,9204
DRTW,Sin proveedor,2026-06,2026-06-02,15,1,1,1.0000,1,1,12,14
MEL0,GSM_MOVI,2026-06,2026-06-02,15,4185,217,0.0519,3548,4185,58422,86190
MEL0,GSM_PERS,2026-06,2026-06-02,15,6722,363,0.0540,5993,6722,53014,84080
MEL0,MOVI,2026-06,2026-06-02,15,3746,147,0.0392,3550,3731,68363,105423
OEST,GSM_MOVI,2026-06,2026-06-02,15,503,92,0.1829,468,502,4166,6121
ADT1,GSM_MOVI,2026-06,2026-06-02,16,13,2,0.1538,13,13,339,709
AUSO,GSM_MOVI,2026-06,2026-06-02,16,1272,240,0.1887,1168,1271,9058,12783
AYSA,GSM_MOVI,2026-06,2026-06-02,16,1633,171,0.1047,1445,1626,13655,21597
AYSA,MOVI,2026-06,2026-06-02,16,258,14,0.0543,255,258,18073,27574
AYSC,MOVI,2026-06,2026-06-02,16,16,1,0.0625,15,16,586,1262
AYSJ,GSM_MOVI,2026-06,2026-06-02,16,665,28,0.0421,456,580,929,1295
DRTV,GSM_MOVI,2026-06,2026-06-02,16,1352,90,0.0666,1244,1352,4109,4994
DRTW,MOVI,2026-06,2026-06-02,16,875,41,0.0469,845,875,7249,9204
MEL0,GSM_MOVI,2026-06,2026-06-02,16,3263,156,0.0478,2919,3263,58422,86190
MEL0,GSM_PERS,2026-06,2026-06-02,16,2292,132,0.0576,2097,2292,53014,84080
MEL0,MOVI,2026-06,2026-06-02,16,3678,165,0.0449,3588,3652,68363,105423
OEST,GSM_MOVI,2026-06,2026-06-02,16,833,147,0.1765,765,833,4166,6121
AUSO,GSM_MOVI,2026-06,2026-06-02,17,581,118,0.2031,545,580,9058,12783
AYSA,GSM_MOVI,2026-06,2026-06-02,17,171,16,0.0936,163,171,13655,21597
AYSA,GSM_PERS,2026-06,2026-06-02,17,3065,168,0.0548,1913,3052,14425,23147
AYSJ,GSM_MOVI,2026-06,2026-06-02,17,1222,60,0.0491,740,957,929,1295
DRTV,GSM_MOVI,2026-06,2026-06-02,17,20,3,0.1500,20,20,4109,4994
DRTW,MOVI,2026-06,2026-06-02,17,893,32,0.0358,865,893,7249,9204
MEL0,GSM_MOVI,2026-06,2026-06-02,17,4904,282,0.0575,4196,4902,58422,86190
MEL0,MOVI,2026-06,2026-06-02,17,4764,206,0.0432,4614,4718,68363,105423
OEST,GSM_MOVI,2026-06,2026-06-02,17,495,80,0.1616,460,495,4133,6079
AYSA,GSM_PERS,2026-06,2026-06-02,18,7180,390,0.0543,4581,7130,14425,23147
DRTW,MOVI,2026-06,2026-06-02,18,903,35,0.0388,880,903,7249,9204
DRTW,Sin proveedor,2026-06,2026-06-02,18,1,1,1.0000,1,1,4,4
MEL0,GSM_MOVI,2026-06,2026-06-02,18,9261,592,0.0639,7755,9260,58422,86190
MEL0,MOVI,2026-06,2026-06-02,18,4939,232,0.0470,4764,4877,68363,105423
AUSO,Sin proveedor,2026-06,2026-06-02,19,2,2,1.0000,1,1,1,1
AYSA,GSM_PERS,2026-06,2026-06-02,19,5379,263,0.0489,3414,5351,14425,23147
DRTW,MOVI,2026-06,2026-06-02,19,908,42,0.0463,887,908,7249,9204
MEL0,GSM_MOVI,2026-06,2026-06-02,19,5825,393,0.0675,4878,5825,58422,86190
MEL0,MOVI,2026-06,2026-06-02,19,5021,248,0.0494,4856,4964,68363,105423
DRTW,MOVI,2026-06,2026-06-02,20,5,0,0.0000,5,5,5036,6361
MEL0,MOVI,2026-06,2026-06-02,20,4942,208,0.0421,4791,4886,68363,105423
MEL0,MOVI,2026-06,2026-06-02,21,10670,514,0.0482,9934,10437,68363,105423
MEL0,MOVI,2026-06,2026-06-02,22,110,4,0.0364,109,110,68363,105423
AUSO,GSM_MOVI,2026-06,2026-06-03,8,870,119,0.1368,653,869,9087,15020
AYS3,GSM_PERS,2026-06,2026-06-03,8,147,18,0.1224,131,133,1266,1356
AYSA,GSM_MOVI,2026-06,2026-06-03,8,1075,198,0.1842,1041,1074,13655,21597
AYSA,GSM_PERS,2026-06,2026-06-03,8,391,53,0.1355,379,387,16879,25757
AYSE,GSM_MOVI,2026-06,2026-06-03,8,408,133,0.3260,370,407,7664,11454
AYSE,GSM_PERS,2026-06,2026-06-03,8,863,103,0.1194,771,861,5533,7933
DRPW,GSM_MOVI,2026-06,2026-06-03,8,1966,162,0.0824,1693,1964,2211,2634
DRTV,GSM_PERS,2026-06,2026-06-03,8,741,37,0.0499,585,741,4847,8847
DRTW,GSM_MOVI,2026-06,2026-06-03,8,115,9,0.0783,99,115,872,1230
DRTW,GSM_PERS,2026-06,2026-06-03,8,273,19,0.0696,221,273,3237,6164
MEL0,MOVI,2026-06,2026-06-03,8,9667,332,0.0343,9060,9378,68363,105423
OEST,GSM_PERS,2026-06,2026-06-03,8,1029,110,0.1069,781,1026,2821,4175
AUSO,GSM_MOVI,2026-06,2026-06-03,9,1551,253,0.1631,1167,1549,9087,15020
AYS3,GSM_PERS,2026-06,2026-06-03,9,779,66,0.0847,695,723,1266,1356
AYS3,MOVI,2026-06,2026-06-03,9,335,3,0.0090,292,335,3252,4053
AYSA,GSM_MOVI,2026-06,2026-06-03,9,811,179,0.2207,793,809,13655,21597
AYSA,GSM_PERS,2026-06,2026-06-03,9,1806,164,0.0908,1528,1784,16879,25757
AYSA,MOVI,2026-06,2026-06-03,9,35,1,0.0286,31,35,3497,4179
AYSC,MOVI,2026-06,2026-06-03,9,221,16,0.0724,176,220,586,1262
AYSE,GSM_PERS,2026-06,2026-06-03,9,1144,131,0.1145,946,1144,5533,7933
AYSE,MOVI,2026-06,2026-06-03,9,160,34,0.2125,140,160,608,847
DRPW,GSM_MOVI,2026-06,2026-06-03,9,658,63,0.0957,580,658,2211,2634
DRTV,GSM_PERS,2026-06,2026-06-03,9,1878,95,0.0506,1471,1878,6598,10871
DRTV,Sin proveedor,2026-06,2026-06-03,9,1,1,1.0000,1,1,2,2
DRTW,GSM_MOVI,2026-06,2026-06-03,9,2222,140,0.0630,1851,2222,6280,8138
DRTW,GSM_PERS,2026-06,2026-06-03,9,295,20,0.0678,224,295,3237,6164
MEL0,MOVI,2026-06,2026-06-03,9,5056,190,0.0376,4828,4907,68363,105423
OEST,GSM_MOVI,2026-06,2026-06-03,9,3130,405,0.1294,2335,3112,2700,4086
OEST,GSM_PERS,2026-06,2026-06-03,9,1111,124,0.1116,864,1107,2821,4175
AUSO,GSM_MOVI,2026-06,2026-06-03,10,1516,259,0.1708,1185,1516,9087,15020
AYS3,GSM_PERS,2026-06,2026-06-03,10,389,45,0.1157,371,380,1266,1356
AYS3,MOVI,2026-06,2026-06-03,10,157,3,0.0191,150,157,3252,4053
AYSA,GSM_PERS,2026-06,2026-06-03,10,1126,86,0.0764,947,1114,16879,25757
AYSA,MOVI,2026-06,2026-06-03,10,71,55,0.7746,69,71,18073,27574
AYSC,MOVI,2026-06,2026-06-03,10,142,8,0.0563,114,141,586,1262
AYSE,GSM_PERS,2026-06,2026-06-03,10,1183,137,0.1158,997,1181,5533,7933
AYSE,MOVI,2026-06,2026-06-03,10,71,11,0.1549,67,71,608,847
CVIA,GSM_PERS,2026-06,2026-06-03,10,61,4,0.0656,39,61,39,61
DRTV,GSM_PERS,2026-06,2026-06-03,10,1649,107,0.0649,1379,1649,6598,10871
DRTV,MOVI,2026-06,2026-06-03,10,367,27,0.0736,363,367,5618,6676
DRTW,GSM_MOVI,2026-06,2026-06-03,10,3225,191,0.0592,2720,3224,6280,8138
DRTW,GSM_PERS,2026-06,2026-06-03,10,183,9,0.0492,152,183,3237,6164
DRTW,MOVI,2026-06,2026-06-03,10,426,19,0.0446,423,426,7249,9204
FIME,GSM_MOVI,2026-06,2026-06-03,10,2573,139,0.0540,2491,2571,11522,12038
MEL0,GSM_MOVI,2026-06,2026-06-03,10,655,28,0.0427,585,655,58422,86190
MEL0,GSM_PERS,2026-06,2026-06-03,10,75,4,0.0533,68,75,53014,84080
MEL0,MOVI,2026-06,2026-06-03,10,4807,177,0.0368,4614,4713,68363,105423
OEST,GSM_MOVI,2026-06,2026-06-03,10,554,67,0.1209,478,553,2700,4086
OEST,GSM_PERS,2026-06,2026-06-03,10,1786,182,0.1019,1384,1779,2821,4175
AUSO,GSM_MOVI,2026-06,2026-06-03,11,514,102,0.1984,399,514,9087,15020
AUSO,Sin proveedor,2026-06,2026-06-03,11,1,1,1.0000,1,1,1,1
AYS3,MOVI,2026-06,2026-06-03,11,159,0,0.0000,157,159,3252,4053
AYSA,GSM_PERS,2026-06,2026-06-03,11,666,30,0.0450,509,660,16879,25757
AYSA,MOVI,2026-06,2026-06-03,11,116,47,0.4052,111,116,18073,27574
AYSC,MOVI,2026-06,2026-06-03,11,45,2,0.0444,38,45,586,1262
AYSE,GSM_PERS,2026-06,2026-06-03,11,1082,122,0.1128,909,1078,5533,7933
AYSE,MOVI,2026-06,2026-06-03,11,9,1,0.1111,9,9,608,847
DRTV,GSM_PERS,2026-06,2026-06-03,11,1864,105,0.0563,1518,1864,6598,10871
DRTV,MOVI,2026-06,2026-06-03,11,371,21,0.0566,366,371,5618,6676
DRTW,GSM_MOVI,2026-06,2026-06-03,11,1552,106,0.0683,1374,1552,5408,6908
DRTW,GSM_PERS,2026-06,2026-06-03,11,96,5,0.0521,72,96,3237,6164
DRTW,MOVI,2026-06,2026-06-03,11,506,20,0.0395,498,506,7249,9204
FIME,GSM_MOVI,2026-06,2026-06-03,11,3692,169,0.0458,3586,3690,11522,12038
MEL0,GSM_MOVI,2026-06,2026-06-03,11,3133,151,0.0482,2705,3133,58422,86190
MEL0,GSM_PERS,2026-06,2026-06-03,11,2656,117,0.0441,2250,2656,53014,84080
MEL0,MOVI,2026-06,2026-06-03,11,6232,258,0.0414,5857,6163,68363,105423
OEST,GSM_PERS,2026-06,2026-06-03,11,137,15,0.1095,124,137,2821,4175
AUSO,GSM_MOVI,2026-06,2026-06-03,12,1103,186,0.1686,886,1099,9087,15020
AYS3,GSM_MOVI,2026-06,2026-06-03,12,75,12,0.1600,75,75,6141,9176
AYS3,MOVI,2026-06,2026-06-03,12,382,5,0.0131,353,381,3252,4053
AYSA,GSM_PERS,2026-06,2026-06-03,12,2884,183,0.0635,2219,2871,16879,25757
AYSA,MOVI,2026-06,2026-06-03,12,271,42,0.1550,235,271,18073,27574
AYSC,MOVI,2026-06,2026-06-03,12,57,3,0.0526,54,57,586,1262
AYSE,GSM_PERS,2026-06,2026-06-03,12,98,15,0.1531,94,98,5533,7933
DRTV,GSM_PERS,2026-06,2026-06-03,12,280,14,0.0500,259,280,6598,10871
DRTV,MOVI,2026-06,2026-06-03,12,343,16,0.0466,341,343,5618,6676
DRTW,GSM_PERS,2026-06,2026-06-03,12,666,29,0.0435,533,666,3237,6164
DRTW,MOVI,2026-06,2026-06-03,12,509,26,0.0511,494,509,7249,9204
FIME,GSM_MOVI,2026-06,2026-06-03,12,2522,136,0.0539,2458,2520,11522,12038
MEL0,GSM_MOVI,2026-06,2026-06-03,12,5700,263,0.0461,5062,5699,58422,86190
MEL0,GSM_PERS,2026-06,2026-06-03,12,2741,147,0.0536,2353,2741,53014,84080
MEL0,MOVI,2026-06,2026-06-03,12,5469,252,0.0461,5195,5469,68363,105423
OEST,GSM_PERS,2026-06,2026-06-03,12,103,19,0.1845,100,103,2821,4175
ADT1,GSM_MOVI,2026-06,2026-06-03,13,623,60,0.0963,311,622,339,709
AUSO,GSM_MOVI,2026-06,2026-06-03,13,1782,318,0.1785,1440,1781,9087,15020
AYS3,GSM_MOVI,2026-06,2026-06-03,13,520,69,0.1327,502,518,6141,9176
AYS3,MOVI,2026-06,2026-06-03,13,568,4,0.0070,524,567,3252,4053
AYSA,GSM_PERS,2026-06,2026-06-03,13,3051,191,0.0626,2429,3028,16879,25757
AYSA,MOVI,2026-06,2026-06-03,13,253,25,0.0988,213,252,18073,27574
AYSC,MOVI,2026-06,2026-06-03,13,70,6,0.0857,61,70,586,1262
AYSE,GSM_PERS,2026-06,2026-06-03,13,131,14,0.1069,123,131,5533,7933
AYSE,MOVI,2026-06,2026-06-03,13,1,0,0.0000,1,1,74,93
DRTV,GSM_PERS,2026-06,2026-06-03,13,611,35,0.0573,578,611,6598,10871
DRTV,MOVI,2026-06,2026-06-03,13,374,18,0.0481,371,374,5618,6676
DRTW,GSM_PERS,2026-06,2026-06-03,13,765,44,0.0575,629,764,3237,6164
DRTW,MOVI,2026-06,2026-06-03,13,485,29,0.0598,473,485,7249,9204
FIME,GSM_MOVI,2026-06,2026-06-03,13,693,56,0.0808,677,693,11522,12038
MEL0,GSM_MOVI,2026-06,2026-06-03,13,5574,261,0.0468,4994,5574,58422,86190
MEL0,GSM_PERS,2026-06,2026-06-03,13,2206,90,0.0408,1959,2206,53014,84080
MEL0,MOVI,2026-06,2026-06-03,13,5434,238,0.0438,5166,5434,68363,105423
AUSO,GSM_MOVI,2026-06,2026-06-03,14,1972,350,0.1775,1570,1970,9087,15020
AYS3,MOVI,2026-06,2026-06-03,14,1,1,1.0000,1,1,1580,2131
AYSA,GSM_PERS,2026-06,2026-06-03,14,3112,201,0.0646,2473,3099,16879,25757
AYSA,MOVI,2026-06,2026-06-03,14,710,45,0.0634,532,709,18073,27574
AYSC,MOVI,2026-06,2026-06-03,14,88,3,0.0341,77,87,586,1262
AYSE,GSM_PERS,2026-06,2026-06-03,14,48,5,0.1042,48,48,5054,7352
DRTV,GSM_PERS,2026-06,2026-06-03,14,491,34,0.0692,468,491,6598,10871
DRTV,MOVI,2026-06,2026-06-03,14,389,18,0.0463,384,389,5618,6676
DRTV,Sin proveedor,2026-06,2026-06-03,14,1,1,1.0000,1,1,8,8
DRTW,GSM_PERS,2026-06,2026-06-03,14,769,51,0.0663,625,769,3237,6164
DRTW,MOVI,2026-06,2026-06-03,14,491,22,0.0448,486,491,7249,9204
FIME,GSM_MOVI,2026-06,2026-06-03,14,918,42,0.0458,901,917,11522,12038
MEL0,GSM_MOVI,2026-06,2026-06-03,14,6282,277,0.0441,5640,6282,58422,86190
MEL0,GSM_PERS,2026-06,2026-06-03,14,2345,122,0.0520,2067,2345,53014,84080
MEL0,MOVI,2026-06,2026-06-03,14,5495,238,0.0433,5239,5495,68363,105423
AUSO,GSM_MOVI,2026-06,2026-06-03,15,2073,376,0.1814,1700,2070,9087,15020
AYSA,GSM_PERS,2026-06,2026-06-03,15,3128,196,0.0627,2607,3123,16879,25757
AYSA,MOVI,2026-06,2026-06-03,15,3,0,0.0000,3,3,3497,4179
AYSC,MOVI,2026-06,2026-06-03,15,8,0,0.0000,8,8,586,1262
DRTV,GSM_PERS,2026-06,2026-06-03,15,451,21,0.0466,432,451,1751,2024
DRTV,MOVI,2026-06,2026-06-03,15,386,16,0.0415,383,386,5618,6676
DRTW,GSM_PERS,2026-06,2026-06-03,15,774,37,0.0478,641,774,3237,6164
DRTW,MOVI,2026-06,2026-06-03,15,520,19,0.0365,511,520,7249,9204
FIME,GSM_MOVI,2026-06,2026-06-03,15,1089,64,0.0588,1067,1089,11522,12038
MEL0,GSM_MOVI,2026-06,2026-06-03,15,5968,251,0.0421,5396,5968,58422,86190
MEL0,GSM_PERS,2026-06,2026-06-03,15,2442,127,0.0520,2204,2442,53014,84080
MEL0,MOVI,2026-06,2026-06-03,15,3700,169,0.0457,3595,3700,68363,105423
AUSO,GSM_MOVI,2026-06,2026-06-03,16,1233,231,0.1873,1034,1232,9087,15020
AYS3,MOVI,2026-06,2026-06-03,16,2,0,0.0000,2,2,1580,2131
AYSA,GSM_PERS,2026-06,2026-06-03,16,2998,180,0.0600,2474,2996,16879,25757
AYSA,MOVI,2026-06,2026-06-03,16,16,1,0.0625,15,16,3497,4179
AYSC,MOVI,2026-06,2026-06-03,16,98,2,0.0204,85,98,586,1262
DRTV,GSM_PERS,2026-06,2026-06-03,16,399,20,0.0501,373,399,1751,2024
DRTV,MOVI,2026-06,2026-06-03,16,391,23,0.0588,388,391,5618,6676
DRTW,GSM_PERS,2026-06,2026-06-03,16,686,40,0.0583,570,686,3237,6164
DRTW,MOVI,2026-06,2026-06-03,16,488,22,0.0451,479,488,7249,9204
FIME,GSM_MOVI,2026-06,2026-06-03,16,570,43,0.0754,559,570,11522,12038
MEL0,GSM_MOVI,2026-06,2026-06-03,16,6547,216,0.0330,5776,6546,58422,86190
MEL0,GSM_PERS,2026-06,2026-06-03,16,2639,123,0.0466,2372,2639,53014,84080
MEL0,MOVI,2026-06,2026-06-03,16,3843,151,0.0393,3726,3843,68363,105423
AYS3,MOVI,2026-06,2026-06-03,17,25,1,0.0400,18,25,1580,2131
AYSA,GSM_PERS,2026-06,2026-06-03,17,865,68,0.0786,767,864,16879,25757
AYSA,MOVI,2026-06,2026-06-03,17,88,11,0.1250,73,88,3497,4179
AYSC,MOVI,2026-06,2026-06-03,17,543,44,0.0810,346,538,586,1262
AYSE,GSM_MOVI,2026-06,2026-06-03,17,1275,44,0.0345,942,1268,5973,8859
AYSE,GSM_PERS,2026-06,2026-06-03,17,391,13,0.0332,342,390,3989,5353
DRTV,MOVI,2026-06,2026-06-03,17,417,15,0.0360,411,417,5618,6676
DRTW,GSM_PERS,2026-06,2026-06-03,17,203,8,0.0394,184,203,3237,6164
DRTW,MOVI,2026-06,2026-06-03,17,493,22,0.0446,490,493,7249,9204
MEL0,GSM_MOVI,2026-06,2026-06-03,17,4416,156,0.0353,3960,4416,58422,86190
MEL0,GSM_PERS,2026-06,2026-06-03,17,2504,121,0.0483,2304,2504,53014,84080
MEL0,MOVI,2026-06,2026-06-03,17,4303,187,0.0435,3954,4299,68363,105423
REVO,GSM_MOVI,2026-06,2026-06-03,17,543,35,0.0645,404,543,48652,58540
REVO,GSM_PERS,2026-06,2026-06-03,17,2807,125,0.0445,2286,2807,83983,124543
AYSA,GSM_PERS,2026-06,2026-06-03,18,1404,64,0.0456,1228,1402,14425,23147
AYSE,GSM_MOVI,2026-06,2026-06-03,18,3612,138,0.0382,2643,3605,5973,8859
DRTV,MOVI,2026-06,2026-06-03,18,360,20,0.0556,356,360,5618,6676
DRTW,MOVI,2026-06,2026-06-03,18,517,23,0.0445,511,516,7249,9204
MEL0,GSM_PERS,2026-06,2026-06-03,18,2092,105,0.0502,1878,2092,53014,84080
MEL0,MOVI,2026-06,2026-06-03,18,5158,212,0.0411,4834,5158,68363,105423
REVO,GSM_MOVI,2026-06,2026-06-03,18,4779,359,0.0751,3680,4778,48652,58540
REVO,GSM_PERS,2026-06,2026-06-03,18,3409,188,0.0551,2839,3409,127551,185062
AYSA,GSM_PERS,2026-06,2026-06-03,19,1509,66,0.0437,1301,1508,14425,23147
DRTV,MOVI,2026-06,2026-06-03,19,356,22,0.0618,352,356,5618,6676
DRTW,MOVI,2026-06,2026-06-03,19,535,26,0.0486,522,535,7249,9204
MEL0,GSM_PERS,2026-06,2026-06-03,19,2316,118,0.0509,2141,2316,53014,84080
MEL0,MOVI,2026-06,2026-06-03,19,4963,223,0.0449,4660,4963,68363,105423
REVO,GSM_MOVI,2026-06,2026-06-03,19,6919,539,0.0779,5213,6917,48652,58540
REVO,GSM_PERS,2026-06,2026-06-03,19,3582,217,0.0606,3072,3582,127551,185062
AYSA,GSM_PERS,2026-06,2026-06-03,20,1515,94,0.0620,1322,1515,14425,23147
DRTV,MOVI,2026-06,2026-06-03,20,379,20,0.0528,377,379,5618,6676
DRTW,MOVI,2026-06,2026-06-03,20,506,23,0.0455,492,506,7249,9204
MEL0,GSM_PERS,2026-06,2026-06-03,20,2242,111,0.0495,2079,2242,53014,84080
MEL0,MOVI,2026-06,2026-06-03,20,5063,226,0.0446,4757,5063,68363,105423
REVO,GSM_MOVI,2026-06,2026-06-03,20,6862,572,0.0834,5225,6860,48652,58540
REVO,GSM_PERS,2026-06,2026-06-03,20,3692,202,0.0547,3221,3691,127551,185062
AYSA,GSM_PERS,2026-06,2026-06-03,21,1,0,0.0000,1,1,14425,23147
DRTV,MOVI,2026-06,2026-06-03,21,1,0,0.0000,1,1,1873,2339
DRTW,MOVI,2026-06,2026-06-03,21,3,0,0.0000,3,3,5264,6668
MEL0,MOVI,2026-06,2026-06-03,21,7428,323,0.0435,6915,7427,68363,105423
REVO,GSM_MOVI,2026-06,2026-06-03,21,14,0,0.0000,14,14,48652,58540
REVO,GSM_PERS,2026-06,2026-06-03,21,6,0,0.0000,6,6,83983,124543
AUSO,GSM_MOVI,2026-06,2026-06-04,8,599,51,0.0851,549,599,9114,12040
AYS3,GSM_PERS,2026-06,2026-06-04,8,63,2,0.0317,58,56,1266,1356
AYSA,GSM_MOVI,2026-06,2026-06-04,8,46,4,0.0870,45,46,13655,21597
AYSA,GSM_PERS,2026-06,2026-06-04,8,410,43,0.1049,390,407,16879,25757
AYSE,GSM_MOVI,2026-06,2026-06-04,8,299,80,0.2676,275,299,7664,11454
AYSE,GSM_PERS,2026-06,2026-06-04,8,62,8,0.1290,61,62,5533,7933
DRTV,GSM_PERS,2026-06,2026-06-04,8,66,3,0.0455,37,66,4847,8847
DRTW,GSM_PERS,2026-06,2026-06-04,8,31,1,0.0323,23,31,3237,6164
MEL0,GSM_PERS,2026-06,2026-06-04,8,846,30,0.0355,786,846,53014,84080
OEST,GSM_MOVI,2026-06,2026-06-04,8,1985,238,0.1199,1730,1975,6150,8347
REVO,GSM_MOVI,2026-06,2026-06-04,8,1378,88,0.0639,1191,1378,103389,129997
REVO,GSM_PERS,2026-06,2026-06-04,8,1486,62,0.0417,1243,1468,127551,185062
AUSO,GSM_MOVI,2026-06,2026-06-04,9,2026,183,0.0903,1807,2026,9114,12040
AYS3,GSM_PERS,2026-06,2026-06-04,9,430,43,0.1000,412,427,1266,1356
AYS3,MOVI,2026-06,2026-06-04,9,49,5,0.1020,32,49,1580,2131
AYSA,GSM_MOVI,2026-06,2026-06-04,9,357,70,0.1961,350,357,13655,21597
AYSA,GSM_PERS,2026-06,2026-06-04,9,949,52,0.0548,747,943,16879,25757
AYSA,MOVI,2026-06,2026-06-04,9,213,15,0.0704,133,213,3497,4179
AYSC,MOVI,2026-06,2026-06-04,9,1274,72,0.0565,584,1255,586,1262
AYSE,GSM_MOVI,2026-06,2026-06-04,9,84,23,0.2738,81,84,7664,11454
AYSE,GSM_PERS,2026-06,2026-06-04,9,392,48,0.1224,330,392,5533,7933
AYSE,MOVI,2026-06,2026-06-04,9,43,42,0.9767,43,43,1588,2186
DRTV,GSM_MOVI,2026-06,2026-06-04,9,865,49,0.0566,791,865,4109,4994
DRTV,GSM_PERS,2026-06,2026-06-04,9,517,30,0.0580,374,517,4847,8847
DRTV,MOVI,2026-06,2026-06-04,9,367,9,0.0245,367,367,5618,6676
DRTW,GSM_MOVI,2026-06,2026-06-04,9,133,10,0.0752,106,133,872,1230
DRTW,GSM_PERS,2026-06,2026-06-04,9,373,19,0.0509,278,373,5285,8827
DRTW,MOVI,2026-06,2026-06-04,9,495,18,0.0364,490,495,7249,9204
MEL0,GSM_PERS,2026-06,2026-06-04,9,733,28,0.0382,669,733,53014,84080
OEST,GSM_MOVI,2026-06,2026-06-04,9,3094,392,0.1267,2699,3087,6150,8347
REVO,GSM_MOVI,2026-06,2026-06-04,9,2071,132,0.0637,1793,2066,103389,129997
REVO,GSM_PERS,2026-06,2026-06-04,9,2946,141,0.0479,2363,2923,127551,185062
AUSO,GSM_MOVI,2026-06,2026-06-04,10,2309,247,0.1070,2096,2308,9114,12040
AYS3,GSM_PERS,2026-06,2026-06-04,10,24,4,0.1667,24,24,1266,1356
AYSA,GSM_MOVI,2026-06,2026-06-04,10,946,230,0.2431,921,943,13655,21597
AYSA,GSM_PERS,2026-06,2026-06-04,10,1042,73,0.0701,804,1040,16879,25757
AYSE,GSM_PERS,2026-06,2026-06-04,10,961,110,0.1145,795,960,5533,7933
AYSE,MOVI,2026-06,2026-06-04,10,63,63,1.0000,60,63,1588,2186
CVIA,GSM_PERS,2026-06,2026-06-04,10,9,2,0.2222,8,9,39,61
DRTV,GSM_MOVI,2026-06,2026-06-04,10,1177,81,0.0688,1071,1177,4109,4994
DRTV,GSM_PERS,2026-06,2026-06-04,10,2512,145,0.0577,1714,2512,4847,8847
DRTV,MOVI,2026-06,2026-06-04,10,152,9,0.0592,151,152,5618,6676
DRTW,GSM_MOVI,2026-06,2026-06-04,10,400,22,0.0550,329,400,872,1230
DRTW,GSM_PERS,2026-06,2026-06-04,10,289,14,0.0484,220,289,5285,8827
DRTW,MOVI,2026-06,2026-06-04,10,724,22,0.0304,696,714,7249,9204
FIME,GSM_MOVI,2026-06,2026-06-04,10,1518,83,0.0547,1494,1518,11522,12038
MEL0,GSM_MOVI,2026-06,2026-06-04,10,414,19,0.0459,352,414,58422,86190
MEL0,GSM_PERS,2026-06,2026-06-04,10,51,3,0.0588,47,51,53014,84080
MEL0,MOVI,2026-06,2026-06-04,10,1744,80,0.0459,1677,1743,68363,105423
OEST,GSM_MOVI,2026-06,2026-06-04,10,297,41,0.1380,291,297,6150,8347
REVO,GSM_MOVI,2026-06,2026-06-04,10,1500,121,0.0807,1318,1494,103389,129997
REVO,GSM_PERS,2026-06,2026-06-04,10,1400,61,0.0436,1135,1400,127551,185062
REVO,Sin proveedor,2026-06,2026-06-04,10,1,1,1.0000,1,1,4,4
AUSO,GSM_MOVI,2026-06,2026-06-04,11,2416,269,0.1113,2219,2411,9114,12040
AYS3,GSM_PERS,2026-06,2026-06-04,11,31,4,0.1290,30,31,1266,1356
AYSA,GSM_MOVI,2026-06,2026-06-04,11,534,153,0.2865,526,534,13655,21597
AYSA,GSM_PERS,2026-06,2026-06-04,11,388,31,0.0799,305,386,16879,25757
AYSE,GSM_PERS,2026-06,2026-06-04,11,1192,144,0.1208,970,1188,5533,7933
AYSE,MOVI,2026-06,2026-06-04,11,476,25,0.0525,426,475,1588,2186
CVIA,GSM_PERS,2026-06,2026-06-04,11,10,1,0.1000,8,10,39,61
DRTV,GSM_MOVI,2026-06,2026-06-04,11,631,39,0.0618,592,631,4109,4994
DRTV,GSM_PERS,2026-06,2026-06-04,11,2221,136,0.0612,1585,2221,4847,8847
DRTV,MOVI,2026-06,2026-06-04,11,133,7,0.0526,130,133,5618,6676
DRTV,Sin proveedor,2026-06,2026-06-04,11,1,1,1.0000,1,1,8,8
DRTW,GSM_MOVI,2026-06,2026-06-04,11,73,5,0.0685,65,73,872,1230
DRTW,GSM_PERS,2026-06,2026-06-04,11,129,4,0.0310,104,129,5285,8827
DRTW,MOVI,2026-06,2026-06-04,11,719,39,0.0542,691,712,7249,9204
DRTW,Sin proveedor,2026-06,2026-06-04,11,1,1,1.0000,1,1,12,14
FIME,GSM_MOVI,2026-06,2026-06-04,11,1807,85,0.0470,1772,1806,11522,12038
MEL0,GSM_MOVI,2026-06,2026-06-04,11,2363,118,0.0499,1998,2362,58422,86190
MEL0,GSM_PERS,2026-06,2026-06-04,11,868,48,0.0553,723,868,53014,84080
MEL0,MOVI,2026-06,2026-06-04,11,4019,178,0.0443,3777,4010,68363,105423
OEST,GSM_MOVI,2026-06,2026-06-04,11,90,9,0.1000,85,90,6150,8347
REVO,GSM_MOVI,2026-06,2026-06-04,11,481,59,0.1227,461,481,64541,77900
REVO,GSM_PERS,2026-06,2026-06-04,11,1376,57,0.0414,1107,1376,127551,185062
AUSO,GSM_MOVI,2026-06,2026-06-04,12,1526,186,0.1219,1418,1525,9114,12040
AYS3,GSM_PERS,2026-06,2026-06-04,12,185,21,0.1135,181,185,1266,1356
AYSA,GSM_PERS,2026-06,2026-06-04,12,1043,97,0.0930,932,1035,16879,25757
AYSE,GSM_PERS,2026-06,2026-06-04,12,1162,157,0.1351,971,1157,5533,7933
AYSE,MOVI,2026-06,2026-06-04,12,523,26,0.0497,469,521,1588,2186
CVIA,GSM_PERS,2026-06,2026-06-04,12,42,3,0.0714,27,42,39,61
DRTV,GSM_MOVI,2026-06,2026-06-04,12,613,47,0.0767,573,613,4109,4994
DRTV,GSM_PERS,2026-06,2026-06-04,12,1808,95,0.0525,1370,1808,4847,8847
DRTV,MOVI,2026-06,2026-06-04,12,107,9,0.0841,107,107,5618,6676
DRTW,GSM_MOVI,2026-06,2026-06-04,12,624,59,0.0946,495,624,872,1230
DRTW,GSM_PERS,2026-06,2026-06-04,12,109,3,0.0275,84,109,5285,8827
DRTW,MOVI,2026-06,2026-06-04,12,748,25,0.0334,724,738,7249,9204
FIME,GSM_MOVI,2026-06,2026-06-04,12,2169,104,0.0479,2106,2165,11522,12038
MEL0,GSM_MOVI,2026-06,2026-06-04,12,2283,117,0.0512,1928,2283,58422,86190
MEL0,GSM_PERS,2026-06,2026-06-04,12,675,25,0.0370,587,675,53014,84080
MEL0,MOVI,2026-06,2026-06-04,12,4148,167,0.0403,3883,4134,68363,105423
OEST,GSM_MOVI,2026-06,2026-06-04,12,776,140,0.1804,715,773,6150,8347
REVO,GSM_MOVI,2026-06,2026-06-04,12,437,50,0.1144,414,437,64541,77900
REVO,GSM_PERS,2026-06,2026-06-04,12,1227,61,0.0497,1007,1227,127551,185062
ADT1,GSM_MOVI,2026-06,2026-06-04,13,639,55,0.0861,310,636,339,709
AYS3,GSM_MOVI,2026-06,2026-06-04,13,593,79,0.1332,574,591,6141,9176
AYS3,GSM_PERS,2026-06,2026-06-04,13,357,34,0.0952,333,342,1266,1356
AYSA,GSM_PERS,2026-06,2026-06-04,13,2879,266,0.0924,2338,2856,16879,25757
AYSE,GSM_PERS,2026-06,2026-06-04,13,698,82,0.1175,618,698,5533,7933
DRTV,GSM_MOVI,2026-06,2026-06-04,13,382,24,0.0628,354,382,4109,4994
DRTV,GSM_PERS,2026-06,2026-06-04,13,1086,67,0.0617,891,1085,4847,8847
DRTV,MOVI,2026-06,2026-06-04,13,116,6,0.0517,116,116,5618,6676
DRTW,GSM_PERS,2026-06,2026-06-04,13,496,27,0.0544,424,496,5285,8827
DRTW,MOVI,2026-06,2026-06-04,13,719,34,0.0473,699,711,7249,9204
FIME,GSM_MOVI,2026-06,2026-06-04,13,2633,161,0.0611,2557,2627,11522,12038
MEL0,GSM_MOVI,2026-06,2026-06-04,13,4538,256,0.0564,3711,4538,58422,86190
MEL0,GSM_PERS,2026-06,2026-06-04,13,983,51,0.0519,827,983,53014,84080
MEL0,MOVI,2026-06,2026-06-04,13,4456,202,0.0453,4170,4442,68363,105423
REVO,GSM_MOVI,2026-06,2026-06-04,13,30,7,0.2333,27,30,64541,77900
REVO,GSM_PERS,2026-06,2026-06-04,13,123,10,0.0813,100,123,127551,185062
AYS3,GSM_PERS,2026-06,2026-06-04,14,153,19,0.1242,122,128,1266,1356
AYSA,GSM_PERS,2026-06,2026-06-04,14,3840,278,0.0724,2917,3791,16879,25757
AYSE,GSM_PERS,2026-06,2026-06-04,14,49,6,0.1224,47,49,5533,7933
AYSE,MOVI,2026-06,2026-06-04,14,1,1,1.0000,1,1,229,351
DRTV,GSM_MOVI,2026-06,2026-06-04,14,481,37,0.0769,449,481,4109,4994
DRTV,GSM_PERS,2026-06,2026-06-04,14,99,7,0.0707,87,99,4847,8847
DRTV,MOVI,2026-06,2026-06-04,14,65,1,0.0154,65,65,5618,6676
DRTW,GSM_PERS,2026-06,2026-06-04,14,1383,83,0.0600,1172,1383,5285,8827
DRTW,MOVI,2026-06,2026-06-04,14,1487,68,0.0457,1391,1450,7249,9204
FIME,GSM_MOVI,2026-06,2026-06-04,14,2458,145,0.0590,2397,2457,11522,12038
MEL0,GSM_MOVI,2026-06,2026-06-04,14,6023,318,0.0528,4893,6022,58422,86190
MEL0,GSM_PERS,2026-06,2026-06-04,14,1188,62,0.0522,1026,1188,53014,84080
MEL0,MOVI,2026-06,2026-06-04,14,4787,210,0.0439,4546,4759,68363,105423
MEL0,Sin proveedor,2026-06,2026-06-04,14,1,0,0.0000,1,1,6,6
AYS3,GSM_PERS,2026-06,2026-06-04,15,72,5,0.0694,59,51,1266,1356
AYSA,GSM_PERS,2026-06,2026-06-04,15,4540,278,0.0612,3321,4477,16879,25757
DRTV,GSM_MOVI,2026-06,2026-06-04,15,514,43,0.0837,475,514,4109,4994
DRTV,GSM_PERS,2026-06,2026-06-04,15,135,10,0.0741,120,135,4847,8847
DRTV,MOVI,2026-06,2026-06-04,15,136,5,0.0368,136,136,5618,6676
DRTW,GSM_PERS,2026-06,2026-06-04,15,697,43,0.0617,575,696,5285,8827
DRTW,MOVI,2026-06,2026-06-04,15,636,29,0.0456,627,636,7249,9204
FIME,GSM_MOVI,2026-06,2026-06-04,15,1472,95,0.0645,1442,1472,11522,12038
MEL0,GSM_MOVI,2026-06,2026-06-04,15,6209,287,0.0462,4971,6207,58422,86190
MEL0,GSM_PERS,2026-06,2026-06-04,15,1530,63,0.0412,1267,1530,53014,84080
MEL0,MOVI,2026-06,2026-06-04,15,4827,227,0.0470,4625,4794,68363,105423
OEST,Sin proveedor,2026-06,2026-06-04,15,1,1,1.0000,1,1,8,8
REVO,Sin proveedor,2026-06,2026-06-04,15,1,1,1.0000,1,1,8,8
AYSA,GSM_PERS,2026-06,2026-06-04,16,3190,172,0.0539,2497,3178,14425,23147
DRTV,GSM_PERS,2026-06,2026-06-04,16,389,26,0.0668,340,389,4847,8847
DRTV,MOVI,2026-06,2026-06-04,16,828,40,0.0483,805,828,5618,6676
DRTW,GSM_PERS,2026-06,2026-06-04,16,1244,68,0.0547,865,1244,3237,6164
DRTW,MOVI,2026-06,2026-06-04,16,824,29,0.0352,807,824,7249,9204
DRTW,Sin proveedor,2026-06,2026-06-04,16,1,0,0.0000,1,1,6,6
MEL0,GSM_MOVI,2026-06,2026-06-04,16,7980,300,0.0376,6107,7980,58422,86190
MEL0,GSM_PERS,2026-06,2026-06-04,16,1837,90,0.0490,1579,1837,53014,84080
MEL0,MOVI,2026-06,2026-06-04,16,4769,213,0.0447,4568,4738,68363,105423
AYS3,GSM_MOVI,2026-06,2026-06-04,17,1381,88,0.0637,1112,1378,8296,11883
AYSA,GSM_MOVI,2026-06,2026-06-04,17,2485,255,0.1026,1879,2473,13655,21597
AYSA,GSM_PERS,2026-06,2026-06-04,17,3291,174,0.0529,2582,3285,14425,23147
AYSA,MOVI,2026-06,2026-06-04,17,2,2,1.0000,2,1,14576,23395
DRTV,MOVI,2026-06,2026-06-04,17,126,8,0.0635,124,126,5618,6676
DRTW,GSM_PERS,2026-06,2026-06-04,17,1340,68,0.0507,925,1340,3237,6164
DRTW,MOVI,2026-06,2026-06-04,17,1512,57,0.0377,1453,1512,7249,9204
MEL0,GSM_MOVI,2026-06,2026-06-04,17,5185,183,0.0353,4173,5185,58422,86190
MEL0,GSM_PERS,2026-06,2026-06-04,17,2067,110,0.0532,1742,2067,53014,84080
MEL0,MOVI,2026-06,2026-06-04,17,5068,225,0.0444,4830,4986,68363,105423
AYS3,GSM_MOVI,2026-06,2026-06-04,18,2007,134,0.0668,1578,1950,8296,11883
AYSA,GSM_MOVI,2026-06,2026-06-04,18,3268,309,0.0946,2517,3257,13655,21597
AYSA,GSM_PERS,2026-06,2026-06-04,18,3416,189,0.0553,2724,3403,14425,23147
DRTV,MOVI,2026-06,2026-06-04,18,112,7,0.0625,112,112,5618,6676
DRTW,GSM_PERS,2026-06,2026-06-04,18,1353,78,0.0576,995,1353,3237,6164
DRTW,MOVI,2026-06,2026-06-04,18,1568,65,0.0415,1498,1568,7249,9204
MEL0,GSM_MOVI,2026-06,2026-06-04,18,4603,187,0.0406,3733,4603,58422,86190
MEL0,GSM_PERS,2026-06,2026-06-04,18,2072,100,0.0483,1783,2072,53014,84080
MEL0,MOVI,2026-06,2026-06-04,18,4185,190,0.0454,4058,4123,68363,105423
AYS3,GSM_MOVI,2026-06,2026-06-04,19,4468,331,0.0741,3447,4298,8296,11883
AYSA,GSM_MOVI,2026-06,2026-06-04,19,5213,523,0.1003,3938,5200,13655,21597
AYSA,GSM_PERS,2026-06,2026-06-04,19,854,42,0.0492,738,853,14425,23147
DRTV,MOVI,2026-06,2026-06-04,19,120,7,0.0583,119,120,5618,6676
DRTW,GSM_PERS,2026-06,2026-06-04,19,686,33,0.0481,555,686,3237,6164
DRTW,MOVI,2026-06,2026-06-04,19,1634,67,0.0410,1554,1634,7249,9204
MEL0,GSM_PERS,2026-06,2026-06-04,19,4574,260,0.0568,3557,4573,53014,84080
MEL0,MOVI,2026-06,2026-06-04,19,4114,174,0.0423,3988,4049,68363,105423
AYS3,GSM_MOVI,2026-06,2026-06-04,20,624,36,0.0577,521,622,8296,11883
AYSA,GSM_MOVI,2026-06,2026-06-04,20,2261,189,0.0836,1713,2260,13655,21597
DRTV,MOVI,2026-06,2026-06-04,20,10,0,0.0000,10,10,5618,6676
DRTW,MOVI,2026-06,2026-06-04,20,324,12,0.0370,321,324,7249,9204
MEL0,GSM_PERS,2026-06,2026-06-04,20,7886,463,0.0587,6406,7885,53014,84080
MEL0,MOVI,2026-06,2026-06-04,20,3458,149,0.0431,3374,3406,68363,105423
MEL0,GSM_PERS,2026-06,2026-06-04,21,4,0,0.0000,4,4,53014,84080
MEL0,MOVI,2026-06,2026-06-04,21,9568,472,0.0493,8566,9216,68363,105423
MEL0,MOVI,2026-06,2026-06-04,22,46,4,0.0870,45,46,68363,105423
AUSO,GSM_MOVI,2026-06,2026-06-05,8,1049,128,0.1220,722,1048,5511,10065
AYS3,GSM_MOVI,2026-06,2026-06-05,8,24,7,0.2917,21,24,6141,9176
AYS3,GSM_PERS,2026-06,2026-06-05,8,165,11,0.0667,141,137,1266,1356
AYSA,GSM_MOVI,2026-06,2026-06-05,8,1051,215,0.2046,980,1048,21631,33163
AYSA,GSM_PERS,2026-06,2026-06-05,8,563,57,0.1012,549,559,16879,25757
AYSE,GSM_MOVI,2026-06,2026-06-05,8,427,118,0.2763,387,426,7664,11454
AYSE,GSM_PERS,2026-06,2026-06-05,8,375,66,0.1760,361,373,5533,7933
MEL0,GSM_PERS,2026-06,2026-06-05,8,1284,45,0.0350,1132,1284,53014,84080
MEL0,MOVI,2026-06,2026-06-05,8,10913,351,0.0322,9722,10465,68363,105423
OEST,GSM_PERS,2026-06,2026-06-05,8,456,43,0.0943,380,456,5773,8506
REVO,GSM_MOVI,2026-06,2026-06-05,8,1271,94,0.0740,1082,1271,103389,129997
REVO,GSM_PERS,2026-06,2026-06-05,8,349,15,0.0430,281,349,59265,88247
AUSO,GSM_MOVI,2026-06,2026-06-05,9,1365,175,0.1282,996,1360,5511,10065
AYS3,GSM_PERS,2026-06,2026-06-05,9,546,47,0.0861,470,487,1266,1356
AYS3,MOVI,2026-06,2026-06-05,9,5,3,0.6000,5,5,1580,2131
AYSA,GSM_MOVI,2026-06,2026-06-05,9,1287,196,0.1523,1248,1286,13655,21597
AYSA,GSM_PERS,2026-06,2026-06-05,9,1692,143,0.0845,1443,1677,16879,25757
AYSA,MOVI,2026-06,2026-06-05,9,15,1,0.0667,14,15,3497,4179
AYSC,MOVI,2026-06,2026-06-05,9,120,3,0.0250,95,119,586,1262
AYSE,GSM_PERS,2026-06,2026-06-05,9,157,16,0.1019,131,157,7840,11634
AYSE,MOVI,2026-06,2026-06-05,9,10,10,1.0000,10,10,1514,2093
DRTV,GSM_PERS,2026-06,2026-06-05,9,404,21,0.0520,330,404,6598,10871
DRTW,GSM_MOVI,2026-06,2026-06-05,9,1091,34,0.0312,800,1091,872,1230
DRTW,GSM_PERS,2026-06,2026-06-05,9,415,9,0.0217,298,415,3237,6164
MEL0,GSM_PERS,2026-06,2026-06-05,9,700,32,0.0457,618,700,53014,84080
MEL0,MOVI,2026-06,2026-06-05,9,2460,92,0.0374,2396,2432,68363,105423
OEST,GSM_MOVI,2026-06,2026-06-05,9,2779,346,0.1245,2172,2773,5478,7908
OEST,GSM_PERS,2026-06,2026-06-05,9,282,25,0.0887,221,282,5773,8506
REVO,GSM_MOVI,2026-06,2026-06-05,9,2221,172,0.0774,1870,2220,103389,129997
REVO,GSM_PERS,2026-06,2026-06-05,9,2236,88,0.0394,1741,2235,59265,88247
AUSO,GSM_MOVI,2026-06,2026-06-05,10,987,150,0.1520,751,986,5511,10065
AYS3,GSM_PERS,2026-06,2026-06-05,10,404,37,0.0916,394,404,1266,1356
AYS3,MOVI,2026-06,2026-06-05,10,2,0,0.0000,2,2,1580,2131
AYSA,GSM_PERS,2026-06,2026-06-05,10,1429,124,0.0868,1217,1425,16879,25757
AYSA,MOVI,2026-06,2026-06-05,10,12,1,0.0833,12,12,3497,4179
AYSC,MOVI,2026-06,2026-06-05,10,93,5,0.0538,80,93,586,1262
AYSE,GSM_PERS,2026-06,2026-06-05,10,106,8,0.0755,97,105,7840,11634
AYSE,MOVI,2026-06,2026-06-05,10,6,6,1.0000,6,6,1346,1868
CVIA,GSM_PERS,2026-06,2026-06-05,10,25,0,0.0000,17,25,39,61
DRTV,GSM_PERS,2026-06,2026-06-05,10,1721,134,0.0779,1504,1720,6598,10871
DRTV,MOVI,2026-06,2026-06-05,10,277,19,0.0686,274,277,7823,9367
DRTW,GSM_PERS,2026-06,2026-06-05,10,247,7,0.0283,195,247,3237,6164
DRTW,MOVI,2026-06,2026-06-05,10,346,17,0.0491,344,346,8947,11355
FIME,GSM_MOVI,2026-06,2026-06-05,10,1023,43,0.0420,1000,1022,11522,12038
MEL0,GSM_MOVI,2026-06,2026-06-05,10,231,11,0.0476,198,231,58422,86190
MEL0,GSM_PERS,2026-06,2026-06-05,10,556,30,0.0540,506,556,53014,84080
MEL0,MOVI,2026-06,2026-06-05,10,2274,98,0.0431,2229,2256,68363,105423
OEST,GSM_MOVI,2026-06,2026-06-05,10,2489,337,0.1354,2042,2485,5478,7908
OEST,GSM_PERS,2026-06,2026-06-05,10,157,21,0.1338,133,157,5773,8506
REVO,GSM_MOVI,2026-06,2026-06-05,10,4215,282,0.0669,3544,4211,103389,129997
REVO,GSM_PERS,2026-06,2026-06-05,10,1598,75,0.0469,1296,1598,59265,88247
AUSO,GSM_MOVI,2026-06,2026-06-05,11,1051,154,0.1465,832,1051,5511,10065
AYS3,GSM_PERS,2026-06,2026-06-05,11,209,24,0.1148,206,209,1266,1356
AYSA,GSM_PERS,2026-06,2026-06-05,11,1060,113,0.1066,971,1059,16879,25757
AYSA,MOVI,2026-06,2026-06-05,11,3,1,0.3333,3,3,3497,4179
AYSC,MOVI,2026-06,2026-06-05,11,27,0,0.0000,21,27,586,1262
AYSE,GSM_PERS,2026-06,2026-06-05,11,147,18,0.1224,110,147,7840,11634
AYSE,MOVI,2026-06,2026-06-05,11,10,10,1.0000,10,10,1514,2093
AYSJ,GSM_MOVI,2026-06,2026-06-05,11,66,2,0.0303,52,66,929,1295
CVIA,GSM_PERS,2026-06,2026-06-05,11,34,3,0.0882,24,34,39,61
DRTV,GSM_PERS,2026-06,2026-06-05,11,239,19,0.0795,203,239,6598,10871
DRTV,MOVI,2026-06,2026-06-05,11,335,28,0.0836,331,335,7823,9367
DRTW,GSM_PERS,2026-06,2026-06-05,11,59,1,0.0169,46,59,3237,6164
DRTW,MOVI,2026-06,2026-06-05,11,451,29,0.0643,441,451,8947,11355
FIME,GSM_MOVI,2026-06,2026-06-05,11,1831,98,0.0535,1787,1831,11522,12038
MEL0,GSM_MOVI,2026-06,2026-06-05,11,946,36,0.0381,819,946,58422,86190
MEL0,GSM_PERS,2026-06,2026-06-05,11,2596,119,0.0458,2124,2585,53014,84080
MEL0,MOVI,2026-06,2026-06-05,11,2949,104,0.0353,2869,2925,68363,105423
OEST,GSM_MOVI,2026-06,2026-06-05,11,2102,287,0.1365,1733,2095,5478,7908
OEST,GSM_PERS,2026-06,2026-06-05,11,120,16,0.1333,100,120,5773,8506
REVO,GSM_MOVI,2026-06,2026-06-05,11,3006,231,0.0768,2573,3005,103389,129997
REVO,GSM_PERS,2026-06,2026-06-05,11,1782,98,0.0550,1456,1781,59265,88247
AUSO,GSM_MOVI,2026-06,2026-06-05,12,1286,216,0.1680,998,1285,5511,10065
AYS3,MOVI,2026-06,2026-06-05,12,3,0,0.0000,3,3,1580,2131
AYSA,GSM_PERS,2026-06,2026-06-05,12,350,25,0.0714,256,350,16879,25757
AYSA,MOVI,2026-06,2026-06-05,12,27,20,0.7407,27,27,18073,27574
AYSC,MOVI,2026-06,2026-06-05,12,24,3,0.1250,24,24,586,1262
AYSE,GSM_PERS,2026-06,2026-06-05,12,125,13,0.1040,99,125,7840,11634
AYSE,MOVI,2026-06,2026-06-05,12,3,3,1.0000,3,3,1021,1398
AYSJ,GSM_MOVI,2026-06,2026-06-05,12,37,1,0.0270,26,37,899,1257
DRPW,Sin proveedor,2026-06,2026-06-05,12,1,1,1.0000,1,1,7,7
DRTV,GSM_PERS,2026-06,2026-06-05,12,173,12,0.0694,133,173,6598,10871
DRTV,MOVI,2026-06,2026-06-05,12,344,21,0.0610,340,344,7823,9367
DRTW,GSM_PERS,2026-06,2026-06-05,12,68,2,0.0294,49,68,3237,6164
DRTW,MOVI,2026-06,2026-06-05,12,464,27,0.0582,459,464,8947,11355
FIME,GSM_MOVI,2026-06,2026-06-05,12,2303,135,0.0586,2236,2301,11522,12038
MEL0,GSM_MOVI,2026-06,2026-06-05,12,1343,40,0.0298,1103,1343,58422,86190
MEL0,GSM_PERS,2026-06,2026-06-05,12,3410,190,0.0557,2693,3401,53014,84080
MEL0,MOVI,2026-06,2026-06-05,12,4636,170,0.0367,4402,4601,68363,105423
OEST,GSM_PERS,2026-06,2026-06-05,12,158,19,0.1203,130,158,5773,8506
REVO,GSM_MOVI,2026-06,2026-06-05,12,4016,306,0.0762,3348,4014,103389,129997
REVO,GSM_PERS,2026-06,2026-06-05,12,2038,95,0.0466,1619,2038,59265,88247
ADT1,GSM_MOVI,2026-06,2026-06-05,13,23,0,0.0000,13,23,339,709
AUSO,GSM_MOVI,2026-06,2026-06-05,13,1281,202,0.1577,1007,1281,5511,10065
AYS3,GSM_MOVI,2026-06,2026-06-05,13,8,1,0.1250,7,8,6141,9176
AYS3,MOVI,2026-06,2026-06-05,13,2,0,0.0000,2,2,1580,2131
AYSA,GSM_PERS,2026-06,2026-06-05,13,398,18,0.0452,305,398,14425,23147
AYSA,MOVI,2026-06,2026-06-05,13,24,22,0.9167,24,23,18073,27574
AYSC,MOVI,2026-06,2026-06-05,13,28,2,0.0714,25,28,586,1262
AYSE,GSM_PERS,2026-06,2026-06-05,13,227,29,0.1278,175,227,7840,11634
AYSE,MOVI,2026-06,2026-06-05,13,7,7,1.0000,7,7,1285,1742
AYSJ,GSM_MOVI,2026-06,2026-06-05,13,22,0,0.0000,19,22,770,1082
DRTV,GSM_PERS,2026-06,2026-06-05,13,84,9,0.1071,62,84,4847,8847
DRTV,MOVI,2026-06,2026-06-05,13,403,26,0.0645,400,403,7823,9367
DRTW,GSM_PERS,2026-06,2026-06-05,13,74,4,0.0541,53,74,3237,6164
DRTW,MOVI,2026-06,2026-06-05,13,464,24,0.0517,452,464,8947,11355
FIME,GSM_MOVI,2026-06,2026-06-05,13,2300,107,0.0465,2237,2300,11522,12038
MEL0,GSM_MOVI,2026-06,2026-06-05,13,1241,58,0.0467,1037,1241,58422,86190
MEL0,GSM_PERS,2026-06,2026-06-05,13,3231,192,0.0594,2612,3226,53014,84080
MEL0,MOVI,2026-06,2026-06-05,13,4807,176,0.0366,4548,4770,68363,105423
OEST,GSM_PERS,2026-06,2026-06-05,13,103,10,0.0971,85,103,5773,8506
REVO,GSM_MOVI,2026-06,2026-06-05,13,4172,331,0.0793,3486,4171,103389,129997
REVO,GSM_PERS,2026-06,2026-06-05,13,2157,81,0.0376,1720,2157,59265,88247
ADT1,GSM_MOVI,2026-06,2026-06-05,14,205,8,0.0390,134,204,339,709
AUSO,GSM_MOVI,2026-06,2026-06-05,14,932,145,0.1556,743,931,5511,10065
AYS3,GSM_MOVI,2026-06,2026-06-05,14,426,60,0.1408,418,424,6141,9176
AYSA,GSM_PERS,2026-06,2026-06-05,14,324,19,0.0586,245,321,14425,23147
AYSA,MOVI,2026-06,2026-06-05,14,412,9,0.0218,381,411,18073,27574
AYSC,MOVI,2026-06,2026-06-05,14,32,3,0.0938,31,32,586,1262
AYSE,GSM_PERS,2026-06,2026-06-05,14,134,23,0.1716,110,134,7840,11634
AYSE,MOVI,2026-06,2026-06-05,14,237,9,0.0380,229,236,1514,2093
AYSJ,GSM_MOVI,2026-06,2026-06-05,14,1480,73,0.0493,894,1244,929,1295
DRTV,GSM_PERS,2026-06,2026-06-05,14,283,17,0.0601,215,283,6598,10871
DRTV,MOVI,2026-06,2026-06-05,14,329,21,0.0638,327,329,7823,9367
DRTW,GSM_PERS,2026-06,2026-06-05,14,58,4,0.0690,45,58,3237,6164
DRTW,MOVI,2026-06,2026-06-05,14,488,22,0.0451,478,488,8947,11355
FIME,GSM_MOVI,2026-06,2026-06-05,14,1582,95,0.0601,1547,1582,11522,12038
MEL0,GSM_MOVI,2026-06,2026-06-05,14,1335,48,0.0360,1142,1335,58422,86190
MEL0,GSM_PERS,2026-06,2026-06-05,14,3065,182,0.0594,2469,3057,53014,84080
MEL0,MOVI,2026-06,2026-06-05,14,3928,159,0.0405,3777,3903,68363,105423
OEST,GSM_PERS,2026-06,2026-06-05,14,227,23,0.1013,188,227,5773,8506
OEST,Sin proveedor,2026-06,2026-06-05,14,1,1,1.0000,1,1,8,8
REVO,GSM_MOVI,2026-06,2026-06-05,14,3112,238,0.0765,2696,3110,103389,129997
REVO,GSM_PERS,2026-06,2026-06-05,14,2163,98,0.0453,1728,2163,59265,88247
ADT1,GSM_MOVI,2026-06,2026-06-05,15,359,16,0.0446,200,359,339,709
AUSO,GSM_MOVI,2026-06,2026-06-05,15,892,130,0.1457,723,891,5511,10065
AUSO,Sin proveedor,2026-06,2026-06-05,15,3,3,1.0000,2,2,7,7
AYS3,GSM_MOVI,2026-06,2026-06-05,15,165,20,0.1212,163,165,6141,9176
AYS3,MOVI,2026-06,2026-06-05,15,1,0,0.0000,1,1,1580,2131
AYSA,GSM_PERS,2026-06,2026-06-05,15,392,17,0.0434,296,392,14425,23147
AYSA,MOVI,2026-06,2026-06-05,15,501,14,0.0279,447,500,18073,27574
AYSC,MOVI,2026-06,2026-06-05,15,20,3,0.1500,20,20,586,1262
AYSE,GSM_PERS,2026-06,2026-06-05,15,123,10,0.0813,91,123,7840,11634
AYSE,MOVI,2026-06,2026-06-05,15,325,6,0.0185,295,325,1514,2093
AYSJ,GSM_MOVI,2026-06,2026-06-05,15,1001,44,0.0440,739,994,929,1295
DRTV,GSM_PERS,2026-06,2026-06-05,15,171,12,0.0702,130,171,4847,8847
DRTV,MOVI,2026-06,2026-06-05,15,374,24,0.0642,373,374,7823,9367
DRTW,GSM_PERS,2026-06,2026-06-05,15,641,30,0.0468,489,641,3237,6164
DRTW,MOVI,2026-06,2026-06-05,15,487,16,0.0329,478,487,8947,11355
FIME,GSM_MOVI,2026-06,2026-06-05,15,1356,68,0.0501,1332,1356,11522,12038
MEL0,GSM_MOVI,2026-06,2026-06-05,15,1918,96,0.0501,1638,1918,58422,86190
MEL0,GSM_PERS,2026-06,2026-06-05,15,3061,186,0.0608,2568,3053,53014,84080
MEL0,MOVI,2026-06,2026-06-05,15,4343,180,0.0414,4156,4300,68363,105423
OEST,GSM_PERS,2026-06,2026-06-05,15,112,15,0.1339,97,112,5773,8506
REVO,GSM_MOVI,2026-06,2026-06-05,15,3035,219,0.0722,2600,3033,103389,129997
REVO,GSM_PERS,2026-06,2026-06-05,15,1814,65,0.0358,1493,1814,59265,88247
AUSO,GSM_MOVI,2026-06,2026-06-05,16,84,18,0.2143,74,84,5511,10065
AYS3,MOVI,2026-06,2026-06-05,16,1,0,0.0000,1,1,1580,2131
AYSA,GSM_PERS,2026-06,2026-06-05,16,398,22,0.0553,308,394,14425,23147
AYSA,MOVI,2026-06,2026-06-05,16,240,9,0.0375,232,240,18073,27574
AYSC,MOVI,2026-06,2026-06-05,16,23,3,0.1304,23,23,586,1262
AYSE,GSM_PERS,2026-06,2026-06-05,16,121,15,0.1240,88,121,7840,11634
AYSE,MOVI,2026-06,2026-06-05,16,211,5,0.0237,199,211,1514,2093
DRTV,GSM_PERS,2026-06,2026-06-05,16,137,9,0.0657,103,137,4847,8847
DRTV,MOVI,2026-06,2026-06-05,16,366,17,0.0464,362,366,7823,9367
DRTW,GSM_PERS,2026-06,2026-06-05,16,720,29,0.0403,553,720,3237,6164
DRTW,MOVI,2026-06,2026-06-05,16,501,15,0.0299,491,501,8947,11355
DRTW,Sin proveedor,2026-06,2026-06-05,16,1,1,1.0000,1,1,12,14
FIME,GSM_MOVI,2026-06,2026-06-05,16,1662,97,0.0584,1618,1662,11522,12038
MEL0,GSM_MOVI,2026-06,2026-06-05,16,3975,207,0.0521,3227,3974,58422,86190
MEL0,GSM_PERS,2026-06,2026-06-05,16,2808,146,0.0520,2375,2803,53014,84080
MEL0,MOVI,2026-06,2026-06-05,16,4848,188,0.0388,4607,4799,68363,105423
OEST,GSM_PERS,2026-06,2026-06-05,16,223,23,0.1031,187,223,5773,8506
OEST,Sin proveedor,2026-06,2026-06-05,16,1,1,1.0000,1,1,8,8
REVO,GSM_MOVI,2026-06,2026-06-05,16,2761,187,0.0677,2368,2759,103389,129997
REVO,GSM_PERS,2026-06,2026-06-05,16,1903,75,0.0394,1568,1903,59265,88247
AYS3,MOVI,2026-06,2026-06-05,17,3,0,0.0000,3,3,1580,2131
AYSA,GSM_PERS,2026-06,2026-06-05,17,331,23,0.0695,254,330,14425,23147
AYSA,MOVI,2026-06,2026-06-05,17,8,0,0.0000,8,8,3497,4179
AYSC,MOVI,2026-06,2026-06-05,17,46,4,0.0870,44,46,586,1262
AYSE,GSM_PERS,2026-06,2026-06-05,17,1461,152,0.1040,1164,1461,7840,11634
DRPW,Sin proveedor,2026-06,2026-06-05,17,1,1,1.0000,1,1,7,7
DRTV,GSM_PERS,2026-06,2026-06-05,17,275,10,0.0364,215,275,4847,8847
DRTV,MOVI,2026-06,2026-06-05,17,135,5,0.0370,134,135,7823,9367
DRTW,GSM_PERS,2026-06,2026-06-05,17,682,33,0.0484,533,682,3237,6164
DRTW,MOVI,2026-06,2026-06-05,17,220,10,0.0455,219,220,8947,11355
MEL0,GSM_MOVI,2026-06,2026-06-05,17,6384,170,0.0266,4854,6383,58422,86190
MEL0,GSM_PERS,2026-06,2026-06-05,17,1644,80,0.0487,1432,1627,53014,84080
MEL0,MOVI,2026-06,2026-06-05,17,5819,238,0.0409,5497,5730,68363,105423
OEST,GSM_PERS,2026-06,2026-06-05,17,274,34,0.1241,218,273,5773,8506
REVO,GSM_MOVI,2026-06,2026-06-05,17,540,35,0.0648,429,540,64541,77900
REVO,GSM_PERS,2026-06,2026-06-05,17,1677,71,0.0423,1339,1677,59265,88247
AYS3,MOVI,2026-06,2026-06-05,18,3,1,0.3333,3,3,1580,2131
AYSA,GSM_PERS,2026-06,2026-06-05,18,1142,58,0.0508,907,1141,14425,23147
AYSA,MOVI,2026-06,2026-06-05,18,13,0,0.0000,12,13,3497,4179
AYSC,MOVI,2026-06,2026-06-05,18,52,5,0.0962,47,52,586,1262
AYSE,GSM_PERS,2026-06,2026-06-05,18,1740,178,0.1023,1410,1737,7840,11634
DRTV,GSM_PERS,2026-06,2026-06-05,18,254,19,0.0748,195,254,4847,8847
DRTW,GSM_PERS,2026-06,2026-06-05,18,727,24,0.0330,578,727,3237,6164
MEL0,GSM_MOVI,2026-06,2026-06-05,18,7801,190,0.0244,5903,7801,58422,86190
MEL0,GSM_PERS,2026-06,2026-06-05,18,2280,96,0.0421,1998,2280,53014,84080
MEL0,MOVI,2026-06,2026-06-05,18,6033,266,0.0441,5603,5859,68363,105423
MEL0,Sin proveedor,2026-06,2026-06-05,18,1,0,0.0000,1,1,6,6
OEST,GSM_PERS,2026-06,2026-06-05,18,312,29,0.0929,262,312,5773,8506
AYS3,MOVI,2026-06,2026-06-05,19,3,0,0.0000,3,3,1580,2131
AYSA,GSM_PERS,2026-06,2026-06-05,19,712,51,0.0716,567,712,14425,23147
AYSA,MOVI,2026-06,2026-06-05,19,4,0,0.0000,4,4,3497,4179
AYSC,MOVI,2026-06,2026-06-05,19,57,1,0.0175,49,57,586,1262
AYSE,GSM_PERS,2026-06,2026-06-05,19,1693,174,0.1028,1413,1693,7840,11634
DRTV,GSM_PERS,2026-06,2026-06-05,19,915,52,0.0568,702,915,4847,8847
DRTW,GSM_PERS,2026-06,2026-06-05,19,695,22,0.0317,573,695,3237,6164
MEL0,GSM_MOVI,2026-06,2026-06-05,19,7853,186,0.0237,5929,7853,58422,86190
MEL0,GSM_PERS,2026-06,2026-06-05,19,1327,67,0.0505,1160,1327,53014,84080
MEL0,MOVI,2026-06,2026-06-05,19,5984,263,0.0440,5586,5828,68363,105423
OEST,GSM_PERS,2026-06,2026-06-05,19,1088,135,0.1241,883,1088,5773,8506
AYS3,MOVI,2026-06,2026-06-05,20,4,1,0.2500,4,4,1580,2131
AYSA,GSM_PERS,2026-06,2026-06-05,20,450,17,0.0378,369,449,14425,23147
AYSA,MOVI,2026-06,2026-06-05,20,12,2,0.1667,11,12,3497,4179
AYSC,MOVI,2026-06,2026-06-05,20,65,3,0.0462,50,65,586,1262
AYSE,GSM_PERS,2026-06,2026-06-05,20,1285,124,0.0965,1090,1284,7840,11634
DRTV,GSM_PERS,2026-06,2026-06-05,20,2122,121,0.0570,1578,2122,4847,8847
DRTW,GSM_PERS,2026-06,2026-06-05,20,872,25,0.0287,688,872,3237,6164
MEL0,GSM_MOVI,2026-06,2026-06-05,20,5945,170,0.0286,4508,5945,58422,86190
MEL0,GSM_PERS,2026-06,2026-06-05,20,945,49,0.0519,841,945,53014,84080
MEL0,MOVI,2026-06,2026-06-05,20,5309,196,0.0369,4860,5196,68363,105423
OEST,GSM_PERS,2026-06,2026-06-05,20,1543,194,0.1257,1294,1541,5773,8506
AYS3,MOVI,2026-06,2026-06-05,21,7,2,0.2857,6,7,1580,2131
AYSA,GSM_PERS,2026-06,2026-06-05,21,1,0,0.0000,1,1,14425,23147
AYSA,MOVI,2026-06,2026-06-05,21,36,4,0.1111,28,36,3497,4179
AYSC,MOVI,2026-06,2026-06-05,21,143,8,0.0559,102,143,586,1262
DRTV,GSM_PERS,2026-06,2026-06-05,21,5,0,0.0000,5,5,4847,8847
MEL0,GSM_PERS,2026-06,2026-06-05,21,1,0,0.0000,1,1,53014,84080
MEL0,MOVI,2026-06,2026-06-05,21,8286,316,0.0381,7228,8103,68363,105423
OEST,GSM_PERS,2026-06,2026-06-05,21,11,3,0.2727,11,11,5773,8506
MEL0,MOVI,2026-06,2026-06-05,22,81,0,0.0000,73,81,68363,105423
AUSO,GSM_MOVI,2026-06,2026-06-06,8,100,13,0.1300,86,100,7453,10395
AUSO,GSM_PERS,2026-06,2026-06-06,8,505,44,0.0871,465,505,3377,4262
AYSA,GSM_PERS,2026-06,2026-06-06,8,198,4,0.0202,166,197,14425,23147
AYSE,GSM_MOVI,2026-06,2026-06-06,8,276,51,0.1848,257,275,7664,11454
DRTV,GSM_PERS,2026-06,2026-06-06,8,31,0,0.0000,26,31,4847,8847
MEL0,GSM_PERS,2026-06,2026-06-06,8,609,15,0.0246,543,609,53014,84080
OEST,GSM_PERS,2026-06,2026-06-06,8,116,20,0.1724,102,116,5773,8506
REVO,GSM_MOVI,2026-06,2026-06-06,8,1841,111,0.0603,1560,1841,103389,129997
REVO,GSM_PERS,2026-06,2026-06-06,8,2036,58,0.0285,1731,2036,127551,185062
AUSO,GSM_MOVI,2026-06,2026-06-06,9,3601,432,0.1200,3239,3595,13025,18331
AUSO,GSM_PERS,2026-06,2026-06-06,9,936,92,0.0983,813,901,3377,4262
AYS3,MOVI,2026-06,2026-06-06,9,4,0,0.0000,2,4,1580,2131
AYSA,GSM_PERS,2026-06,2026-06-06,9,417,17,0.0408,356,414,14425,23147
AYSA,MOVI,2026-06,2026-06-06,9,16,2,0.1250,14,16,3497,4179
AYSC,MOVI,2026-06,2026-06-06,9,73,8,0.1096,48,73,586,1262
AYSE,GSM_MOVI,2026-06,2026-06-06,9,191,52,0.2723,174,191,7664,11454
DRPW,Sin proveedor,2026-06,2026-06-06,9,1,1,1.0000,1,1,7,7
DRTV,GSM_PERS,2026-06,2026-06-06,9,250,17,0.0680,196,250,6598,10871
DRTW,GSM_MOVI,2026-06,2026-06-06,9,13,0,0.0000,12,13,872,1230
DRTW,GSM_PERS,2026-06,2026-06-06,9,101,4,0.0396,73,101,5285,8827
MEL0,GSM_PERS,2026-06,2026-06-06,9,860,36,0.0419,752,860,53014,84080
MEL0,MOVI,2026-06,2026-06-06,9,5169,140,0.0271,4615,5090,68363,105423
OEST,GSM_MOVI,2026-06,2026-06-06,9,3666,389,0.1061,3309,3659,13206,17531
OEST,GSM_PERS,2026-06,2026-06-06,9,41,4,0.0976,38,41,5773,8506
OEST,Sin proveedor,2026-06,2026-06-06,9,1,1,1.0000,1,1,8,8
REVO,GSM_MOVI,2026-06,2026-06-06,9,1392,88,0.0632,1215,1392,103389,129997
REVO,GSM_PERS,2026-06,2026-06-06,9,3679,130,0.0353,2887,3679,127551,185062
REVO,MOVI,2026-06,2026-06-06,9,3320,261,0.0786,2783,3320,53156,69280
AUSO,GSM_MOVI,2026-06,2026-06-06,10,3223,400,0.1241,2909,3216,13025,18331
AUSO,GSM_PERS,2026-06,2026-06-06,10,860,104,0.1209,728,814,3377,4262
AYS3,MOVI,2026-06,2026-06-06,10,2,0,0.0000,2,2,1580,2131
AYSA,GSM_PERS,2026-06,2026-06-06,10,307,8,0.0261,239,307,14425,23147
AYSA,MOVI,2026-06,2026-06-06,10,11,1,0.0909,9,11,3497,4179
AYSC,MOVI,2026-06,2026-06-06,10,54,2,0.0370,42,54,586,1262
DRTV,GSM_PERS,2026-06,2026-06-06,10,284,14,0.0493,234,284,6598,10871
DRTV,Sin proveedor,2026-06,2026-06-06,10,1,1,1.0000,1,1,7,7
DRTW,GSM_PERS,2026-06,2026-06-06,10,206,13,0.0631,157,206,5285,8827
FIME,GSM_MOVI,2026-06,2026-06-06,10,1539,66,0.0429,1502,1539,11522,12038
MEL0,GSM_MOVI,2026-06,2026-06-06,10,300,7,0.0233,266,300,58422,86190
MEL0,GSM_PERS,2026-06,2026-06-06,10,805,26,0.0323,700,805,53014,84080
MEL0,MOVI,2026-06,2026-06-06,10,7066,241,0.0341,6186,6987,68363,105423
OEST,GSM_MOVI,2026-06,2026-06-06,10,2338,335,0.1433,2118,2336,13206,17531
OEST,GSM_PERS,2026-06,2026-06-06,10,47,4,0.0851,42,47,5773,8506
OEST,Sin proveedor,2026-06,2026-06-06,10,1,1,1.0000,1,1,8,8
REVO,GSM_MOVI,2026-06,2026-06-06,10,1313,105,0.0800,1171,1313,103389,129997
REVO,GSM_PERS,2026-06,2026-06-06,10,3492,151,0.0432,2702,3492,127551,185062
REVO,MOVI,2026-06,2026-06-06,10,2065,192,0.0930,1786,2065,53156,69280
AUSO,GSM_MOVI,2026-06,2026-06-06,11,2905,472,0.1625,2663,2905,13025,18331
AUSO,GSM_PERS,2026-06,2026-06-06,11,718,105,0.1462,645,697,3377,4262
AYSA,GSM_PERS,2026-06,2026-06-06,11,150,11,0.0733,122,150,14425,23147
AYSA,MOVI,2026-06,2026-06-06,11,1,0,0.0000,1,1,3497,4179
AYSC,MOVI,2026-06,2026-06-06,11,15,0,0.0000,11,15,586,1262
DRPW,Sin proveedor,2026-06,2026-06-06,11,1,1,1.0000,1,1,7,7
DRTV,GSM_PERS,2026-06,2026-06-06,11,168,9,0.0536,136,168,6598,10871
DRTW,GSM_MOVI,2026-06,2026-06-06,11,5,0,0.0000,5,5,872,1230
DRTW,GSM_PERS,2026-06,2026-06-06,11,53,3,0.0566,36,53,5285,8827
FIME,GSM_MOVI,2026-06,2026-06-06,11,2007,91,0.0453,1962,2007,11522,12038
MEL0,GSM_MOVI,2026-06,2026-06-06,11,1050,40,0.0381,888,1050,58422,86190
MEL0,GSM_PERS,2026-06,2026-06-06,11,2434,128,0.0526,1923,2426,53014,84080
MEL0,MOVI,2026-06,2026-06-06,11,10634,333,0.0313,8701,10581,68363,105423
OEST,GSM_MOVI,2026-06,2026-06-06,11,1641,253,0.1542,1491,1641,13206,17531
OEST,GSM_PERS,2026-06,2026-06-06,11,28,4,0.1429,24,28,5773,8506
REVO,GSM_MOVI,2026-06,2026-06-06,11,1190,85,0.0714,1029,1190,103389,129997
REVO,GSM_PERS,2026-06,2026-06-06,11,2429,97,0.0399,2003,2429,127551,185062
REVO,MOVI,2026-06,2026-06-06,11,345,29,0.0841,332,345,53156,69280
AUSO,GSM_MOVI,2026-06,2026-06-06,12,580,112,0.1931,527,580,13025,18331
AUSO,GSM_PERS,2026-06,2026-06-06,12,653,88,0.1348,565,618,3377,4262
AYSA,GSM_PERS,2026-06,2026-06-06,12,140,12,0.0857,116,140,14425,23147
AYSA,MOVI,2026-06,2026-06-06,12,6,0,0.0000,6,6,3497,4179
AYSC,MOVI,2026-06,2026-06-06,12,26,1,0.0385,20,26,586,1262
DRPW,Sin proveedor,2026-06,2026-06-06,12,3,3,1.0000,2,2,7,7
DRTV,GSM_PERS,2026-06,2026-06-06,12,202,11,0.0545,149,202,6598,10871
DRTW,GSM_MOVI,2026-06,2026-06-06,12,32,2,0.0625,26,32,872,1230
DRTW,GSM_PERS,2026-06,2026-06-06,12,42,3,0.0714,38,42,5285,8827
FIME,GSM_MOVI,2026-06,2026-06-06,12,2622,134,0.0511,2536,2621,11522,12038
MEL0,GSM_MOVI,2026-06,2026-06-06,12,1554,60,0.0386,1253,1554,58422,86190
MEL0,GSM_PERS,2026-06,2026-06-06,12,2449,128,0.0523,1999,2440,53014,84080
MEL0,MOVI,2026-06,2026-06-06,12,8539,250,0.0293,7387,8377,68363,105423
OEST,GSM_MOVI,2026-06,2026-06-06,12,2748,424,0.1543,2451,2746,13206,17531
OEST,GSM_PERS,2026-06,2026-06-06,12,31,2,0.0645,29,31,5773,8506
REVO,GSM_MOVI,2026-06,2026-06-06,12,1503,115,0.0765,1223,1503,103389,129997
REVO,GSM_PERS,2026-06,2026-06-06,12,2482,118,0.0475,2023,2482,127551,185062
REVO,MOVI,2026-06,2026-06-06,12,780,89,0.1141,699,780,53156,69280
AUSO,GSM_MOVI,2026-06,2026-06-06,13,878,160,0.1822,794,878,5287,7498
AUSO,GSM_PERS,2026-06,2026-06-06,13,647,85,0.1314,581,626,3377,4262
AYSA,GSM_PERS,2026-06,2026-06-06,13,157,11,0.0701,130,156,14425,23147
AYSA,MOVI,2026-06,2026-06-06,13,4,0,0.0000,4,4,3497,4179
AYSC,MOVI,2026-06,2026-06-06,13,27,2,0.0741,20,27,586,1262
DRTV,GSM_PERS,2026-06,2026-06-06,13,188,9,0.0479,156,188,6598,10871
DRTW,GSM_MOVI,2026-06,2026-06-06,13,4,0,0.0000,4,4,872,1230
DRTW,GSM_PERS,2026-06,2026-06-06,13,66,0,0.0000,51,66,5285,8827
FIME,GSM_MOVI,2026-06,2026-06-06,13,2649,127,0.0479,2565,2649,11522,12038
MEL0,GSM_MOVI,2026-06,2026-06-06,13,1542,90,0.0584,1230,1542,58422,86190
MEL0,GSM_PERS,2026-06,2026-06-06,13,2397,101,0.0421,1997,2396,53014,84080
MEL0,MOVI,2026-06,2026-06-06,13,7641,216,0.0283,6389,7303,68363,105423
OEST,GSM_MOVI,2026-06,2026-06-06,13,2371,364,0.1535,2119,2368,13206,17531
OEST,GSM_PERS,2026-06,2026-06-06,13,68,9,0.1324,63,68,5773,8506
REVO,GSM_MOVI,2026-06,2026-06-06,13,1613,128,0.0794,1311,1613,103389,129997
REVO,GSM_PERS,2026-06,2026-06-06,13,2623,113,0.0431,2170,2622,127551,185062
REVO,MOVI,2026-06,2026-06-06,13,1131,98,0.0866,950,1131,53156,69280
ADT1,GSM_MOVI,2026-06,2026-06-06,14,12,1,0.0833,9,12,339,709
AUSO,GSM_MOVI,2026-06,2026-06-06,14,996,174,0.1747,903,996,5287,7498
AUSO,GSM_PERS,2026-06,2026-06-06,14,652,85,0.1304,592,631,3377,4262
AYSA,GSM_PERS,2026-06,2026-06-06,14,146,6,0.0411,128,146,14425,23147
AYSA,MOVI,2026-06,2026-06-06,14,5,1,0.2000,4,5,3497,4179
AYSC,MOVI,2026-06,2026-06-06,14,25,1,0.0400,22,25,586,1262
DRTV,GSM_PERS,2026-06,2026-06-06,14,136,5,0.0368,114,136,6598,10871
DRTW,GSM_MOVI,2026-06,2026-06-06,14,12,1,0.0833,7,12,872,1230
DRTW,GSM_PERS,2026-06,2026-06-06,14,76,4,0.0526,60,76,5285,8827
FIME,GSM_MOVI,2026-06,2026-06-06,14,3076,179,0.0582,2985,3075,11522,12038
MEL0,GSM_MOVI,2026-06,2026-06-06,14,1647,75,0.0455,1324,1647,58422,86190
MEL0,GSM_PERS,2026-06,2026-06-06,14,2464,116,0.0471,2031,2456,53014,84080
MEL0,MOVI,2026-06,2026-06-06,14,7736,182,0.0235,6561,7368,68363,105423
OEST,GSM_MOVI,2026-06,2026-06-06,14,1537,221,0.1438,1395,1534,8650,11699
OEST,GSM_PERS,2026-06,2026-06-06,14,93,9,0.0968,82,93,5773,8506
OEST,Sin proveedor,2026-06,2026-06-06,14,1,1,1.0000,1,1,1,1
REVO,GSM_MOVI,2026-06,2026-06-06,14,1768,115,0.0650,1433,1768,103389,129997
REVO,GSM_PERS,2026-06,2026-06-06,14,2561,111,0.0433,2107,2560,127551,185062
REVO,MOVI,2026-06,2026-06-06,14,1185,108,0.0911,1018,1184,53156,69280
AUSO,GSM_MOVI,2026-06,2026-06-06,15,158,34,0.2152,140,158,5287,7498
AUSO,GSM_PERS,2026-06,2026-06-06,15,760,97,0.1276,674,736,3377,4262
AYSA,GSM_PERS,2026-06,2026-06-06,15,177,7,0.0395,149,177,14425,23147
AYSA,MOVI,2026-06,2026-06-06,15,3,0,0.0000,3,3,3497,4179
AYSC,MOVI,2026-06,2026-06-06,15,27,5,0.1852,25,27,586,1262
DRTV,GSM_PERS,2026-06,2026-06-06,15,171,8,0.0468,150,171,6598,10871
DRTW,GSM_MOVI,2026-06,2026-06-06,15,12,0,0.0000,6,12,872,1230
DRTW,GSM_PERS,2026-06,2026-06-06,15,89,6,0.0674,75,89,5285,8827
FIME,GSM_MOVI,2026-06,2026-06-06,15,164,9,0.0549,160,163,11522,12038
MEL0,GSM_MOVI,2026-06,2026-06-06,15,923,18,0.0195,732,923,58422,86190
MEL0,GSM_PERS,2026-06,2026-06-06,15,2884,119,0.0413,2458,2875,53014,84080
MEL0,MOVI,2026-06,2026-06-06,15,8192,222,0.0271,6978,7849,68363,105423
OEST,GSM_MOVI,2026-06,2026-06-06,15,145,23,0.1586,134,145,8650,11699
OEST,GSM_PERS,2026-06,2026-06-06,15,64,9,0.1406,58,64,5773,8506
REVO,GSM_MOVI,2026-06,2026-06-06,15,2666,202,0.0758,2157,2666,103389,129997
REVO,GSM_PERS,2026-06,2026-06-06,15,2735,107,0.0391,2355,2735,127551,185062
REVO,MOVI,2026-06,2026-06-06,15,1131,97,0.0858,986,1131,53156,69280
ADT1,GSM_MOVI,2026-06,2026-06-06,16,36,3,0.0833,19,35,339,709
AUSO,GSM_PERS,2026-06,2026-06-06,16,835,93,0.1114,743,792,3377,4262
AYSA,GSM_PERS,2026-06,2026-06-06,16,151,2,0.0132,123,148,14425,23147
AYSA,MOVI,2026-06,2026-06-06,16,7,1,0.1429,6,7,3497,4179
AYSC,MOVI,2026-06,2026-06-06,16,43,3,0.0698,28,43,586,1262
AYSE,MOVI,2026-06,2026-06-06,16,1,0,0.0000,1,1,74,93
DRTV,GSM_PERS,2026-06,2026-06-06,16,157,6,0.0382,137,157,6598,10871
DRTW,GSM_MOVI,2026-06,2026-06-06,16,12,0,0.0000,10,12,872,1230
DRTW,GSM_PERS,2026-06,2026-06-06,16,95,3,0.0316,78,95,5285,8827
MEL0,GSM_MOVI,2026-06,2026-06-06,16,708,10,0.0141,538,708,58422,86190
MEL0,GSM_PERS,2026-06,2026-06-06,16,2816,110,0.0391,2435,2808,53014,84080
MEL0,MOVI,2026-06,2026-06-06,16,8045,211,0.0262,6896,7685,68363,105423
OEST,GSM_PERS,2026-06,2026-06-06,16,60,7,0.1167,53,60,5773,8506
REVO,GSM_MOVI,2026-06,2026-06-06,16,2939,199,0.0677,2388,2937,103389,129997
REVO,GSM_PERS,2026-06,2026-06-06,16,2702,142,0.0526,2314,2702,127551,185062
REVO,MOVI,2026-06,2026-06-06,16,1141,85,0.0745,1015,1141,53156,69280
ADT1,GSM_MOVI,2026-06,2026-06-06,17,559,34,0.0608,271,544,339,709
AUSO,GSM_PERS,2026-06,2026-06-06,17,712,78,0.1096,650,690,3377,4262
AYS3,MOVI,2026-06,2026-06-06,17,1,0,0.0000,1,1,1580,2131
AYSA,GSM_PERS,2026-06,2026-06-06,17,139,5,0.0360,112,139,14425,23147
AYSA,MOVI,2026-06,2026-06-06,17,4,0,0.0000,3,4,3497,4179
AYSC,MOVI,2026-06,2026-06-06,17,34,1,0.0294,24,34,586,1262
CVIA,GSM_PERS,2026-06,2026-06-06,17,48,4,0.0833,34,48,39,61
DRTV,GSM_PERS,2026-06,2026-06-06,17,154,8,0.0519,126,154,6598,10871
DRTW,GSM_MOVI,2026-06,2026-06-06,17,489,15,0.0307,391,489,872,1230
DRTW,GSM_PERS,2026-06,2026-06-06,17,103,2,0.0194,83,103,5285,8827
MEL0,GSM_MOVI,2026-06,2026-06-06,17,3994,237,0.0593,3156,3993,58422,86190
MEL0,GSM_PERS,2026-06,2026-06-06,17,1398,74,0.0529,1243,1398,53014,84080
MEL0,MOVI,2026-06,2026-06-06,17,8282,208,0.0251,7068,7882,68363,105423
OEST,GSM_PERS,2026-06,2026-06-06,17,1317,126,0.0957,1125,1315,5773,8506
REVO,GSM_MOVI,2026-06,2026-06-06,17,3574,240,0.0672,2912,3573,103389,129997
REVO,GSM_PERS,2026-06,2026-06-06,17,2386,96,0.0402,2007,2386,127551,185062
REVO,MOVI,2026-06,2026-06-06,17,1150,83,0.0722,1017,1150,53156,69280
AUSO,GSM_PERS,2026-06,2026-06-06,18,647,77,0.1190,593,623,3377,4262
AYSA,GSM_PERS,2026-06,2026-06-06,18,138,10,0.0725,110,137,14425,23147
AYSA,MOVI,2026-06,2026-06-06,18,3,0,0.0000,2,3,3497,4179
AYSC,MOVI,2026-06,2026-06-06,18,28,3,0.1071,21,28,586,1262
CVIA,GSM_PERS,2026-06,2026-06-06,18,11,3,0.2727,9,11,39,61
DRTV,GSM_PERS,2026-06,2026-06-06,18,876,49,0.0559,634,862,6598,10871
DRTW,GSM_MOVI,2026-06,2026-06-06,18,509,18,0.0354,404,509,872,1230
DRTW,GSM_PERS,2026-06,2026-06-06,18,93,5,0.0538,64,93,5285,8827
MEL0,GSM_MOVI,2026-06,2026-06-06,18,1208,52,0.0430,1013,1207,58422,86190
MEL0,GSM_PERS,2026-06,2026-06-06,18,967,53,0.0548,856,964,53014,84080
MEL0,MOVI,2026-06,2026-06-06,18,8024,274,0.0341,6938,7674,68363,105423
OEST,GSM_PERS,2026-06,2026-06-06,18,1117,130,0.1164,947,1116,5773,8506
REVO,GSM_MOVI,2026-06,2026-06-06,18,7378,603,0.0817,6077,7378,103389,129997
REVO,GSM_PERS,2026-06,2026-06-06,18,2408,111,0.0461,2003,2408,127551,185062
REVO,MOVI,2026-06,2026-06-06,18,1287,133,0.1033,1146,1287,53156,69280
AUSO,GSM_PERS,2026-06,2026-06-06,19,201,23,0.1144,192,199,3377,4262
AYS3,MOVI,2026-06,2026-06-06,19,1,0,0.0000,1,1,1580,2131
AYSA,GSM_PERS,2026-06,2026-06-06,19,214,7,0.0327,158,214,14425,23147
AYSA,MOVI,2026-06,2026-06-06,19,2,0,0.0000,2,2,3497,4179
AYSC,MOVI,2026-06,2026-06-06,19,24,2,0.0833,19,24,586,1262
DRTV,GSM_PERS,2026-06,2026-06-06,19,1729,100,0.0578,1220,1721,6598,10871
DRTW,GSM_PERS,2026-06,2026-06-06,19,97,8,0.0825,74,97,5285,8827
MEL0,GSM_MOVI,2026-06,2026-06-06,19,580,13,0.0224,470,580,58422,86190
MEL0,GSM_PERS,2026-06,2026-06-06,19,820,49,0.0598,703,817,53014,84080
MEL0,MOVI,2026-06,2026-06-06,19,8237,212,0.0257,7104,7845,68363,105423
OEST,GSM_PERS,2026-06,2026-06-06,19,383,47,0.1227,355,382,5773,8506
REVO,GSM_MOVI,2026-06,2026-06-06,19,9023,830,0.0920,7740,9021,103389,129997
REVO,GSM_PERS,2026-06,2026-06-06,19,2770,154,0.0556,2247,2770,127551,185062
REVO,MOVI,2026-06,2026-06-06,19,1192,121,0.1015,1050,1192,53156,69280
AYS3,MOVI,2026-06,2026-06-06,20,3,0,0.0000,2,3,1580,2131
AYSA,GSM_PERS,2026-06,2026-06-06,20,186,5,0.0269,152,186,14425,23147
AYSA,MOVI,2026-06,2026-06-06,20,3,0,0.0000,2,3,3497,4179
AYSC,MOVI,2026-06,2026-06-06,20,29,2,0.0690,22,29,586,1262
DRTV,GSM_PERS,2026-06,2026-06-06,20,1973,114,0.0578,1391,1960,6598,10871
DRTW,GSM_PERS,2026-06,2026-06-06,20,75,1,0.0133,57,75,5285,8827
MEL0,GSM_MOVI,2026-06,2026-06-06,20,452,4,0.0088,359,452,58422,86190
MEL0,GSM_PERS,2026-06,2026-06-06,20,890,54,0.0607,772,890,53014,84080
MEL0,MOVI,2026-06,2026-06-06,20,8245,261,0.0317,7156,7904,68363,105423
REVO,GSM_MOVI,2026-06,2026-06-06,20,9145,892,0.0975,7974,9141,103389,129997
REVO,GSM_PERS,2026-06,2026-06-06,20,3132,177,0.0565,2504,3132,127551,185062
REVO,MOVI,2026-06,2026-06-06,20,1136,106,0.0933,1029,1136,53156,69280
AYS3,MOVI,2026-06,2026-06-06,21,2,0,0.0000,2,2,1580,2131
AYSA,MOVI,2026-06,2026-06-06,21,8,0,0.0000,6,8,3497,4179
AYSC,MOVI,2026-06,2026-06-06,21,53,5,0.0943,46,53,586,1262
MEL0,MOVI,2026-06,2026-06-06,21,8315,259,0.0311,7317,7963,68363,105423
REVO,GSM_MOVI,2026-06,2026-06-06,21,42,1,0.0238,38,42,88169,111199
REVO,GSM_PERS,2026-06,2026-06-06,21,4,0,0.0000,4,4,50855,74662
REVO,MOVI,2026-06,2026-06-06,21,1160,113,0.0974,1058,1160,53156,69280
MEL0,MOVI,2026-06,2026-06-06,22,28,1,0.0357,28,28,68363,105423
REVO,MOVI,2026-06,2026-06-06,22,8,1,0.1250,7,8,52792,68910
AUSO,GSM_MOVI,2026-06,2026-06-07,8,507,48,0.0947,382,506,5511,10065
AYSA,GSM_PERS,2026-06,2026-06-07,8,134,9,0.0672,112,134,14425,23147
DRTV,GSM_PERS,2026-06,2026-06-07,8,1005,39,0.0388,748,1005,6598,10871
DRTW,GSM_PERS,2026-06,2026-06-07,8,36,1,0.0278,31,36,5285,8827
MEL0,GSM_MOVI,2026-06,2026-06-07,8,135,1,0.0074,108,135,58422,86190
MEL0,GSM_PERS,2026-06,2026-06-07,8,438,16,0.0365,376,436,53014,84080
OEST,GSM_PERS,2026-06,2026-06-07,8,78,7,0.0897,64,78,5773,8506
REVO,GSM_MOVI,2026-06,2026-06-07,8,4077,224,0.0549,3624,4071,103389,129997
REVO,GSM_PERS,2026-06,2026-06-07,8,1282,36,0.0281,1035,1282,127551,185062
AUSO,GSM_MOVI,2026-06,2026-06-07,9,907,82,0.0904,683,907,5511,10065
AYSA,GSM_PERS,2026-06,2026-06-07,9,140,3,0.0214,112,140,14425,23147
AYSA,MOVI,2026-06,2026-06-07,9,2,1,0.5000,1,2,3497,4179
AYSC,MOVI,2026-06,2026-06-07,9,8,0,0.0000,6,8,586,1262
DRTV,GSM_PERS,2026-06,2026-06-07,9,1902,76,0.0400,1430,1881,6598,10871
DRTW,GSM_PERS,2026-06,2026-06-07,9,140,4,0.0286,102,139,5285,8827
MEL0,GSM_MOVI,2026-06,2026-06-07,9,250,2,0.0080,216,250,58422,86190
MEL0,GSM_PERS,2026-06,2026-06-07,9,959,29,0.0302,822,953,53014,84080
MEL0,MOVI,2026-06,2026-06-07,9,4079,68,0.0167,3696,3980,68363,105423
OEST,GSM_MOVI,2026-06,2026-06-07,9,1743,118,0.0677,1380,1739,5478,7908
OEST,GSM_PERS,2026-06,2026-06-07,9,93,5,0.0538,69,93,5773,8506
REVO,GSM_MOVI,2026-06,2026-06-07,9,6259,388,0.0620,5670,6206,103389,129997
REVO,GSM_PERS,2026-06,2026-06-07,9,2814,83,0.0295,2254,2813,127551,185062
REVO,MOVI,2026-06,2026-06-07,9,4721,244,0.0517,3902,4587,53156,69280
AUSO,GSM_MOVI,2026-06,2026-06-07,10,919,103,0.1121,703,919,5511,10065
AYSA,GSM_PERS,2026-06,2026-06-07,10,172,12,0.0698,139,171,14425,23147
AYSA,MOVI,2026-06,2026-06-07,10,3,0,0.0000,3,3,3497,4179
AYSC,MOVI,2026-06,2026-06-07,10,11,0,0.0000,10,11,586,1262
DRTV,GSM_PERS,2026-06,2026-06-07,10,609,19,0.0312,535,609,6598,10871
DRTW,GSM_PERS,2026-06,2026-06-07,10,198,7,0.0354,135,190,5285,8827
MEL0,GSM_MOVI,2026-06,2026-06-07,10,532,16,0.0301,448,532,58422,86190
MEL0,GSM_PERS,2026-06,2026-06-07,10,1041,48,0.0461,875,1039,53014,84080
MEL0,MOVI,2026-06,2026-06-07,10,6331,152,0.0240,5650,6265,68363,105423
OEST,GSM_MOVI,2026-06,2026-06-07,10,2361,210,0.0889,1914,2353,5478,7908
OEST,GSM_PERS,2026-06,2026-06-07,10,49,4,0.0816,39,49,5773,8506
REVO,GSM_MOVI,2026-06,2026-06-07,10,5043,369,0.0732,4625,5017,103389,129997
REVO,GSM_PERS,2026-06,2026-06-07,10,3759,149,0.0396,2894,3755,127551,185062
REVO,MOVI,2026-06,2026-06-07,10,3255,172,0.0528,2793,3201,53156,69280
AUSO,GSM_MOVI,2026-06,2026-06-07,11,949,104,0.1096,721,948,5511,10065
AYSA,GSM_PERS,2026-06,2026-06-07,11,100,2,0.0200,70,97,14425,23147
AYSC,MOVI,2026-06,2026-06-07,11,4,0,0.0000,4,4,586,1262
DRTV,GSM_PERS,2026-06,2026-06-07,11,113,8,0.0708,95,113,6598,10871
DRTW,GSM_PERS,2026-06,2026-06-07,11,97,7,0.0722,70,95,5285,8827
MEL0,GSM_MOVI,2026-06,2026-06-07,11,1300,42,0.0323,1096,1300,58422,86190
MEL0,GSM_PERS,2026-06,2026-06-07,11,2741,105,0.0383,2113,2739,53014,84080
MEL0,MOVI,2026-06,2026-06-07,11,10530,280,0.0266,8898,10478,68363,105423
OEST,GSM_MOVI,2026-06,2026-06-07,11,2472,232,0.0939,2015,2464,5478,7908
OEST,GSM_PERS,2026-06,2026-06-07,11,134,13,0.0970,109,134,5773,8506
REVO,GSM_MOVI,2026-06,2026-06-07,11,4150,375,0.0904,3781,4122,103389,129997
REVO,GSM_PERS,2026-06,2026-06-07,11,2824,99,0.0351,2249,2823,127551,185062
REVO,MOVI,2026-06,2026-06-07,11,535,21,0.0393,525,534,53156,69280
AUSO,GSM_MOVI,2026-06,2026-06-07,12,1223,132,0.1079,887,1218,5511,10065
AYS3,MOVI,2026-06,2026-06-07,12,1,0,0.0000,1,1,1580,2131
AYSA,GSM_PERS,2026-06,2026-06-07,12,93,6,0.0645,73,93,14425,23147
AYSA,MOVI,2026-06,2026-06-07,12,3,0,0.0000,3,3,3497,4179
AYSC,MOVI,2026-06,2026-06-07,12,4,1,0.2500,4,4,586,1262
DRTV,GSM_PERS,2026-06,2026-06-07,12,57,5,0.0877,47,57,6598,10871
DRTW,GSM_PERS,2026-06,2026-06-07,12,134,5,0.0373,105,134,5285,8827
MEL0,GSM_MOVI,2026-06,2026-06-07,12,1517,47,0.0310,1217,1516,58422,86190
MEL0,GSM_PERS,2026-06,2026-06-07,12,2700,133,0.0493,2113,2693,53014,84080
MEL0,MOVI,2026-06,2026-06-07,12,8786,225,0.0256,7750,8631,68363,105423
OEST,GSM_MOVI,2026-06,2026-06-07,12,633,60,0.0948,557,633,5478,7908
OEST,GSM_PERS,2026-06,2026-06-07,12,41,1,0.0244,29,41,5773,8506
REVO,GSM_MOVI,2026-06,2026-06-07,12,5596,535,0.0956,5014,5534,103389,129997
REVO,GSM_PERS,2026-06,2026-06-07,12,3053,147,0.0481,2352,3048,127551,185062
REVO,MOVI,2026-06,2026-06-07,12,1079,73,0.0677,976,1073,53156,69280
AUSO,GSM_MOVI,2026-06,2026-06-07,13,1306,154,0.1179,945,1303,5511,10065
AYS3,MOVI,2026-06,2026-06-07,13,1,0,0.0000,1,1,1580,2131
AYSA,GSM_PERS,2026-06,2026-06-07,13,117,5,0.0427,83,117,14425,23147
AYSC,MOVI,2026-06,2026-06-07,13,2,0,0.0000,2,2,586,1262
DRTV,GSM_PERS,2026-06,2026-06-07,13,7,1,0.1429,6,7,1751,2024
DRTW,GSM_PERS,2026-06,2026-06-07,13,137,6,0.0438,93,137,5285,8827
MEL0,GSM_MOVI,2026-06,2026-06-07,13,1774,81,0.0457,1456,1768,58422,86190
MEL0,GSM_PERS,2026-06,2026-06-07,13,2671,156,0.0584,2182,2663,53014,84080
MEL0,MOVI,2026-06,2026-06-07,13,8009,176,0.0220,6921,7724,68363,105423
OEST,GSM_PERS,2026-06,2026-06-07,13,102,11,0.1078,91,102,5773,8506
REVO,GSM_MOVI,2026-06,2026-06-07,13,6000,568,0.0947,5441,5970,103389,129997
REVO,GSM_PERS,2026-06,2026-06-07,13,3014,142,0.0471,2431,3013,127551,185062
REVO,MOVI,2026-06,2026-06-07,13,1465,88,0.0601,1293,1451,53156,69280
AUSO,GSM_MOVI,2026-06,2026-06-07,14,1549,186,0.1201,1132,1547,5511,10065
AYSA,GSM_PERS,2026-06,2026-06-07,14,111,4,0.0360,94,111,14425,23147
AYSC,MOVI,2026-06,2026-06-07,14,9,0,0.0000,6,9,586,1262
DRTV,GSM_PERS,2026-06,2026-06-07,14,16,2,0.1250,16,16,1751,2024
DRTW,GSM_PERS,2026-06,2026-06-07,14,64,1,0.0156,51,64,5285,8827
MEL0,GSM_MOVI,2026-06,2026-06-07,14,1920,59,0.0307,1531,1916,58422,86190
MEL0,GSM_PERS,2026-06,2026-06-07,14,2926,132,0.0451,2396,2914,53014,84080
MEL0,MOVI,2026-06,2026-06-07,14,7949,192,0.0242,6831,7612,68363,105423
OEST,GSM_PERS,2026-06,2026-06-07,14,72,8,0.1111,63,72,5773,8506
REVO,GSM_MOVI,2026-06,2026-06-07,14,4651,413,0.0888,4067,4598,103389,129997
REVO,GSM_PERS,2026-06,2026-06-07,14,3139,138,0.0440,2533,3127,127551,185062
REVO,MOVI,2026-06,2026-06-07,14,1525,77,0.0505,1367,1516,53156,69280
AUSO,GSM_MOVI,2026-06,2026-06-07,15,1367,171,0.1251,1028,1365,5511,10065
AYSA,GSM_PERS,2026-06,2026-06-07,15,98,2,0.0204,78,98,14425,23147
AYSA,MOVI,2026-06,2026-06-07,15,4,0,0.0000,4,4,3497,4179
AYSC,MOVI,2026-06,2026-06-07,15,14,0,0.0000,12,14,586,1262
DRTV,GSM_PERS,2026-06,2026-06-07,15,30,2,0.0667,28,30,6598,10871
DRTW,GSM_PERS,2026-06,2026-06-07,15,100,4,0.0400,87,100,5285,8827
MEL0,GSM_MOVI,2026-06,2026-06-07,15,877,14,0.0160,678,877,58422,86190
MEL0,GSM_PERS,2026-06,2026-06-07,15,3292,135,0.0410,2732,3272,53014,84080
MEL0,MOVI,2026-06,2026-06-07,15,7882,200,0.0254,6896,7615,68363,105423
OEST,GSM_PERS,2026-06,2026-06-07,15,109,8,0.0734,93,109,5773,8506
REVO,GSM_MOVI,2026-06,2026-06-07,15,2398,161,0.0671,1916,2393,103389,129997
REVO,GSM_PERS,2026-06,2026-06-07,15,3220,151,0.0469,2717,3204,127551,185062
REVO,MOVI,2026-06,2026-06-07,15,1490,90,0.0604,1314,1480,53156,69280
AYSA,GSM_PERS,2026-06,2026-06-07,16,127,12,0.0945,108,127,14425,23147
AYSC,MOVI,2026-06,2026-06-07,16,6,0,0.0000,6,6,586,1262
DRTV,GSM_PERS,2026-06,2026-06-07,16,81,3,0.0370,70,81,6598,10871
DRTW,GSM_PERS,2026-06,2026-06-07,16,152,8,0.0526,125,152,5285,8827
MEL0,GSM_MOVI,2026-06,2026-06-07,16,1079,22,0.0204,807,1061,58422,86190
MEL0,GSM_PERS,2026-06,2026-06-07,16,2519,113,0.0449,2176,2504,53014,84080
MEL0,MOVI,2026-06,2026-06-07,16,8141,208,0.0255,7109,7845,68363,105423
OEST,GSM_PERS,2026-06,2026-06-07,16,124,15,0.1210,104,124,5773,8506
REVO,GSM_MOVI,2026-06,2026-06-07,16,2424,140,0.0578,1959,2410,103389,129997
REVO,GSM_PERS,2026-06,2026-06-07,16,3877,170,0.0438,3219,3860,127551,185062
REVO,MOVI,2026-06,2026-06-07,16,1387,63,0.0454,1221,1378,53156,69280
AYSA,GSM_PERS,2026-06,2026-06-07,17,172,10,0.0581,129,172,14425,23147
AYSA,MOVI,2026-06,2026-06-07,17,2,1,0.5000,2,2,3497,4179
AYSC,MOVI,2026-06,2026-06-07,17,5,1,0.2000,5,5,586,1262
DRTV,GSM_PERS,2026-06,2026-06-07,17,80,3,0.0375,71,80,6598,10871
DRTW,GSM_PERS,2026-06,2026-06-07,17,166,10,0.0602,126,165,5285,8827
MEL0,GSM_MOVI,2026-06,2026-06-07,17,1056,15,0.0142,812,1056,58422,86190
MEL0,GSM_PERS,2026-06,2026-06-07,17,1492,67,0.0449,1292,1486,53014,84080
MEL0,MOVI,2026-06,2026-06-07,17,7988,194,0.0243,6981,7693,68363,105423
OEST,GSM_PERS,2026-06,2026-06-07,17,116,12,0.1034,95,116,5773,8506
REVO,GSM_MOVI,2026-06,2026-06-07,17,2508,184,0.0734,2024,2501,103389,129997
REVO,GSM_PERS,2026-06,2026-06-07,17,4813,198,0.0411,3919,4802,127551,185062
REVO,MOVI,2026-06,2026-06-07,17,1494,77,0.0515,1353,1478,53156,69280
AYSA,GSM_PERS,2026-06,2026-06-07,18,145,5,0.0345,115,145,14425,23147
AYSA,MOVI,2026-06,2026-06-07,18,2,1,0.5000,2,2,3497,4179
AYSC,MOVI,2026-06,2026-06-07,18,10,0,0.0000,10,10,586,1262
CVIA,GSM_PERS,2026-06,2026-06-07,18,13,3,0.2308,11,13,39,61
DRTV,GSM_PERS,2026-06,2026-06-07,18,114,10,0.0877,106,114,6598,10871
DRTW,GSM_PERS,2026-06,2026-06-07,18,97,4,0.0412,78,97,5285,8827
MEL0,GSM_MOVI,2026-06,2026-06-07,18,1093,29,0.0265,833,1089,58422,86190
MEL0,GSM_PERS,2026-06,2026-06-07,18,1512,89,0.0589,1304,1502,53014,84080
MEL0,MOVI,2026-06,2026-06-07,18,7897,220,0.0279,6959,7600,68363,105423
OEST,GSM_PERS,2026-06,2026-06-07,18,110,11,0.1000,90,110,5773,8506
REVO,GSM_MOVI,2026-06,2026-06-07,18,2542,189,0.0744,2058,2541,103389,129997
REVO,GSM_PERS,2026-06,2026-06-07,18,4787,239,0.0499,3909,4772,127551,185062
REVO,MOVI,2026-06,2026-06-07,18,1554,91,0.0586,1408,1542,53156,69280
AYSA,GSM_PERS,2026-06,2026-06-07,19,127,6,0.0472,107,127,14425,23147
AYSA,MOVI,2026-06,2026-06-07,19,2,0,0.0000,2,2,3497,4179
AYSC,MOVI,2026-06,2026-06-07,19,7,1,0.1429,7,7,586,1262
DRTV,GSM_PERS,2026-06,2026-06-07,19,73,3,0.0411,62,73,6598,10871
DRTW,GSM_PERS,2026-06,2026-06-07,19,143,7,0.0490,114,143,5285,8827
MEL0,GSM_MOVI,2026-06,2026-06-07,19,864,17,0.0197,671,859,58422,86190
MEL0,GSM_PERS,2026-06,2026-06-07,19,1476,79,0.0535,1277,1461,53014,84080
MEL0,MOVI,2026-06,2026-06-07,19,8024,206,0.0257,7063,7700,68363,105423
OEST,GSM_PERS,2026-06,2026-06-07,19,129,16,0.1240,105,129,5773,8506
REVO,GSM_MOVI,2026-06,2026-06-07,19,2791,181,0.0649,2283,2776,103389,129997
REVO,GSM_PERS,2026-06,2026-06-07,19,4821,261,0.0541,3924,4797,127551,185062
REVO,MOVI,2026-06,2026-06-07,19,1544,109,0.0706,1405,1536,53156,69280
AYSA,GSM_PERS,2026-06,2026-06-07,20,128,7,0.0547,106,128,14425,23147
AYSA,MOVI,2026-06,2026-06-07,20,1,1,1.0000,1,1,3497,4179
AYSC,MOVI,2026-06,2026-06-07,20,2,0,0.0000,2,2,586,1262
DRTV,GSM_PERS,2026-06,2026-06-07,20,56,6,0.1071,50,56,6598,10871
DRTW,GSM_PERS,2026-06,2026-06-07,20,120,4,0.0333,86,117,5285,8827
MEL0,GSM_MOVI,2026-06,2026-06-07,20,1260,32,0.0254,980,1252,58422,86190
MEL0,GSM_PERS,2026-06,2026-06-07,20,1547,94,0.0608,1333,1531,53014,84080
MEL0,MOVI,2026-06,2026-06-07,20,8066,202,0.0250,7161,7771,68363,105423
OEST,GSM_PERS,2026-06,2026-06-07,20,194,16,0.0825,164,194,5773,8506
REVO,GSM_MOVI,2026-06,2026-06-07,20,2534,194,0.0766,2053,2529,103389,129997
REVO,GSM_PERS,2026-06,2026-06-07,20,4734,264,0.0558,3924,4716,127551,185062
REVO,MOVI,2026-06,2026-06-07,20,1480,79,0.0534,1350,1459,53156,69280
AYSA,MOVI,2026-06,2026-06-07,21,2,0,0.0000,2,2,3497,4179
AYSC,MOVI,2026-06,2026-06-07,21,4,1,0.2500,3,4,586,1262
MEL0,GSM_PERS,2026-06,2026-06-07,21,1,0,0.0000,1,1,53014,84080
MEL0,MOVI,2026-06,2026-06-07,21,6682,196,0.0293,6054,6496,68363,105423
REVO,GSM_MOVI,2026-06,2026-06-07,21,3,0,0.0000,3,3,31109,38158
REVO,GSM_PERS,2026-06,2026-06-07,21,4,0,0.0000,4,4,59265,88247
REVO,MOVI,2026-06,2026-06-07,21,1322,97,0.0734,1236,1315,53156,69280
AUSO,GSM_MOVI,2026-06,2026-06-08,8,995,68,0.0683,676,995,5511,10065
AYS3,GSM_MOVI,2026-06,2026-06-08,8,2,0,0.0000,2,2,6141,9176
AYS3,GSM_PERS,2026-06,2026-06-08,8,1,0,0.0000,1,1,676,755
AYSA,GSM_MOVI,2026-06,2026-06-08,8,55,10,0.1818,51,55,21631,33163
AYSA,GSM_PERS,2026-06,2026-06-08,8,11,2,0.1818,11,11,16879,25757
AYSE,GSM_PERS,2026-06,2026-06-08,8,7,1,0.1429,7,7,7840,11634
DRTV,GSM_PERS,2026-06,2026-06-08,8,18,0,0.0000,17,18,1751,2024
DRTW,GSM_PERS,2026-06,2026-06-08,8,86,4,0.0465,59,86,3237,6164
MEL0,GSM_MOVI,2026-06,2026-06-08,8,294,1,0.0034,225,294,58422,86190
MEL0,GSM_PERS,2026-06,2026-06-08,8,653,31,0.0475,568,653,53014,84080
OEST,GSM_PERS,2026-06,2026-06-08,8,154,16,0.1039,114,154,5773,8506
REVO,GSM_MOVI,2026-06,2026-06-08,8,1158,70,0.0604,957,1158,103389,129997
REVO,GSM_PERS,2026-06,2026-06-08,8,2001,66,0.0330,1616,1997,127551,185062
AUSO,GSM_MOVI,2026-06,2026-06-08,9,1838,143,0.0778,1227,1833,5511,10065
AYS3,GSM_PERS,2026-06,2026-06-08,9,1,0,0.0000,1,1,590,601
AYS3,MOVI,2026-06,2026-06-08,9,49,4,0.0816,32,49,1580,2131
AYSA,GSM_MOVI,2026-06,2026-06-08,9,15,4,0.2667,15,15,21631,33163
AYSA,GSM_PERS,2026-06,2026-06-08,9,234,14,0.0598,171,234,16879,25757
AYSA,MOVI,2026-06,2026-06-08,9,245,45,0.1837,163,245,18073,27574
AYSC,MOVI,2026-06,2026-06-08,9,1274,83,0.0651,584,1255,586,1262
AYSE,GSM_PERS,2026-06,2026-06-08,9,67,5,0.0746,51,67,7840,11634
AYSE,MOVI,2026-06,2026-06-08,9,1,0,0.0000,1,1,74,93
DRTV,GSM_PERS,2026-06,2026-06-08,9,135,9,0.0667,100,135,6598,10871
DRTV,MOVI,2026-06,2026-06-08,9,46,0,0.0000,46,46,7823,9367
DRTW,GSM_MOVI,2026-06,2026-06-08,9,12,2,0.1667,10,12,5408,6908
DRTW,GSM_PERS,2026-06,2026-06-08,9,193,7,0.0363,136,193,5285,8827
DRTW,MOVI,2026-06,2026-06-08,9,46,4,0.0870,46,46,8947,11355
MEL0,GSM_MOVI,2026-06,2026-06-08,9,350,7,0.0200,275,350,58422,86190
MEL0,GSM_PERS,2026-06,2026-06-08,9,1167,47,0.0403,973,1165,53014,84080
OEST,GSM_MOVI,2026-06,2026-06-08,9,2614,191,0.0731,1977,2606,5478,7908
OEST,GSM_PERS,2026-06,2026-06-08,9,199,18,0.0905,163,199,5773,8506
OEST,Sin proveedor,2026-06,2026-06-08,9,1,1,1.0000,1,1,8,8
REVO,GSM_MOVI,2026-06,2026-06-08,9,2369,161,0.0680,1877,2354,103389,129997
REVO,GSM_PERS,2026-06,2026-06-08,9,4065,161,0.0396,3138,4045,127551,185062
AUSO,GSM_MOVI,2026-06,2026-06-08,10,1244,108,0.0868,912,1242,5511,10065
AYS3,GSM_PERS,2026-06,2026-06-08,10,2,0,0.0000,2,2,1266,1356
AYSA,GSM_PERS,2026-06,2026-06-08,10,317,19,0.0599,231,312,16879,25757
AYSA,MOVI,2026-06,2026-06-08,10,74,74,1.0000,73,73,18073,27574
AYSE,GSM_PERS,2026-06,2026-06-08,10,25,3,0.1200,24,25,7361,11053
DRTV,GSM_PERS,2026-06,2026-06-08,10,76,5,0.0658,55,76,6598,10871
DRTV,MOVI,2026-06,2026-06-08,10,710,50,0.0704,697,710,7823,9367
DRTV,Sin proveedor,2026-06,2026-06-08,10,1,1,1.0000,1,1,8,8
DRTW,GSM_MOVI,2026-06,2026-06-08,10,43,8,0.1860,40,43,5408,6908
DRTW,GSM_PERS,2026-06,2026-06-08,10,257,13,0.0506,164,251,5285,8827
DRTW,MOVI,2026-06,2026-06-08,10,911,67,0.0735,892,911,8947,11355
FIME,GSM_MOVI,2026-06,2026-06-08,10,2189,91,0.0416,2124,2187,11522,12038
MEL0,GSM_MOVI,2026-06,2026-06-08,10,489,7,0.0143,418,483,58422,86190
MEL0,GSM_PERS,2026-06,2026-06-08,10,958,51,0.0532,776,958,53014,84080
MEL0,MOVI,2026-06,2026-06-08,10,835,33,0.0395,828,835,68363,105423
OEST,GSM_MOVI,2026-06,2026-06-08,10,3057,233,0.0762,2392,3053,5478,7908
OEST,GSM_PERS,2026-06,2026-06-08,10,110,7,0.0636,77,110,5773,8506
OEST,Sin proveedor,2026-06,2026-06-08,10,1,1,1.0000,1,1,1,1
REVO,GSM_MOVI,2026-06,2026-06-08,10,1566,114,0.0728,1301,1557,103389,129997
REVO,GSM_PERS,2026-06,2026-06-08,10,4029,170,0.0422,3018,3996,127551,185062
AUSO,GSM_MOVI,2026-06,2026-06-08,11,1148,96,0.0836,867,1147,5511,10065
AYS3,GSM_PERS,2026-06,2026-06-08,11,2,0,0.0000,2,2,676,755
AYSA,GSM_MOVI,2026-06,2026-06-08,11,63,13,0.2063,60,63,21631,33163
AYSA,GSM_PERS,2026-06,2026-06-08,11,216,18,0.0833,169,208,16879,25757
AYSA,MOVI,2026-06,2026-06-08,11,78,37,0.4744,78,78,18073,27574
AYSE,GSM_PERS,2026-06,2026-06-08,11,152,14,0.0921,114,150,7840,11634
AYSJ,GSM_MOVI,2026-06,2026-06-08,11,42,1,0.0238,34,42,899,1257
CVIA,GSM_PERS,2026-06,2026-06-08,11,59,4,0.0678,38,59,39,61
DRTV,GSM_PERS,2026-06,2026-06-08,11,164,11,0.0671,126,164,6598,10871
DRTV,MOVI,2026-06,2026-06-08,11,606,36,0.0594,601,606,7823,9367
DRTW,GSM_MOVI,2026-06,2026-06-08,11,61,6,0.0984,56,61,5408,6908
DRTW,GSM_PERS,2026-06,2026-06-08,11,136,13,0.0956,94,136,3237,6164
DRTW,MOVI,2026-06,2026-06-08,11,836,60,0.0718,821,836,8947,11355
FIME,GSM_MOVI,2026-06,2026-06-08,11,2985,137,0.0459,2898,2985,11522,12038
MEL0,GSM_MOVI,2026-06,2026-06-08,11,3320,102,0.0307,2747,3264,58422,86190
MEL0,GSM_PERS,2026-06,2026-06-08,11,2700,183,0.0678,2115,2695,53014,84080
MEL0,MOVI,2026-06,2026-06-08,11,2572,137,0.0533,2458,2570,68363,105423
OEST,GSM_MOVI,2026-06,2026-06-08,11,888,90,0.1014,761,887,5478,7908
OEST,GSM_PERS,2026-06,2026-06-08,11,164,18,0.1098,122,161,5773,8506
OEST,Sin proveedor,2026-06,2026-06-08,11,1,1,1.0000,1,1,8,8
REVO,GSM_MOVI,2026-06,2026-06-08,11,785,55,0.0701,674,785,103389,129997
REVO,GSM_PERS,2026-06,2026-06-08,11,2403,92,0.0383,1930,2403,127551,185062
AUSO,GSM_MOVI,2026-06,2026-06-08,12,1101,91,0.0827,857,1097,5511,10065
AYS3,GSM_PERS,2026-06,2026-06-08,12,22,2,0.0909,19,20,1266,1356
AYSA,GSM_MOVI,2026-06,2026-06-08,12,35,7,0.2000,35,35,21631,33163
AYSA,GSM_PERS,2026-06,2026-06-08,12,641,76,0.1186,557,641,16879,25757
AYSA,MOVI,2026-06,2026-06-08,12,835,43,0.0515,744,833,18073,27574
AYSE,GSM_PERS,2026-06,2026-06-08,12,110,21,0.1909,90,110,7840,11634
AYSJ,GSM_MOVI,2026-06,2026-06-08,12,10,0,0.0000,8,10,817,1141
CVIA,GSM_PERS,2026-06,2026-06-08,12,20,1,0.0500,15,20,39,61
DRTV,GSM_PERS,2026-06,2026-06-08,12,249,11,0.0442,185,249,6598,10871
DRTV,MOVI,2026-06,2026-06-08,12,341,24,0.0704,340,341,7823,9367
DRTW,GSM_MOVI,2026-06,2026-06-08,12,189,22,0.1164,166,189,6280,8138
DRTW,GSM_PERS,2026-06,2026-06-08,12,87,2,0.0230,72,87,5285,8827
DRTW,MOVI,2026-06,2026-06-08,12,467,36,0.0771,459,467,8947,11355
DRTW,Sin proveedor,2026-06,2026-06-08,12,1,1,1.0000,1,1,6,6
FIME,GSM_MOVI,2026-06,2026-06-08,12,3347,169,0.0505,3264,3344,11522,12038
MEL0,GSM_MOVI,2026-06,2026-06-08,12,4302,132,0.0307,3661,4271,58422,86190
MEL0,GSM_PERS,2026-06,2026-06-08,12,2392,164,0.0686,1879,2392,53014,84080
MEL0,MOVI,2026-06,2026-06-08,12,5269,343,0.0651,4871,5269,68363,105423
OEST,GSM_PERS,2026-06,2026-06-08,12,182,21,0.1154,159,182,5773,8506
REVO,GSM_MOVI,2026-06,2026-06-08,12,953,68,0.0714,816,953,103389,129997
REVO,GSM_PERS,2026-06,2026-06-08,12,2556,113,0.0442,2100,2556,127551,185062
ADT1,GSM_MOVI,2026-06,2026-06-08,13,13,2,0.1538,9,13,339,709
AUSO,GSM_MOVI,2026-06,2026-06-08,13,1059,111,0.1048,844,1057,5511,10065
AYS3,GSM_MOVI,2026-06,2026-06-08,13,38,4,0.1053,38,38,6141,9176
AYS3,GSM_PERS,2026-06,2026-06-08,13,82,7,0.0854,80,82,1266,1356
AYSA,GSM_PERS,2026-06,2026-06-08,13,482,42,0.0871,424,482,16879,25757
AYSA,MOVI,2026-06,2026-06-08,13,518,27,0.0521,489,518,18073,27574
AYSE,GSM_PERS,2026-06,2026-06-08,13,91,4,0.0440,76,90,7361,11053
AYSJ,GSM_MOVI,2026-06,2026-06-08,13,31,1,0.0323,24,31,899,1257
CVIA,GSM_PERS,2026-06,2026-06-08,13,26,2,0.0769,22,26,39,61
DRTV,GSM_PERS,2026-06,2026-06-08,13,270,18,0.0667,201,270,6598,10871
DRTV,MOVI,2026-06,2026-06-08,13,350,19,0.0543,348,350,7823,9367
DRTV,Sin proveedor,2026-06,2026-06-08,13,1,1,1.0000,1,1,7,7
DRTW,GSM_MOVI,2026-06,2026-06-08,13,120,15,0.1250,107,120,6280,8138
DRTW,GSM_PERS,2026-06,2026-06-08,13,110,2,0.0182,84,110,5285,8827
DRTW,MOVI,2026-06,2026-06-08,13,441,32,0.0726,440,440,8947,11355
FIME,GSM_MOVI,2026-06,2026-06-08,13,3434,179,0.0521,3330,3431,11522,12038
MEL0,GSM_MOVI,2026-06,2026-06-08,13,4232,125,0.0295,3582,4199,58422,86190
MEL0,GSM_PERS,2026-06,2026-06-08,13,2566,154,0.0600,2017,2560,53014,84080
MEL0,MOVI,2026-06,2026-06-08,13,4862,236,0.0485,4499,4861,68363,105423
OEST,GSM_PERS,2026-06,2026-06-08,13,156,14,0.0897,122,156,5773,8506
OEST,Sin proveedor,2026-06,2026-06-08,13,1,1,1.0000,1,1,8,8
REVO,GSM_MOVI,2026-06,2026-06-08,13,988,68,0.0688,830,988,103389,129997
REVO,GSM_PERS,2026-06,2026-06-08,13,2541,134,0.0527,2110,2540,127551,185062
AUSO,GSM_MOVI,2026-06,2026-06-08,14,446,31,0.0695,375,446,5511,10065
AYS3,GSM_MOVI,2026-06,2026-06-08,14,585,76,0.1299,563,584,6141,9176
AYS3,GSM_PERS,2026-06,2026-06-08,14,686,94,0.1370,660,682,1266,1356
AYSA,GSM_MOVI,2026-06,2026-06-08,14,1990,516,0.2593,1898,1982,21631,33163
AYSA,GSM_PERS,2026-06,2026-06-08,14,493,47,0.0953,447,493,16879,25757
AYSA,MOVI,2026-06,2026-06-08,14,726,66,0.0909,673,725,18073,27574
AYSE,GSM_PERS,2026-06,2026-06-08,14,432,87,0.2014,400,431,7840,11634
AYSJ,GSM_MOVI,2026-06,2026-06-08,14,68,6,0.0882,53,67,929,1295
DRTV,GSM_PERS,2026-06,2026-06-08,14,127,8,0.0630,110,127,6598,10871
DRTV,MOVI,2026-06,2026-06-08,14,369,16,0.0434,366,369,7823,9367
DRTV,Sin proveedor,2026-06,2026-06-08,14,2,2,1.0000,2,2,10,10
DRTW,GSM_MOVI,2026-06,2026-06-08,14,1238,77,0.0622,927,1238,6280,8138
DRTW,GSM_PERS,2026-06,2026-06-08,14,86,2,0.0233,73,86,5285,8827
DRTW,MOVI,2026-06,2026-06-08,14,480,22,0.0458,475,480,8947,11355
FIME,GSM_MOVI,2026-06,2026-06-08,14,102,4,0.0392,101,102,11522,12038
MEL0,GSM_MOVI,2026-06,2026-06-08,14,3898,100,0.0257,3219,3850,58422,86190
MEL0,GSM_PERS,2026-06,2026-06-08,14,2051,136,0.0663,1725,2050,53014,84080
MEL0,MOVI,2026-06,2026-06-08,14,4655,220,0.0473,4204,4655,68363,105423
OEST,GSM_PERS,2026-06,2026-06-08,14,124,21,0.1694,101,124,5773,8506
REVO,GSM_MOVI,2026-06,2026-06-08,14,1066,73,0.0685,880,1066,103389,129997
REVO,GSM_PERS,2026-06,2026-06-08,14,2211,83,0.0375,1913,2211,127551,185062
REVO,Sin proveedor,2026-06,2026-06-08,14,1,1,1.0000,1,1,8,8
ADT1,GSM_MOVI,2026-06,2026-06-08,15,438,25,0.0571,230,430,339,709
AYS3,GSM_PERS,2026-06,2026-06-08,15,93,6,0.0645,84,89,1266,1356
AYSA,GSM_PERS,2026-06,2026-06-08,15,519,46,0.0886,459,517,16879,25757
AYSA,MOVI,2026-06,2026-06-08,15,335,33,0.0985,322,335,18073,27574
AYSE,GSM_PERS,2026-06,2026-06-08,15,408,69,0.1691,373,408,7840,11634
AYSJ,GSM_MOVI,2026-06,2026-06-08,15,937,42,0.0448,709,921,929,1295
DRTV,GSM_PERS,2026-06,2026-06-08,15,197,7,0.0355,149,197,6598,10871
DRTV,MOVI,2026-06,2026-06-08,15,568,43,0.0757,556,568,7823,9367
DRTW,GSM_MOVI,2026-06,2026-06-08,15,2380,206,0.0866,2057,2380,5408,6908
DRTW,GSM_PERS,2026-06,2026-06-08,15,68,2,0.0294,55,68,5285,8827
DRTW,MOVI,2026-06,2026-06-08,15,674,47,0.0697,656,674,8947,11355
DRTW,Sin proveedor,2026-06,2026-06-08,15,1,1,1.0000,1,1,6,6
MEL0,GSM_MOVI,2026-06,2026-06-08,15,4845,174,0.0359,4022,4804,58422,86190
MEL0,GSM_PERS,2026-06,2026-06-08,15,2337,150,0.0642,1930,2333,53014,84080
MEL0,MOVI,2026-06,2026-06-08,15,5257,259,0.0493,4764,5257,68363,105423
OEST,GSM_PERS,2026-06,2026-06-08,15,105,9,0.0857,84,105,5773,8506
REVO,GSM_MOVI,2026-06,2026-06-08,15,1180,74,0.0627,980,1180,103389,129997
REVO,GSM_PERS,2026-06,2026-06-08,15,2594,77,0.0297,2155,2593,127551,185062
ADT1,GSM_MOVI,2026-06,2026-06-08,16,164,13,0.0793,118,162,339,709
AYS3,GSM_PERS,2026-06,2026-06-08,16,216,32,0.1481,192,199,1266,1356
AYSA,GSM_PERS,2026-06,2026-06-08,16,1156,171,0.1479,1072,1154,16879,25757
AYSA,MOVI,2026-06,2026-06-08,16,260,20,0.0769,252,260,18073,27574
AYSE,GSM_PERS,2026-06,2026-06-08,16,140,17,0.1214,110,140,7840,11634
AYSJ,GSM_MOVI,2026-06,2026-06-08,16,346,18,0.0520,287,334,929,1295
DRTV,GSM_PERS,2026-06,2026-06-08,16,702,48,0.0684,607,700,6598,10871
DRTV,MOVI,2026-06,2026-06-08,16,598,29,0.0485,592,598,7823,9367
DRTW,GSM_MOVI,2026-06,2026-06-08,16,3204,251,0.0783,2688,3203,5408,6908
DRTW,GSM_PERS,2026-06,2026-06-08,16,107,9,0.0841,75,107,5285,8827
DRTW,MOVI,2026-06,2026-06-08,16,729,44,0.0604,716,729,8947,11355
MEL0,GSM_MOVI,2026-06,2026-06-08,16,4952,151,0.0305,4168,4898,58422,86190
MEL0,GSM_PERS,2026-06,2026-06-08,16,1021,64,0.0627,875,1018,53014,84080
MEL0,MOVI,2026-06,2026-06-08,16,4649,220,0.0473,4285,4647,68363,105423
OEST,GSM_PERS,2026-06,2026-06-08,16,164,20,0.1220,134,164,5773,8506
OEST,Sin proveedor,2026-06,2026-06-08,16,1,1,1.0000,1,1,1,1
REVO,GSM_MOVI,2026-06,2026-06-08,16,1134,79,0.0697,988,1134,103389,129997
REVO,GSM_PERS,2026-06,2026-06-08,16,2730,118,0.0432,2193,2730,127551,185062
AYS3,GSM_PERS,2026-06,2026-06-08,17,222,21,0.0946,167,174,1266,1356
AYSA,GSM_PERS,2026-06,2026-06-08,17,967,128,0.1324,892,958,16879,25757
AYSA,MOVI,2026-06,2026-06-08,17,251,12,0.0478,242,251,18073,27574
AYSE,GSM_PERS,2026-06,2026-06-08,17,108,10,0.0926,86,108,7840,11634
AYSJ,GSM_MOVI,2026-06,2026-06-08,17,1172,57,0.0486,845,1164,929,1295
DRTV,GSM_PERS,2026-06,2026-06-08,17,834,60,0.0719,754,834,6598,10871
DRTV,MOVI,2026-06,2026-06-08,17,554,35,0.0632,550,554,7823,9367
DRTW,GSM_MOVI,2026-06,2026-06-08,17,680,38,0.0559,642,680,5408,6908
DRTW,GSM_PERS,2026-06,2026-06-08,17,810,40,0.0494,552,802,5285,8827
DRTW,MOVI,2026-06,2026-06-08,17,679,42,0.0619,672,679,8947,11355
MEL0,GSM_MOVI,2026-06,2026-06-08,17,6438,123,0.0191,5206,6352,58422,86190
MEL0,GSM_PERS,2026-06,2026-06-08,17,841,59,0.0702,732,841,53014,84080
MEL0,MOVI,2026-06,2026-06-08,17,4782,202,0.0422,4461,4782,68363,105423
OEST,GSM_PERS,2026-06,2026-06-08,17,97,13,0.1340,78,97,5773,8506
REVO,GSM_MOVI,2026-06,2026-06-08,17,1747,104,0.0595,1389,1747,103389,129997
REVO,GSM_PERS,2026-06,2026-06-08,17,2459,101,0.0411,2087,2458,127551,185062
REVO,Sin proveedor,2026-06,2026-06-08,17,1,1,1.0000,1,1,4,4
AYSA,GSM_PERS,2026-06,2026-06-08,18,176,8,0.0455,133,176,14425,23147
AYSE,GSM_PERS,2026-06,2026-06-08,18,88,8,0.0909,66,88,7840,11634
DRTV,GSM_PERS,2026-06,2026-06-08,18,914,88,0.0963,787,912,6598,10871
DRTV,MOVI,2026-06,2026-06-08,18,284,16,0.0563,282,284,7823,9367
DRTW,GSM_PERS,2026-06,2026-06-08,18,1709,114,0.0667,1161,1695,5285,8827
DRTW,MOVI,2026-06,2026-06-08,18,376,24,0.0638,373,376,8947,11355
MEL0,GSM_MOVI,2026-06,2026-06-08,18,8354,230,0.0275,6709,8181,58422,86190
MEL0,GSM_PERS,2026-06,2026-06-08,18,827,50,0.0605,728,827,53014,84080
MEL0,MOVI,2026-06,2026-06-08,18,1021,55,0.0539,989,1021,68363,105423
OEST,GSM_PERS,2026-06,2026-06-08,18,143,14,0.0979,121,143,5773,8506
REVO,GSM_MOVI,2026-06,2026-06-08,18,1816,137,0.0754,1413,1816,103389,129997
REVO,GSM_PERS,2026-06,2026-06-08,18,2448,99,0.0404,2059,2448,127551,185062
REVO,Sin proveedor,2026-06,2026-06-08,18,1,1,1.0000,1,1,8,8
AYSA,GSM_PERS,2026-06,2026-06-08,19,260,10,0.0385,221,259,14425,23147
AYSE,GSM_PERS,2026-06,2026-06-08,19,164,9,0.0549,138,164,7840,11634
DRTV,GSM_PERS,2026-06,2026-06-08,19,251,14,0.0558,202,251,6598,10871
DRTV,MOVI,2026-06,2026-06-08,19,306,20,0.0654,304,306,7823,9367
DRTW,GSM_PERS,2026-06,2026-06-08,19,2229,133,0.0597,1536,2212,5285,8827
DRTW,MOVI,2026-06,2026-06-08,19,323,24,0.0743,320,323,8947,11355
DRTW,Sin proveedor,2026-06,2026-06-08,19,1,1,1.0000,1,1,6,6
MEL0,GSM_MOVI,2026-06,2026-06-08,19,1924,40,0.0208,1512,1892,58422,86190
MEL0,GSM_PERS,2026-06,2026-06-08,19,1104,69,0.0625,976,1100,53014,84080
OEST,GSM_PERS,2026-06,2026-06-08,19,166,22,0.1325,144,166,5773,8506
REVO,GSM_MOVI,2026-06,2026-06-08,19,3754,226,0.0602,2939,3754,103389,129997
REVO,GSM_PERS,2026-06,2026-06-08,19,2838,144,0.0507,2473,2838,127551,185062
AYSA,GSM_PERS,2026-06,2026-06-08,20,375,17,0.0453,293,369,14425,23147
AYSE,GSM_PERS,2026-06,2026-06-08,20,175,13,0.0743,148,175,7840,11634
DRTV,GSM_PERS,2026-06,2026-06-08,20,204,13,0.0637,171,204,6598,10871
DRTV,MOVI,2026-06,2026-06-08,20,289,26,0.0900,289,289,7823,9367
DRTW,GSM_PERS,2026-06,2026-06-08,20,756,40,0.0529,617,748,5285,8827
DRTW,MOVI,2026-06,2026-06-08,20,369,27,0.0732,367,369,8947,11355
MEL0,GSM_MOVI,2026-06,2026-06-08,20,1425,35,0.0246,1147,1425,58422,86190
MEL0,GSM_PERS,2026-06,2026-06-08,20,1217,88,0.0723,1082,1216,53014,84080
OEST,GSM_PERS,2026-06,2026-06-08,20,310,34,0.1097,245,310,5773,8506
REVO,GSM_MOVI,2026-06,2026-06-08,20,3785,247,0.0653,2946,3782,103389,129997
REVO,GSM_PERS,2026-06,2026-06-08,20,4103,201,0.0490,3563,4103,127551,185062
DRTV,MOVI,2026-06,2026-06-08,21,2,0,0.0000,2,2,3961,4778
DRTW,MOVI,2026-06,2026-06-08,21,5,1,0.2000,5,5,8947,11355
MEL0,GSM_PERS,2026-06,2026-06-08,21,3,0,0.0000,3,3,53014,84080
OEST,GSM_PERS,2026-06,2026-06-08,21,2,0,0.0000,2,2,2952,4331
REVO,GSM_MOVI,2026-06,2026-06-08,21,7,0,0.0000,6,7,49321,59102
REVO,GSM_PERS,2026-06,2026-06-08,21,2,0,0.0000,2,2,42149,58449
AUSO,GSM_MOVI,2026-06,2026-06-09,8,812,121,0.1490,756,811,12690,16995
AUSO,GSM_PERS,2026-06,2026-06-09,8,488,34,0.0697,456,487,3377,4262
AYS3,GSM_MOVI,2026-06,2026-06-09,8,17,3,0.1765,16,17,6141,9176
AYS3,GSM_PERS,2026-06,2026-06-09,8,6,0,0.0000,6,6,1266,1356
AYSA,GSM_MOVI,2026-06,2026-06-09,8,920,167,0.1815,867,919,21631,33163
AYSA,GSM_PERS,2026-06,2026-06-09,8,217,12,0.0553,180,217,16879,25757
AYSE,GSM_MOVI,2026-06,2026-06-09,8,417,119,0.2854,381,417,9879,14986
AYSE,GSM_PERS,2026-06,2026-06-09,8,796,72,0.0905,670,795,7840,11634
DRTV,GSM_PERS,2026-06,2026-06-09,8,663,26,0.0392,501,663,4847,8847
MEL0,GSM_PERS,2026-06,2026-06-09,8,547,21,0.0384,463,547,53014,84080
OEST,GSM_MOVI,2026-06,2026-06-09,8,1372,173,0.1261,1244,1370,6150,8347
OEST,GSM_PERS,2026-06,2026-06-09,8,611,44,0.0720,501,610,5773,8506
REVO,GSM_MOVI,2026-06,2026-06-09,8,324,9,0.0278,272,324,38848,52097
AUSO,GSM_MOVI,2026-06,2026-06-09,9,3181,482,0.1515,2866,3176,21194,28747
AUSO,GSM_PERS,2026-06,2026-06-09,9,862,67,0.0777,739,810,3377,4262
AYS3,GSM_MOVI,2026-06,2026-06-09,9,7,3,0.4286,5,7,6141,9176
AYS3,GSM_PERS,2026-06,2026-06-09,9,680,68,0.1000,653,679,1266,1356
AYS3,MOVI,2026-06,2026-06-09,9,185,12,0.0649,162,185,3252,4053
AYSA,GSM_MOVI,2026-06,2026-06-09,9,49,15,0.3061,49,49,21631,33163
AYSA,GSM_PERS,2026-06,2026-06-09,9,635,27,0.0425,507,628,16879,25757
AYSA,MOVI,2026-06,2026-06-09,9,813,62,0.0763,706,813,18073,27574
AYSC,MOVI,2026-06,2026-06-09,9,1274,67,0.0526,584,1255,586,1262
AYSE,GSM_MOVI,2026-06,2026-06-09,9,25,9,0.3600,23,24,8188,12391
AYSE,GSM_PERS,2026-06,2026-06-09,9,621,86,0.1385,544,608,7840,11634
DRTV,GSM_MOVI,2026-06,2026-06-09,9,42,3,0.0714,38,42,4109,4994
DRTV,GSM_PERS,2026-06,2026-06-09,9,559,19,0.0340,402,546,4847,8847
DRTW,GSM_MOVI,2026-06,2026-06-09,9,8,1,0.1250,8,8,872,1230
DRTW,GSM_PERS,2026-06,2026-06-09,9,150,5,0.0333,114,150,5285,8827
MEL0,GSM_PERS,2026-06,2026-06-09,9,501,25,0.0499,428,501,53014,84080
OEST,GSM_MOVI,2026-06,2026-06-09,9,4322,571,0.1321,3769,4308,10119,13964
OEST,GSM_PERS,2026-06,2026-06-09,9,118,9,0.0763,100,118,5773,8506
REVO,GSM_MOVI,2026-06,2026-06-09,9,1556,57,0.0366,1346,1555,103389,129997
REVO,GSM_PERS,2026-06,2026-06-09,9,2421,98,0.0405,1946,2420,127551,185062
AUSO,GSM_MOVI,2026-06,2026-06-09,10,3503,623,0.1778,3167,3501,21389,29005
AUSO,GSM_PERS,2026-06,2026-06-09,10,863,81,0.0939,733,816,3377,4262
AYS3,GSM_PERS,2026-06,2026-06-09,10,197,26,0.1320,192,197,1266,1356
AYS3,MOVI,2026-06,2026-06-09,10,114,10,0.0877,106,114,1672,1922
AYSA,GSM_MOVI,2026-06,2026-06-09,10,206,40,0.1942,201,206,13655,21597
AYSA,GSM_PERS,2026-06,2026-06-09,10,1546,138,0.0893,1338,1539,16879,25757
AYSA,MOVI,2026-06,2026-06-09,10,628,35,0.0557,598,626,18073,27574
AYSE,GSM_PERS,2026-06,2026-06-09,10,277,23,0.0830,233,277,7423,11162
CVIA,GSM_PERS,2026-06,2026-06-09,10,59,2,0.0339,38,59,39,61
DRTV,GSM_MOVI,2026-06,2026-06-09,10,115,13,0.1130,111,115,4109,4994
DRTV,GSM_PERS,2026-06,2026-06-09,10,379,25,0.0660,273,379,4847,8847
DRTW,GSM_MOVI,2026-06,2026-06-09,10,9,0,0.0000,6,9,872,1230
DRTW,GSM_PERS,2026-06,2026-06-09,10,370,14,0.0378,280,370,5285,8827
DRTW,MOVI,2026-06,2026-06-09,10,166,6,0.0361,165,166,8947,11355
FIME,GSM_MOVI,2026-06,2026-06-09,10,2432,112,0.0461,2366,2432,11522,12038
MEL0,GSM_MOVI,2026-06,2026-06-09,10,198,11,0.0556,180,198,58422,86190
MEL0,MOVI,2026-06,2026-06-09,10,2056,114,0.0554,1979,2056,68363,105423
OEST,GSM_MOVI,2026-06,2026-06-09,10,1463,220,0.1504,1339,1461,10119,13964
REVO,GSM_MOVI,2026-06,2026-06-09,10,1491,87,0.0584,1252,1491,103389,129997
REVO,GSM_PERS,2026-06,2026-06-09,10,2642,109,0.0413,2087,2642,127551,185062
AUSO,GSM_MOVI,2026-06,2026-06-09,11,3193,635,0.1989,2943,3191,21389,29005
AUSO,GSM_PERS,2026-06,2026-06-09,11,900,91,0.1011,766,839,3377,4262
AYS3,GSM_PERS,2026-06,2026-06-09,11,33,4,0.1212,19,18,1266,1356
AYS3,MOVI,2026-06,2026-06-09,11,55,4,0.0727,55,55,1672,1922
AYSA,GSM_MOVI,2026-06,2026-06-09,11,547,138,0.2523,538,546,13655,21597
AYSA,GSM_PERS,2026-06,2026-06-09,11,1751,136,0.0777,1476,1748,16879,25757
AYSA,MOVI,2026-06,2026-06-09,11,713,43,0.0603,685,713,18073,27574
AYSE,GSM_PERS,2026-06,2026-06-09,11,192,23,0.1198,161,192,7423,11162
AYSJ,GSM_MOVI,2026-06,2026-06-09,11,52,1,0.0192,49,52,899,1257
DRTV,GSM_MOVI,2026-06,2026-06-09,11,86,8,0.0930,79,86,4109,4994
DRTV,GSM_PERS,2026-06,2026-06-09,11,340,20,0.0588,248,340,4847,8847
DRTW,GSM_PERS,2026-06,2026-06-09,11,318,21,0.0660,251,318,5285,8827
DRTW,MOVI,2026-06,2026-06-09,11,853,65,0.0762,830,853,8947,11355
FIME,GSM_MOVI,2026-06,2026-06-09,11,3380,178,0.0527,3298,3375,11522,12038
MEL0,GSM_MOVI,2026-06,2026-06-09,11,1173,71,0.0605,1041,1173,58422,86190
MEL0,MOVI,2026-06,2026-06-09,11,4691,242,0.0516,4393,4687,68363,105423
OEST,GSM_MOVI,2026-06,2026-06-09,11,432,80,0.1852,401,431,3969,5617
REVO,GSM_MOVI,2026-06,2026-06-09,11,799,53,0.0663,689,799,103389,129997
REVO,GSM_PERS,2026-06,2026-06-09,11,2965,124,0.0418,2397,2965,127551,185062
AUSO,GSM_MOVI,2026-06,2026-06-09,12,3253,613,0.1884,3019,3250,21389,29005
AUSO,GSM_PERS,2026-06,2026-06-09,12,1086,107,0.0985,922,995,3377,4262
AUSO,Sin proveedor,2026-06,2026-06-09,12,1,1,1.0000,1,1,3,3
AYS3,GSM_PERS,2026-06,2026-06-09,12,151,17,0.1126,122,132,1266,1356
AYS3,MOVI,2026-06,2026-06-09,12,47,6,0.1277,46,47,1672,1922
AYSA,GSM_MOVI,2026-06,2026-06-09,12,265,60,0.2264,262,265,13655,21597
AYSA,GSM_PERS,2026-06,2026-06-09,12,1558,176,0.1130,1323,1550,16879,25757
AYSA,MOVI,2026-06,2026-06-09,12,732,46,0.0628,704,732,18073,27574
AYSE,GSM_PERS,2026-06,2026-06-09,12,292,29,0.0993,224,291,7423,11162
AYSJ,GSM_MOVI,2026-06,2026-06-09,12,357,23,0.0644,291,349,929,1295
DRTV,GSM_MOVI,2026-06,2026-06-09,12,49,1,0.0204,44,49,4109,4994
DRTV,GSM_PERS,2026-06,2026-06-09,12,342,16,0.0468,251,342,4847,8847
DRTW,GSM_MOVI,2026-06,2026-06-09,12,26,3,0.1154,20,26,872,1230
DRTW,GSM_PERS,2026-06,2026-06-09,12,294,21,0.0714,240,294,5285,8827
DRTW,MOVI,2026-06,2026-06-09,12,815,50,0.0613,788,815,8947,11355
FIME,GSM_MOVI,2026-06,2026-06-09,12,3418,189,0.0553,3336,3417,11522,12038
MEL0,GSM_MOVI,2026-06,2026-06-09,12,1119,81,0.0724,1025,1118,58422,86190
MEL0,MOVI,2026-06,2026-06-09,12,4642,204,0.0439,4386,4633,68363,105423
MEL0,Sin proveedor,2026-06,2026-06-09,12,1,0,0.0000,1,1,6,6
OEST,GSM_MOVI,2026-06,2026-06-09,12,366,71,0.1940,339,365,3969,5617
REVO,GSM_MOVI,2026-06,2026-06-09,12,841,58,0.0690,734,841,103389,129997
REVO,GSM_PERS,2026-06,2026-06-09,12,2654,150,0.0565,2133,2652,127551,185062
ADT1,GSM_MOVI,2026-06,2026-06-09,13,24,0,0.0000,15,24,339,709
AUSO,GSM_MOVI,2026-06,2026-06-09,13,3152,616,0.1954,2934,3151,21389,29005
AUSO,GSM_PERS,2026-06,2026-06-09,13,1192,126,0.1057,1012,1085,3377,4262
AYS3,GSM_PERS,2026-06,2026-06-09,13,265,36,0.1358,222,218,1266,1356
AYS3,MOVI,2026-06,2026-06-09,13,44,5,0.1136,43,44,1672,1922
AYSA,GSM_MOVI,2026-06,2026-06-09,13,54,8,0.1481,54,54,13655,21597
AYSA,GSM_PERS,2026-06,2026-06-09,13,1800,220,0.1222,1611,1778,16879,25757
AYSA,MOVI,2026-06,2026-06-09,13,660,33,0.0500,635,659,18073,27574
AYSE,GSM_PERS,2026-06,2026-06-09,13,122,12,0.0984,102,120,7423,11162
AYSJ,GSM_MOVI,2026-06,2026-06-09,13,586,28,0.0478,466,570,929,1295
DRTV,GSM_MOVI,2026-06,2026-06-09,13,69,6,0.0870,60,69,4109,4994
DRTV,GSM_PERS,2026-06,2026-06-09,13,280,17,0.0607,211,280,4847,8847
DRTW,GSM_MOVI,2026-06,2026-06-09,13,15,0,0.0000,14,15,872,1230
DRTW,GSM_PERS,2026-06,2026-06-09,13,387,11,0.0284,306,387,5285,8827
DRTW,MOVI,2026-06,2026-06-09,13,765,46,0.0601,751,765,8947,11355
FIME,GSM_MOVI,2026-06,2026-06-09,13,2827,147,0.0520,2775,2826,11522,12038
MEL0,GSM_MOVI,2026-06,2026-06-09,13,1258,95,0.0755,1105,1258,58422,86190
MEL0,MOVI,2026-06,2026-06-09,13,4198,120,0.0286,4009,4186,68363,105423
OEST,GSM_MOVI,2026-06,2026-06-09,13,525,106,0.2019,484,524,3969,5617
REVO,GSM_MOVI,2026-06,2026-06-09,13,1044,62,0.0594,859,1044,103389,129997
REVO,GSM_PERS,2026-06,2026-06-09,13,2482,124,0.0500,2056,2481,127551,185062
ADT1,GSM_MOVI,2026-06,2026-06-09,14,67,6,0.0896,42,67,339,709
AUSO,GSM_MOVI,2026-06,2026-06-09,14,1780,376,0.2112,1588,1780,8699,12010
AUSO,GSM_PERS,2026-06,2026-06-09,14,1333,131,0.0983,1085,1195,3377,4262
AUSO,Sin proveedor,2026-06,2026-06-09,14,1,1,1.0000,1,1,1,1
AYS3,GSM_MOVI,2026-06,2026-06-09,14,105,12,0.1143,100,105,6141,9176
AYSA,GSM_MOVI,2026-06,2026-06-09,14,45,15,0.3333,45,44,13655,21597
AYSA,GSM_PERS,2026-06,2026-06-09,14,1258,56,0.0445,990,1248,14425,23147
AYSE,GSM_PERS,2026-06,2026-06-09,14,344,38,0.1105,283,344,7423,11162
AYSJ,GSM_MOVI,2026-06,2026-06-09,14,478,11,0.0230,364,440,929,1295
DRTV,GSM_MOVI,2026-06,2026-06-09,14,165,18,0.1091,142,165,4109,4994
DRTV,GSM_PERS,2026-06,2026-06-09,14,477,25,0.0524,379,477,4847,8847
DRTV,Sin proveedor,2026-06,2026-06-09,14,1,1,1.0000,1,1,8,8
DRTW,GSM_MOVI,2026-06,2026-06-09,14,15,0,0.0000,14,15,872,1230
DRTW,GSM_PERS,2026-06,2026-06-09,14,462,28,0.0606,341,462,5285,8827
DRTW,MOVI,2026-06,2026-06-09,14,792,45,0.0568,777,792,8947,11355
MEL0,GSM_MOVI,2026-06,2026-06-09,14,1755,65,0.0370,1345,1755,58422,86190
MEL0,MOVI,2026-06,2026-06-09,14,3403,120,0.0353,3279,3393,68363,105423
OEST,GSM_MOVI,2026-06,2026-06-09,14,1224,227,0.1855,1092,1223,3969,5617
OEST,Sin proveedor,2026-06,2026-06-09,14,1,1,1.0000,1,1,1,1
REVO,GSM_MOVI,2026-06,2026-06-09,14,2302,131,0.0569,1789,2302,103389,129997
REVO,GSM_PERS,2026-06,2026-06-09,14,3401,150,0.0441,2754,3401,127551,185062
ADT1,GSM_MOVI,2026-06,2026-06-09,15,467,20,0.0428,230,451,339,709
AUSO,GSM_MOVI,2026-06,2026-06-09,15,2009,367,0.1827,1756,2007,8699,12010
AUSO,GSM_PERS,2026-06,2026-06-09,15,6,1,0.1667,6,6,881,1141
AYS3,GSM_MOVI,2026-06,2026-06-09,15,35,5,0.1429,34,35,6141,9176
AYSA,GSM_PERS,2026-06,2026-06-09,15,1022,54,0.0528,808,1022,14425,23147
AYSE,GSM_PERS,2026-06,2026-06-09,15,2556,252,0.0986,1980,2551,7423,11162
AYSJ,GSM_MOVI,2026-06,2026-06-09,15,58,0,0.0000,52,57,929,1295
DRTV,GSM_MOVI,2026-06,2026-06-09,15,224,22,0.0982,198,224,4109,4994
DRTV,GSM_PERS,2026-06,2026-06-09,15,1648,62,0.0376,1212,1648,4847,8847
DRTW,GSM_MOVI,2026-06,2026-06-09,15,1033,39,0.0378,754,1033,872,1230
DRTW,GSM_PERS,2026-06,2026-06-09,15,937,73,0.0779,802,937,5285,8827
DRTW,MOVI,2026-06,2026-06-09,15,830,49,0.0590,811,830,8947,11355
MEL0,GSM_MOVI,2026-06,2026-06-09,15,3841,120,0.0312,3295,3841,58422,86190
MEL0,MOVI,2026-06,2026-06-09,15,3824,189,0.0494,3702,3818,68363,105423
OEST,GSM_MOVI,2026-06,2026-06-09,15,1038,188,0.1811,950,1037,3969,5617
OEST,Sin proveedor,2026-06,2026-06-09,15,1,1,1.0000,1,1,2,2
REVO,GSM_MOVI,2026-06,2026-06-09,15,1123,71,0.0632,940,1123,103389,129997
REVO,GSM_PERS,2026-06,2026-06-09,15,368,17,0.0462,318,368,59265,88247
AUSO,GSM_MOVI,2026-06,2026-06-09,16,4,1,0.2500,4,4,1809,2382
AYS3,GSM_MOVI,2026-06,2026-06-09,16,182,32,0.1758,179,182,6141,9176
AYSA,GSM_PERS,2026-06,2026-06-09,16,1045,65,0.0622,796,1044,14425,23147
AYSE,GSM_PERS,2026-06,2026-06-09,16,2217,210,0.0947,1729,2213,7423,11162
AYSJ,GSM_MOVI,2026-06,2026-06-09,16,351,13,0.0370,293,347,929,1295
DRTV,GSM_MOVI,2026-06,2026-06-09,16,613,48,0.0783,527,613,4109,4994
DRTV,GSM_PERS,2026-06,2026-06-09,16,1950,102,0.0523,1398,1950,4847,8847
DRTW,GSM_MOVI,2026-06,2026-06-09,16,3,0,0.0000,2,3,872,1230
DRTW,GSM_PERS,2026-06,2026-06-09,16,1366,86,0.0630,1114,1366,5285,8827
DRTW,MOVI,2026-06,2026-06-09,16,764,50,0.0654,748,764,8947,11355
MEL0,GSM_MOVI,2026-06,2026-06-09,16,7321,263,0.0359,5944,7321,58422,86190
MEL0,MOVI,2026-06,2026-06-09,16,3828,172,0.0449,3679,3821,68363,105423
OEST,GSM_MOVI,2026-06,2026-06-09,16,289,57,0.1972,277,289,3969,5617
REVO,GSM_MOVI,2026-06,2026-06-09,16,1544,95,0.0615,1238,1543,38848,52097
AUSO,Sin proveedor,2026-06,2026-06-09,17,1,1,1.0000,1,1,7,7
AYS3,GSM_MOVI,2026-06,2026-06-09,17,273,31,0.1136,266,272,6141,9176
AYSA,GSM_PERS,2026-06,2026-06-09,17,1998,95,0.0475,1546,1988,14425,23147
AYSJ,GSM_MOVI,2026-06,2026-06-09,17,724,37,0.0511,554,721,929,1295
DRTV,GSM_MOVI,2026-06,2026-06-09,17,2923,237,0.0811,2511,2922,4109,4994
DRTV,GSM_PERS,2026-06,2026-06-09,17,1946,97,0.0498,1432,1946,4847,8847
DRTW,GSM_PERS,2026-06,2026-06-09,17,2677,116,0.0433,1888,2677,5285,8827
DRTW,MOVI,2026-06,2026-06-09,17,822,65,0.0791,807,822,8947,11355
MEL0,GSM_MOVI,2026-06,2026-06-09,17,6282,310,0.0493,5375,6282,58422,86190
MEL0,MOVI,2026-06,2026-06-09,17,3840,193,0.0503,3686,3839,68363,105423
AYSA,GSM_PERS,2026-06,2026-06-09,18,4973,214,0.0430,3658,4922,14425,23147
DRTV,GSM_MOVI,2026-06,2026-06-09,18,542,50,0.0923,499,542,4109,4994
DRTV,GSM_PERS,2026-06,2026-06-09,18,1011,49,0.0485,814,1010,4847,8847
DRTW,GSM_PERS,2026-06,2026-06-09,18,685,37,0.0540,536,685,3237,6164
DRTW,MOVI,2026-06,2026-06-09,18,825,46,0.0558,810,825,8947,11355
MEL0,GSM_MOVI,2026-06,2026-06-09,18,9708,365,0.0376,8016,9708,58422,86190
MEL0,MOVI,2026-06,2026-06-09,18,4205,144,0.0342,4056,4190,68363,105423
OEST,Sin proveedor,2026-06,2026-06-09,18,1,1,1.0000,1,1,8,8
AYSA,GSM_PERS,2026-06,2026-06-09,19,6973,306,0.0439,4898,6940,14425,23147
DRTW,MOVI,2026-06,2026-06-09,19,850,52,0.0612,833,850,8947,11355
MEL0,GSM_MOVI,2026-06,2026-06-09,19,2711,135,0.0498,2231,2711,58422,86190
MEL0,MOVI,2026-06,2026-06-09,19,4312,147,0.0341,4155,4287,68363,105423
REVO,Sin proveedor,2026-06,2026-06-09,19,1,1,1.0000,1,1,8,8
DRTW,MOVI,2026-06,2026-06-09,20,844,54,0.0640,824,844,8947,11355
MEL0,MOVI,2026-06,2026-06-09,20,4303,134,0.0311,4121,4284,68363,105423
DRTW,MOVI,2026-06,2026-06-09,21,4,0,0.0000,4,4,5036,6361
MEL0,MOVI,2026-06,2026-06-09,21,13212,246,0.0186,12569,13096,68363,105423
MEL0,MOVI,2026-06,2026-06-09,22,46,0,0.0000,46,46,68363,105423
AUSO,GSM_MOVI,2026-06,2026-06-10,8,1450,156,0.1076,943,1446,5511,10065
AYS3,GSM_PERS,2026-06,2026-06-10,8,154,12,0.0779,129,135,1266,1356
AYSA,GSM_MOVI,2026-06,2026-06-10,8,1034,134,0.1296,1001,1030,13655,21597
AYSA,GSM_PERS,2026-06,2026-06-10,8,552,79,0.1431,537,543,16879,25757
AYSE,GSM_MOVI,2026-06,2026-06-10,8,398,91,0.2286,375,397,9173,14007
AYSE,GSM_PERS,2026-06,2026-06-10,8,189,35,0.1852,186,189,7423,11162
MEL0,MOVI,2026-06,2026-06-10,8,835,3,0.0036,835,835,68363,105423
OEST,GSM_PERS,2026-06,2026-06-10,8,1933,166,0.0859,1499,1928,5773,8506
REVO,GSM_MOVI,2026-06,2026-06-10,8,919,45,0.0490,678,919,38848,52097
REVO,GSM_PERS,2026-06,2026-06-10,8,252,11,0.0437,201,252,59265,88247
AUSO,GSM_MOVI,2026-06,2026-06-10,9,1941,213,0.1097,1359,1935,5511,10065
AYS3,GSM_PERS,2026-06,2026-06-10,9,621,46,0.0741,577,592,1266,1356
AYS3,MOVI,2026-06,2026-06-10,9,50,7,0.1400,32,50,1580,2131
AYSA,GSM_MOVI,2026-06,2026-06-10,9,768,120,0.1563,744,767,13655,21597
AYSA,GSM_PERS,2026-06,2026-06-10,9,1202,117,0.0973,1028,1197,16879,25757
AYSA,MOVI,2026-06,2026-06-10,9,1011,49,0.0485,893,1010,18073,27574
AYSC,MOVI,2026-06,2026-06-10,9,1271,64,0.0504,584,1252,586,1262
AYSE,GSM_MOVI,2026-06,2026-06-10,9,120,40,0.3333,111,120,9173,14007
AYSE,GSM_PERS,2026-06,2026-06-10,9,473,90,0.1903,441,472,7423,11162
DRTV,GSM_PERS,2026-06,2026-06-10,9,306,15,0.0490,251,306,6598,10871
DRTW,GSM_MOVI,2026-06,2026-06-10,9,1094,33,0.0302,803,1094,6280,8138
DRTW,GSM_PERS,2026-06,2026-06-10,9,392,14,0.0357,283,392,3237,6164
DRTW,MOVI,2026-06,2026-06-10,9,850,47,0.0553,837,850,8947,11355
OEST,GSM_MOVI,2026-06,2026-06-10,9,2397,251,0.1047,1874,2392,5478,7908
OEST,GSM_PERS,2026-06,2026-06-10,9,305,27,0.0885,252,305,5773,8506
OEST,Sin proveedor,2026-06,2026-06-10,9,3,3,1.0000,3,3,17,17
REVO,GSM_MOVI,2026-06,2026-06-10,9,2866,168,0.0586,2258,2866,103389,129997
REVO,GSM_PERS,2026-06,2026-06-10,9,3308,129,0.0390,2531,3308,59265,88247
AUSO,GSM_MOVI,2026-06,2026-06-10,10,1441,193,0.1339,1058,1438,5511,10065
AYS3,GSM_PERS,2026-06,2026-06-10,10,534,55,0.1030,504,510,1266,1356
AYSA,GSM_PERS,2026-06,2026-06-10,10,1572,146,0.0929,1298,1557,16879,25757
AYSA,MOVI,2026-06,2026-06-10,10,813,46,0.0566,778,812,18073,27574
AYSE,GSM_PERS,2026-06,2026-06-10,10,144,18,0.1250,110,144,7423,11162
DRTV,GSM_PERS,2026-06,2026-06-10,10,736,51,0.0693,529,736,6598,10871
DRTW,GSM_MOVI,2026-06,2026-06-10,10,113,9,0.0796,100,113,5408,6908
DRTW,GSM_PERS,2026-06,2026-06-10,10,270,6,0.0222,186,270,3237,6164
DRTW,MOVI,2026-06,2026-06-10,10,820,43,0.0524,811,820,8947,11355
FIME,GSM_MOVI,2026-06,2026-06-10,10,2574,127,0.0493,2516,2574,11522,12038
MEL0,GSM_MOVI,2026-06,2026-06-10,10,282,15,0.0532,253,282,58422,86190
MEL0,GSM_PERS,2026-06,2026-06-10,10,90,4,0.0444,77,90,53014,84080
MEL0,MOVI,2026-06,2026-06-10,10,1607,102,0.0635,1563,1607,68363,105423
OEST,GSM_MOVI,2026-06,2026-06-10,10,3371,364,0.1080,2672,3356,5478,7908
OEST,GSM_PERS,2026-06,2026-06-10,10,392,47,0.1199,312,392,5773,8506
OEST,Sin proveedor,2026-06,2026-06-10,10,1,1,1.0000,1,1,8,8
REVO,GSM_MOVI,2026-06,2026-06-10,10,1941,108,0.0556,1554,1941,103389,129997
REVO,GSM_PERS,2026-06,2026-06-10,10,2498,98,0.0392,1954,2498,59265,88247
REVO,Sin proveedor,2026-06,2026-06-10,10,1,1,1.0000,1,1,8,8
AUSO,GSM_MOVI,2026-06,2026-06-10,11,1341,134,0.0999,1016,1340,5511,10065
AYSA,GSM_PERS,2026-06,2026-06-10,11,364,21,0.0577,289,364,16879,25757
AYSA,MOVI,2026-06,2026-06-10,11,731,40,0.0547,700,731,18073,27574
AYSE,GSM_PERS,2026-06,2026-06-10,11,302,38,0.1258,252,302,7423,11162
CVIA,GSM_PERS,2026-06,2026-06-10,11,59,5,0.0847,38,59,39,61
DRTV,GSM_PERS,2026-06,2026-06-10,11,714,33,0.0462,534,713,6598,10871
DRTW,GSM_MOVI,2026-06,2026-06-10,11,120,2,0.0167,102,120,5408,6908
DRTW,GSM_PERS,2026-06,2026-06-10,11,56,1,0.0179,39,56,3237,6164
DRTW,MOVI,2026-06,2026-06-10,11,175,10,0.0571,175,175,8947,11355
FIME,GSM_MOVI,2026-06,2026-06-10,11,4699,224,0.0477,4557,4693,11522,12038
MEL0,GSM_MOVI,2026-06,2026-06-10,11,1280,79,0.0617,1120,1279,58422,86190
MEL0,GSM_PERS,2026-06,2026-06-10,11,2725,165,0.0606,2169,2725,53014,84080
MEL0,MOVI,2026-06,2026-06-10,11,3496,241,0.0689,3326,3494,68363,105423
OEST,GSM_MOVI,2026-06,2026-06-10,11,1145,124,0.1083,966,1144,5478,7908
OEST,GSM_PERS,2026-06,2026-06-10,11,286,34,0.1189,235,286,5773,8506
REVO,GSM_MOVI,2026-06,2026-06-10,11,1469,84,0.0572,1210,1469,103389,129997
REVO,GSM_PERS,2026-06,2026-06-10,11,1890,89,0.0471,1496,1888,59265,88247
REVO,Sin proveedor,2026-06,2026-06-10,11,1,1,1.0000,1,1,8,8
AUSO,GSM_MOVI,2026-06,2026-06-10,12,1233,152,0.1233,957,1228,5511,10065
AYS3,GSM_MOVI,2026-06,2026-06-10,12,19,1,0.0526,18,19,6141,9176
AYS3,MOVI,2026-06,2026-06-10,12,403,4,0.0099,390,402,1672,1922
AYSA,GSM_PERS,2026-06,2026-06-10,12,377,16,0.0424,293,377,16879,25757
AYSA,MOVI,2026-06,2026-06-10,12,296,15,0.0507,286,296,18073,27574
AYSE,GSM_PERS,2026-06,2026-06-10,12,691,67,0.0970,542,689,7423,11162
AYSE,MOVI,2026-06,2026-06-10,12,141,16,0.1135,134,141,706,911
DRTV,GSM_PERS,2026-06,2026-06-10,12,1228,77,0.0627,862,1228,6598,10871
DRTW,GSM_MOVI,2026-06,2026-06-10,12,403,24,0.0596,360,403,5408,6908
DRTW,GSM_PERS,2026-06,2026-06-10,12,76,5,0.0658,58,76,3237,6164
FIME,GSM_MOVI,2026-06,2026-06-10,12,4300,203,0.0472,4177,4298,11522,12038
MEL0,GSM_MOVI,2026-06,2026-06-10,12,3295,163,0.0495,2823,3295,58422,86190
MEL0,GSM_PERS,2026-06,2026-06-10,12,2776,178,0.0641,2238,2775,53014,84080
MEL0,MOVI,2026-06,2026-06-10,12,3373,232,0.0688,3256,3373,68363,105423
OEST,GSM_PERS,2026-06,2026-06-10,12,884,90,0.1018,707,883,5773,8506
REVO,GSM_MOVI,2026-06,2026-06-10,12,1027,62,0.0604,842,1027,103389,129997
REVO,GSM_PERS,2026-06,2026-06-10,12,466,28,0.0601,376,466,59265,88247
REVO,Sin proveedor,2026-06,2026-06-10,12,1,1,1.0000,1,1,8,8
ADT1,GSM_MOVI,2026-06,2026-06-10,13,120,7,0.0583,68,120,339,709
AUSO,GSM_MOVI,2026-06,2026-06-10,13,981,135,0.1376,777,980,5511,10065
AYS3,GSM_MOVI,2026-06,2026-06-10,13,178,24,0.1348,174,178,6141,9176
AYS3,MOVI,2026-06,2026-06-10,13,608,4,0.0066,567,606,1672,1922
AYSA,GSM_PERS,2026-06,2026-06-10,13,349,16,0.0458,286,348,16879,25757
AYSA,MOVI,2026-06,2026-06-10,13,95,9,0.0947,95,95,18073,27574
AYSE,GSM_PERS,2026-06,2026-06-10,13,840,116,0.1381,691,837,7423,11162
AYSE,MOVI,2026-06,2026-06-10,13,201,15,0.0746,191,201,706,911
DRTV,GSM_PERS,2026-06,2026-06-10,13,1579,80,0.0507,1191,1579,6598,10871
DRTW,GSM_MOVI,2026-06,2026-06-10,13,713,26,0.0365,592,713,5408,6908
DRTW,GSM_PERS,2026-06,2026-06-10,13,102,3,0.0294,81,102,3237,6164
FIME,GSM_MOVI,2026-06,2026-06-10,13,484,22,0.0455,476,484,11522,12038
MEL0,GSM_MOVI,2026-06,2026-06-10,13,5639,246,0.0436,4351,5639,58422,86190
MEL0,GSM_PERS,2026-06,2026-06-10,13,2803,158,0.0564,2291,2802,53014,84080
MEL0,MOVI,2026-06,2026-06-10,13,3420,258,0.0754,3304,3420,68363,105423
OEST,GSM_PERS,2026-06,2026-06-10,13,953,109,0.1144,789,952,5773,8506
OEST,Sin proveedor,2026-06,2026-06-10,13,1,1,1.0000,1,1,8,8
REVO,GSM_MOVI,2026-06,2026-06-10,13,1882,122,0.0648,1465,1881,38848,52097
ADT1,GSM_MOVI,2026-06,2026-06-10,14,349,14,0.0401,181,346,339,709
AYS3,GSM_MOVI,2026-06,2026-06-10,14,383,46,0.1201,372,381,6141,9176
AYS3,MOVI,2026-06,2026-06-10,14,344,4,0.0116,336,343,1672,1922
AYSA,GSM_PERS,2026-06,2026-06-10,14,679,61,0.0898,601,679,16879,25757
AYSA,MOVI,2026-06,2026-06-10,14,53,2,0.0377,53,53,18073,27574
AYSE,GSM_PERS,2026-06,2026-06-10,14,1397,171,0.1224,1146,1396,7423,11162
AYSE,MOVI,2026-06,2026-06-10,14,96,11,0.1146,92,96,706,911
DRTV,GSM_PERS,2026-06,2026-06-10,14,1652,74,0.0448,1227,1652,6598,10871
DRTW,GSM_MOVI,2026-06,2026-06-10,14,2396,145,0.0605,2062,2396,5408,6908
DRTW,GSM_PERS,2026-06,2026-06-10,14,75,2,0.0267,61,75,3237,6164
MEL0,GSM_MOVI,2026-06,2026-06-10,14,4831,175,0.0362,3822,4830,58422,86190
MEL0,GSM_PERS,2026-06,2026-06-10,14,1704,88,0.0516,1460,1703,53014,84080
MEL0,MOVI,2026-06,2026-06-10,14,3099,203,0.0655,2996,3099,68363,105423
OEST,GSM_PERS,2026-06,2026-06-10,14,1130,129,0.1142,952,1129,5773,8506
REVO,GSM_MOVI,2026-06,2026-06-10,14,1941,134,0.0690,1554,1941,38848,52097
ADT1,GSM_MOVI,2026-06,2026-06-10,15,97,6,0.0619,73,96,339,709
AYSA,GSM_PERS,2026-06,2026-06-10,15,1249,123,0.0985,1112,1247,16879,25757
AYSE,GSM_PERS,2026-06,2026-06-10,15,887,107,0.1206,775,887,7423,11162
DRTV,GSM_PERS,2026-06,2026-06-10,15,1725,72,0.0417,1341,1725,6598,10871
DRTW,GSM_MOVI,2026-06,2026-06-10,15,2118,104,0.0491,1839,2118,5408,6908
DRTW,GSM_PERS,2026-06,2026-06-10,15,214,6,0.0280,163,214,3237,6164
DRTW,Sin proveedor,2026-06,2026-06-10,15,1,1,1.0000,1,1,12,14
MEL0,GSM_MOVI,2026-06,2026-06-10,15,5139,181,0.0352,4181,5138,58422,86190
MEL0,GSM_PERS,2026-06,2026-06-10,15,1285,98,0.0763,1131,1285,53014,84080
MEL0,MOVI,2026-06,2026-06-10,15,3003,172,0.0573,2879,3003,68363,105423
OEST,GSM_PERS,2026-06,2026-06-10,15,1235,111,0.0899,1049,1232,5773,8506
REVO,GSM_MOVI,2026-06,2026-06-10,15,2649,123,0.0464,2149,2649,38848,52097
AYSA,GSM_PERS,2026-06,2026-06-10,16,1599,90,0.0563,1271,1593,16879,25757
AYSE,GSM_PERS,2026-06,2026-06-10,16,353,52,0.1473,309,353,7423,11162
DRTV,GSM_PERS,2026-06,2026-06-10,16,1386,76,0.0548,1155,1386,6598,10871
DRTW,GSM_PERS,2026-06,2026-06-10,16,479,7,0.0146,342,479,3237,6164
MEL0,GSM_MOVI,2026-06,2026-06-10,16,4544,183,0.0403,3789,4543,58422,86190
MEL0,GSM_PERS,2026-06,2026-06-10,16,2007,112,0.0558,1647,2007,53014,84080
MEL0,MOVI,2026-06,2026-06-10,16,2926,192,0.0656,2813,2926,68363,105423
OEST,GSM_PERS,2026-06,2026-06-10,16,810,92,0.1136,719,810,5773,8506
REVO,GSM_MOVI,2026-06,2026-06-10,16,5932,350,0.0590,4690,5925,38848,52097
AUSO,Sin proveedor,2026-06,2026-06-10,17,1,1,1.0000,1,1,7,7
AYSA,GSM_PERS,2026-06,2026-06-10,17,3088,146,0.0473,2497,3078,14425,23147
DRTV,GSM_PERS,2026-06,2026-06-10,17,842,60,0.0713,770,842,1751,2024
DRTW,GSM_PERS,2026-06,2026-06-10,17,1299,37,0.0285,943,1299,3237,6164
MEL0,GSM_MOVI,2026-06,2026-06-10,17,6662,233,0.0350,5365,6661,58422,86190
MEL0,GSM_PERS,2026-06,2026-06-10,17,1943,136,0.0700,1705,1943,53014,84080
MEL0,MOVI,2026-06,2026-06-10,17,2931,210,0.0716,2837,2931,68363,105423
REVO,GSM_MOVI,2026-06,2026-06-10,17,994,56,0.0563,876,994,38848,52097
AYSA,GSM_PERS,2026-06,2026-06-10,18,4124,179,0.0434,3319,4098,14425,23147
DRTV,GSM_PERS,2026-06,2026-06-10,18,200,17,0.0850,193,200,1751,2024
DRTW,GSM_PERS,2026-06,2026-06-10,18,1633,37,0.0227,1221,1633,3237,6164
MEL0,GSM_PERS,2026-06,2026-06-10,18,2446,128,0.0523,2223,2446,53014,84080
MEL0,MOVI,2026-06,2026-06-10,18,593,44,0.0742,590,593,68363,105423
AYSA,GSM_PERS,2026-06,2026-06-10,19,5148,234,0.0455,4087,5099,14425,23147
DRTV,Sin proveedor,2026-06,2026-06-10,19,1,1,1.0000,1,1,4,4
DRTW,GSM_PERS,2026-06,2026-06-10,19,396,12,0.0303,359,396,3237,6164
MEL0,GSM_PERS,2026-06,2026-06-10,19,2939,172,0.0585,2624,2939,53014,84080
AYSA,GSM_PERS,2026-06,2026-06-10,20,2042,109,0.0534,1767,2035,14425,23147
DRTW,Sin proveedor,2026-06,2026-06-10,20,1,1,1.0000,1,1,4,4
MEL0,GSM_PERS,2026-06,2026-06-10,20,5876,403,0.0686,4760,5875,53014,84080
MEL0,GSM_PERS,2026-06,2026-06-10,21,19,0,0.0000,19,19,53014,84080
AUSO,GSM_MOVI,2026-06,2026-06-11,8,972,94,0.0967,883,972,12690,16995
AYS3,GSM_PERS,2026-06,2026-06-11,8,100,6,0.0600,82,75,1266,1356
AYSA,GSM_MOVI,2026-06,2026-06-11,8,31,6,0.1935,30,31,13655,21597
AYSA,GSM_PERS,2026-06,2026-06-11,8,393,53,0.1349,383,393,16879,25757
AYSE,GSM_MOVI,2026-06,2026-06-11,8,287,72,0.2509,258,286,9173,14007
AYSE,GSM_PERS,2026-06,2026-06-11,8,116,13,0.1121,115,115,7423,11162
MEL0,GSM_PERS,2026-06,2026-06-11,8,1031,48,0.0466,920,1031,53014,84080
OEST,GSM_MOVI,2026-06,2026-06-11,8,1747,219,0.1254,1560,1738,6150,8347
REVO,GSM_MOVI,2026-06,2026-06-11,8,1059,79,0.0746,955,1059,103389,129997
REVO,GSM_PERS,2026-06,2026-06-11,8,1685,50,0.0297,1425,1685,68286,96815
AUSO,GSM_MOVI,2026-06,2026-06-11,9,3007,328,0.1091,2715,3001,12690,16995
AYS3,GSM_PERS,2026-06,2026-06-11,9,102,3,0.0294,84,87,1266,1356
AYS3,MOVI,2026-06,2026-06-11,9,56,10,0.1786,39,55,1580,2131
AYSA,GSM_MOVI,2026-06,2026-06-11,9,11,1,0.0909,10,11,13655,21597
AYSA,GSM_PERS,2026-06,2026-06-11,9,712,46,0.0646,609,708,16879,25757
AYSA,MOVI,2026-06,2026-06-11,9,215,15,0.0698,135,215,3497,4179
AYSC,MOVI,2026-06,2026-06-11,9,1270,67,0.0528,584,1251,586,1262
AYSE,GSM_MOVI,2026-06,2026-06-11,9,133,45,0.3383,122,133,9173,14007
AYSE,GSM_PERS,2026-06,2026-06-11,9,469,77,0.1642,448,468,7423,11162
AYSE,MOVI,2026-06,2026-06-11,9,25,25,1.0000,24,25,2124,2885
DRTV,GSM_MOVI,2026-06,2026-06-11,9,31,4,0.1290,29,31,4109,4994
DRTV,GSM_PERS,2026-06,2026-06-11,9,136,2,0.0147,101,136,4847,8847
DRTV,MOVI,2026-06,2026-06-11,9,354,25,0.0706,350,354,7823,9367
DRTW,GSM_MOVI,2026-06,2026-06-11,9,19,0,0.0000,16,19,872,1230
DRTW,GSM_PERS,2026-06,2026-06-11,9,402,7,0.0174,330,402,5285,8827
DRTW,MOVI,2026-06,2026-06-11,9,415,20,0.0482,411,415,8947,11355
MEL0,GSM_PERS,2026-06,2026-06-11,9,1904,97,0.0509,1694,1904,53014,84080
OEST,GSM_MOVI,2026-06,2026-06-11,9,4440,522,0.1176,3793,4428,6150,8347
REVO,GSM_MOVI,2026-06,2026-06-11,9,1613,108,0.0670,1440,1613,103389,129997
REVO,GSM_PERS,2026-06,2026-06-11,9,2763,109,0.0394,2294,2763,127551,185062
AUSO,GSM_MOVI,2026-06,2026-06-11,10,3982,462,0.1160,3550,3974,12690,16995
AYS3,GSM_PERS,2026-06,2026-06-11,10,159,19,0.1195,157,159,1266,1356
AYS3,MOVI,2026-06,2026-06-11,10,3,3,1.0000,3,3,1580,2131
AYSA,GSM_MOVI,2026-06,2026-06-11,10,95,16,0.1684,92,95,13655,21597
AYSA,GSM_PERS,2026-06,2026-06-11,10,861,53,0.0616,713,859,16879,25757
AYSE,GSM_PERS,2026-06,2026-06-11,10,28,2,0.0714,23,28,7423,11162
AYSE,MOVI,2026-06,2026-06-11,10,73,24,0.3288,70,73,2124,2885
CVIA,GSM_PERS,2026-06,2026-06-11,10,59,4,0.0678,38,59,39,61
DRTV,GSM_MOVI,2026-06,2026-06-11,10,51,3,0.0588,43,51,4109,4994
DRTV,GSM_PERS,2026-06,2026-06-11,10,248,13,0.0524,181,248,4847,8847
DRTV,MOVI,2026-06,2026-06-11,10,165,8,0.0485,164,165,7823,9367
DRTW,GSM_MOVI,2026-06,2026-06-11,10,31,0,0.0000,25,31,872,1230
DRTW,GSM_PERS,2026-06,2026-06-11,10,265,11,0.0415,198,265,5285,8827
DRTW,MOVI,2026-06,2026-06-11,10,663,36,0.0543,644,653,8947,11355
DRTW,Sin proveedor,2026-06,2026-06-11,10,1,1,1.0000,1,1,12,14
FIME,GSM_MOVI,2026-06,2026-06-11,10,2849,127,0.0446,2774,2843,11522,12038
MEL0,GSM_MOVI,2026-06,2026-06-11,10,398,28,0.0704,364,398,58422,86190
MEL0,GSM_PERS,2026-06,2026-06-11,10,1992,109,0.0547,1805,1992,53014,84080
MEL0,MOVI,2026-06,2026-06-11,10,1572,82,0.0522,1524,1572,68363,105423
OEST,GSM_MOVI,2026-06,2026-06-11,10,142,26,0.1831,137,142,6150,8347
REVO,GSM_MOVI,2026-06,2026-06-11,10,1970,145,0.0736,1640,1970,103389,129997
REVO,GSM_PERS,2026-06,2026-06-11,10,2836,100,0.0353,2346,2835,127551,185062
AUSO,GSM_MOVI,2026-06,2026-06-11,11,2922,309,0.1057,2667,2917,12690,16995
AYS3,GSM_PERS,2026-06,2026-06-11,11,672,67,0.0997,642,672,1266,1356
AYS3,MOVI,2026-06,2026-06-11,11,3,3,1.0000,3,3,1580,2131
AYSA,GSM_MOVI,2026-06,2026-06-11,11,107,18,0.1682,106,107,13655,21597
AYSA,GSM_PERS,2026-06,2026-06-11,11,272,23,0.0846,232,272,16879,25757
AYSE,GSM_PERS,2026-06,2026-06-11,11,1103,109,0.0988,898,1102,7423,11162
AYSE,MOVI,2026-06,2026-06-11,11,97,13,0.1340,90,97,2124,2885
DRTV,GSM_MOVI,2026-06,2026-06-11,11,288,13,0.0451,264,288,4109,4994
DRTV,GSM_PERS,2026-06,2026-06-11,11,1624,80,0.0493,1159,1624,4847,8847
DRTW,GSM_MOVI,2026-06,2026-06-11,11,957,43,0.0449,711,957,872,1230
DRTW,GSM_PERS,2026-06,2026-06-11,11,94,6,0.0638,76,94,5285,8827
DRTW,MOVI,2026-06,2026-06-11,11,874,51,0.0584,858,874,8947,11355
FIME,GSM_MOVI,2026-06,2026-06-11,11,3734,185,0.0495,3625,3734,11522,12038
MEL0,GSM_MOVI,2026-06,2026-06-11,11,2091,103,0.0493,1825,2091,58422,86190
MEL0,GSM_PERS,2026-06,2026-06-11,11,2579,156,0.0605,2270,2533,53014,84080
MEL0,MOVI,2026-06,2026-06-11,11,3713,193,0.0520,3569,3713,68363,105423
REVO,GSM_PERS,2026-06,2026-06-11,11,76,2,0.0263,62,76,127551,185062
AUSO,GSM_MOVI,2026-06,2026-06-11,12,426,60,0.1408,414,426,12690,16995
AYS3,GSM_MOVI,2026-06,2026-06-11,12,37,3,0.0811,37,37,6141,9176
AYS3,GSM_PERS,2026-06,2026-06-11,12,106,10,0.0943,92,93,1266,1356
AYS3,MOVI,2026-06,2026-06-11,12,264,5,0.0189,255,264,1580,2131
AYSA,GSM_MOVI,2026-06,2026-06-11,12,1558,273,0.1752,1510,1552,13655,21597
AYSA,GSM_PERS,2026-06,2026-06-11,12,1442,176,0.1221,1355,1432,16879,25757
AYSA,MOVI,2026-06,2026-06-11,12,6,6,1.0000,6,6,14576,23395
AYSE,GSM_PERS,2026-06,2026-06-11,12,958,107,0.1117,798,958,7423,11162
AYSE,MOVI,2026-06,2026-06-11,12,58,13,0.2241,54,58,2124,2885
DRTV,GSM_MOVI,2026-06,2026-06-11,12,1275,89,0.0698,1153,1275,4109,4994
DRTV,GSM_PERS,2026-06,2026-06-11,12,1585,79,0.0498,1158,1585,4847,8847
DRTW,GSM_MOVI,2026-06,2026-06-11,12,70,5,0.0714,66,70,872,1230
DRTW,GSM_PERS,2026-06,2026-06-11,12,1635,86,0.0526,1334,1635,5285,8827
DRTW,MOVI,2026-06,2026-06-11,12,843,57,0.0676,827,843,8947,11355
FIME,GSM_MOVI,2026-06,2026-06-11,12,988,60,0.0607,965,988,11522,12038
MEL0,GSM_MOVI,2026-06,2026-06-11,12,5823,301,0.0517,4907,5821,58422,86190
MEL0,GSM_PERS,2026-06,2026-06-11,12,897,43,0.0479,777,897,53014,84080
MEL0,MOVI,2026-06,2026-06-11,12,3663,199,0.0543,3522,3660,68363,105423
REVO,Sin proveedor,2026-06,2026-06-11,12,1,1,1.0000,1,1,4,4
ADT1,GSM_MOVI,2026-06,2026-06-11,13,292,15,0.0514,155,282,339,709
AYS3,GSM_MOVI,2026-06,2026-06-11,13,275,25,0.0909,265,274,6141,9176
AYS3,GSM_PERS,2026-06,2026-06-11,13,169,17,0.1006,157,155,1266,1356
AYS3,MOVI,2026-06,2026-06-11,13,441,6,0.0136,420,441,1580,2131
AYSA,GSM_PERS,2026-06,2026-06-11,13,1492,183,0.1227,1387,1482,16879,25757
AYSA,MOVI,2026-06,2026-06-11,13,26,26,1.0000,26,25,14576,23395
AYSE,GSM_PERS,2026-06,2026-06-11,13,753,72,0.0956,626,753,7423,11162
AYSE,MOVI,2026-06,2026-06-11,13,19,2,0.1053,19,19,2124,2885
DRTV,GSM_MOVI,2026-06,2026-06-11,13,1424,88,0.0618,1241,1424,4109,4994
DRTV,GSM_PERS,2026-06,2026-06-11,13,1353,67,0.0495,1021,1353,4847,8847
DRTW,GSM_PERS,2026-06,2026-06-11,13,2034,108,0.0531,1592,2034,5285,8827
DRTW,MOVI,2026-06,2026-06-11,13,827,51,0.0617,805,827,8947,11355
DRTW,Sin proveedor,2026-06,2026-06-11,13,1,1,1.0000,1,1,12,14
FIME,GSM_MOVI,2026-06,2026-06-11,13,1762,100,0.0568,1711,1762,11522,12038
MEL0,GSM_MOVI,2026-06,2026-06-11,13,6780,241,0.0355,5462,6779,58422,86190
MEL0,GSM_PERS,2026-06,2026-06-11,13,872,59,0.0677,760,872,53014,84080
MEL0,MOVI,2026-06,2026-06-11,13,3806,179,0.0470,3700,3804,68363,105423
ADT1,GSM_MOVI,2026-06,2026-06-11,14,249,12,0.0482,139,248,339,709
AUSO,Sin proveedor,2026-06,2026-06-11,14,1,1,1.0000,1,1,3,3
AYS3,GSM_MOVI,2026-06,2026-06-11,14,254,28,0.1102,250,254,6141,9176
AYS3,GSM_PERS,2026-06,2026-06-11,14,8,2,0.2500,8,8,1266,1356
AYS3,MOVI,2026-06,2026-06-11,14,462,0,0.0000,428,458,1580,2131
AYSA,GSM_PERS,2026-06,2026-06-11,14,556,34,0.0612,423,553,16879,25757
AYSA,MOVI,2026-06,2026-06-11,14,17,17,1.0000,16,17,14576,23395
AYSE,GSM_PERS,2026-06,2026-06-11,14,973,116,0.1192,806,973,7423,11162
AYSE,MOVI,2026-06,2026-06-11,14,18,4,0.2222,18,18,1895,2534
DRTV,GSM_MOVI,2026-06,2026-06-11,14,1378,84,0.0610,1202,1378,4109,4994
DRTV,GSM_PERS,2026-06,2026-06-11,14,2119,101,0.0477,1501,2118,4847,8847
DRTW,GSM_PERS,2026-06,2026-06-11,14,1754,73,0.0416,1192,1754,5285,8827
DRTW,MOVI,2026-06,2026-06-11,14,723,40,0.0553,715,723,8947,11355
FIME,GSM_MOVI,2026-06,2026-06-11,14,1642,97,0.0591,1615,1641,11522,12038
MEL0,GSM_MOVI,2026-06,2026-06-11,14,6901,262,0.0380,5583,6900,58422,86190
MEL0,GSM_PERS,2026-06,2026-06-11,14,1193,78,0.0654,993,1193,53014,84080
MEL0,MOVI,2026-06,2026-06-11,14,4122,176,0.0427,3962,4118,68363,105423
ADT1,GSM_MOVI,2026-06,2026-06-11,15,18,0,0.0000,10,18,339,709
AYS3,GSM_MOVI,2026-06,2026-06-11,15,14,4,0.2857,14,14,6141,9176
AYS3,MOVI,2026-06,2026-06-11,15,237,0,0.0000,229,237,1580,2131
AYSA,GSM_PERS,2026-06,2026-06-11,15,2248,109,0.0485,1744,2239,14425,23147
AYSA,MOVI,2026-06,2026-06-11,15,238,18,0.0756,207,238,14576,23395
AYSE,GSM_PERS,2026-06,2026-06-11,15,631,81,0.1284,533,629,7423,11162
AYSE,MOVI,2026-06,2026-06-11,15,169,5,0.0296,136,169,2124,2885
DRTV,GSM_MOVI,2026-06,2026-06-11,15,60,4,0.0667,55,60,4109,4994
DRTV,GSM_PERS,2026-06,2026-06-11,15,1540,73,0.0474,1165,1540,4847,8847
DRTW,GSM_PERS,2026-06,2026-06-11,15,1190,48,0.0403,864,1190,3237,6164
DRTW,MOVI,2026-06,2026-06-11,15,531,27,0.0508,523,531,8947,11355
FIME,GSM_MOVI,2026-06,2026-06-11,15,1081,51,0.0472,1044,1080,11522,12038
MEL0,GSM_MOVI,2026-06,2026-06-11,15,4289,117,0.0273,3516,4289,58422,86190
MEL0,GSM_PERS,2026-06,2026-06-11,15,1815,121,0.0667,1567,1815,53014,84080
MEL0,MOVI,2026-06,2026-06-11,15,4823,217,0.0450,4632,4821,68363,105423
AYS3,GSM_MOVI,2026-06,2026-06-11,16,600,23,0.0383,466,565,6141,9176
AYS3,MOVI,2026-06,2026-06-11,16,110,0,0.0000,110,110,1580,2131
AYSA,GSM_MOVI,2026-06,2026-06-11,16,7331,839,0.1144,6038,7255,24640,36871
AYSA,GSM_PERS,2026-06,2026-06-11,16,2613,137,0.0524,2080,2598,14425,23147
AYSA,MOVI,2026-06,2026-06-11,16,237,7,0.0295,201,237,14576,23395
AYSE,GSM_MOVI,2026-06,2026-06-11,16,124,5,0.0403,91,124,4499,6841
AYSE,MOVI,2026-06,2026-06-11,16,93,2,0.0215,83,93,2124,2885
DRTW,MOVI,2026-06,2026-06-11,16,388,22,0.0567,384,388,8947,11355
MEL0,GSM_PERS,2026-06,2026-06-11,16,4666,284,0.0609,3962,4666,53014,84080
MEL0,MOVI,2026-06,2026-06-11,16,5077,182,0.0358,4870,5062,68363,105423
REVO,Sin proveedor,2026-06,2026-06-11,16,1,1,1.0000,1,1,4,4
AYS3,GSM_MOVI,2026-06,2026-06-11,17,1113,40,0.0359,895,1102,6141,9176
AYS3,MOVI,2026-06,2026-06-11,17,99,1,0.0101,97,99,1580,2131
AYSA,GSM_MOVI,2026-06,2026-06-11,17,7495,662,0.0883,5963,7426,24640,36871
AYSA,GSM_PERS,2026-06,2026-06-11,17,2593,113,0.0436,2068,2580,14425,23147
AYSA,MOVI,2026-06,2026-06-11,17,190,6,0.0316,169,190,14576,23395
AYSE,GSM_MOVI,2026-06,2026-06-11,17,1234,92,0.0746,913,1232,4499,6841
AYSE,MOVI,2026-06,2026-06-11,17,73,4,0.0548,64,73,2124,2885
DRTV,Sin proveedor,2026-06,2026-06-11,17,1,1,1.0000,1,1,4,4
DRTW,MOVI,2026-06,2026-06-11,17,339,23,0.0678,336,339,8947,11355
DRTW,Sin proveedor,2026-06,2026-06-11,17,1,1,1.0000,1,1,12,14
MEL0,GSM_PERS,2026-06,2026-06-11,17,4244,287,0.0676,3581,4244,53014,84080
MEL0,MOVI,2026-06,2026-06-11,17,5181,178,0.0344,4964,5173,68363,105423
AYS3,GSM_MOVI,2026-06,2026-06-11,18,1638,65,0.0397,1235,1633,6141,9176
AYS3,MOVI,2026-06,2026-06-11,18,52,0,0.0000,52,52,1580,2131
AYSA,GSM_MOVI,2026-06,2026-06-11,18,6022,458,0.0761,4519,6004,13655,21597
AYSA,GSM_PERS,2026-06,2026-06-11,18,2504,106,0.0423,2037,2481,14425,23147
AYSA,MOVI,2026-06,2026-06-11,18,115,4,0.0348,108,115,14576,23395
AYSE,GSM_MOVI,2026-06,2026-06-11,18,2032,120,0.0591,1432,2024,4499,6841
AYSE,MOVI,2026-06,2026-06-11,18,47,2,0.0426,46,47,2124,2885
DRTW,MOVI,2026-06,2026-06-11,18,678,32,0.0472,663,678,8947,11355
MEL0,GSM_PERS,2026-06,2026-06-11,18,4477,298,0.0666,3811,4475,53014,84080
MEL0,MOVI,2026-06,2026-06-11,18,4617,133,0.0288,4481,4614,68363,105423
AYS3,GSM_MOVI,2026-06,2026-06-11,19,2072,90,0.0434,1522,2023,6141,9176
AYSA,GSM_MOVI,2026-06,2026-06-11,19,685,47,0.0686,526,680,13655,21597
AYSA,GSM_PERS,2026-06,2026-06-11,19,2801,155,0.0553,2327,2780,14425,23147
AYSE,GSM_MOVI,2026-06,2026-06-11,19,2657,144,0.0542,1808,2644,4499,6841
DRTW,MOVI,2026-06,2026-06-11,19,599,36,0.0601,589,599,8947,11355
MEL0,GSM_PERS,2026-06,2026-06-11,19,4945,364,0.0736,4398,4945,53014,84080
MEL0,MOVI,2026-06,2026-06-11,19,4693,46,0.0098,4693,4692,68363,105423
AYSA,GSM_PERS,2026-06,2026-06-11,20,1187,59,0.0497,1040,1171,14425,23147
DRTW,MOVI,2026-06,2026-06-11,20,682,37,0.0543,667,682,8947,11355
MEL0,GSM_PERS,2026-06,2026-06-11,20,6901,449,0.0651,6004,6901,53014,84080
MEL0,MOVI,2026-06,2026-06-11,20,4721,46,0.0097,4721,4720,68363,105423
DRTW,MOVI,2026-06,2026-06-11,21,8,0,0.0000,8,8,8947,11355
MEL0,GSM_PERS,2026-06,2026-06-11,21,15,3,0.2000,15,15,53014,84080
MEL0,MOVI,2026-06,2026-06-11,21,4418,32,0.0072,4418,4418,68363,105423
AUSO,GSM_MOVI,2026-06,2026-06-12,8,1227,115,0.0937,790,1227,5511,10065
AYS3,GSM_MOVI,2026-06,2026-06-12,8,24,2,0.0833,15,24,6141,9176
AYS3,GSM_PERS,2026-06,2026-06-12,8,116,7,0.0603,92,101,1266,1356
AYSA,GSM_MOVI,2026-06,2026-06-12,8,837,130,0.1553,786,837,21631,33163
AYSA,GSM_PERS,2026-06,2026-06-12,8,437,44,0.1007,429,436,16879,25757
AYSE,GSM_MOVI,2026-06,2026-06-12,8,513,121,0.2359,464,512,9173,14007
AYSE,GSM_PERS,2026-06,2026-06-12,8,158,26,0.1646,156,158,7423,11162
MEL0,GSM_PERS,2026-06,2026-06-12,8,1512,76,0.0503,1376,1512,53014,84080
OEST,GSM_PERS,2026-06,2026-06-12,8,700,71,0.1014,551,700,5773,8506
REVO,GSM_MOVI,2026-06,2026-06-12,8,981,54,0.0550,739,981,38848,52097
REVO,GSM_PERS,2026-06,2026-06-12,8,277,6,0.0217,226,277,59265,88247
ADT0,GSM_MOVI,2026-06,2026-06-12,9,203,39,0.1921,102,203,1800,4738
AUSO,GSM_MOVI,2026-06,2026-06-12,9,2385,272,0.1140,1590,2380,5511,10065
AYS3,GSM_PERS,2026-06,2026-06-12,9,126,11,0.0873,107,99,1266,1356
AYS3,MOVI,2026-06,2026-06-12,9,50,4,0.0800,32,50,1580,2131
AYSA,GSM_MOVI,2026-06,2026-06-12,9,14,3,0.2143,14,13,13655,21597
AYSA,GSM_PERS,2026-06,2026-06-12,9,894,64,0.0716,770,888,16879,25757
AYSA,MOVI,2026-06,2026-06-12,9,336,30,0.0893,255,336,18073,27574
AYSC,MOVI,2026-06,2026-06-12,9,1274,62,0.0487,584,1255,586,1262
AYSE,GSM_PERS,2026-06,2026-06-12,9,606,96,0.1584,543,603,9214,14018
DRTV,GSM_PERS,2026-06,2026-06-12,9,464,13,0.0280,346,464,6598,10871
DRTW,GSM_MOVI,2026-06,2026-06-12,9,28,2,0.0714,25,28,872,1230
DRTW,GSM_PERS,2026-06,2026-06-12,9,510,15,0.0294,367,510,3237,6164
DRTW,MOVI,2026-06,2026-06-12,9,219,8,0.0365,216,219,8947,11355
MEL0,GSM_PERS,2026-06,2026-06-12,9,186,11,0.0591,169,186,53014,84080
OEST,GSM_MOVI,2026-06,2026-06-12,9,2993,275,0.0919,2295,2983,5478,7908
OEST,GSM_PERS,2026-06,2026-06-12,9,164,20,0.1220,137,164,5773,8506
REVO,GSM_MOVI,2026-06,2026-06-12,9,3388,199,0.0587,2574,3386,103389,129997
REVO,GSM_PERS,2026-06,2026-06-12,9,3666,116,0.0316,2778,3661,59265,88247
ADT0,GSM_MOVI,2026-06,2026-06-12,10,107,22,0.2056,63,107,1800,4738
AUSO,GSM_MOVI,2026-06,2026-06-12,10,1328,164,0.1235,999,1324,5511,10065
AUSO,Sin proveedor,2026-06,2026-06-12,10,1,1,1.0000,1,1,3,3
AYS3,GSM_MOVI,2026-06,2026-06-12,10,15,3,0.2000,11,15,6141,9176
AYS3,GSM_PERS,2026-06,2026-06-12,10,845,72,0.0852,803,844,1266,1356
AYSA,GSM_MOVI,2026-06,2026-06-12,10,225,67,0.2978,206,225,21631,33163
AYSA,GSM_PERS,2026-06,2026-06-12,10,1319,128,0.0970,1192,1313,16879,25757
AYSA,MOVI,2026-06,2026-06-12,10,73,15,0.2055,73,73,14576,23395
AYSE,GSM_PERS,2026-06,2026-06-12,10,349,33,0.0946,294,349,9214,14018
CVIA,GSM_PERS,2026-06,2026-06-12,10,59,4,0.0678,38,59,39,61
DRTV,GSM_PERS,2026-06,2026-06-12,10,327,12,0.0367,248,327,6598,10871
DRTW,GSM_MOVI,2026-06,2026-06-12,10,28,0,0.0000,24,28,872,1230
DRTW,GSM_PERS,2026-06,2026-06-12,10,345,7,0.0203,238,345,3237,6164
FIME,GSM_MOVI,2026-06,2026-06-12,10,2523,120,0.0476,2456,2522,11522,12038
MEL0,GSM_MOVI,2026-06,2026-06-12,10,165,11,0.0667,152,165,58422,86190
MEL0,GSM_PERS,2026-06,2026-06-12,10,297,23,0.0774,256,296,53014,84080
MEL0,MOVI,2026-06,2026-06-12,10,2786,294,0.1055,2512,2786,68363,105423
OEST,GSM_MOVI,2026-06,2026-06-12,10,3386,359,0.1060,2661,3368,5478,7908
OEST,GSM_PERS,2026-06,2026-06-12,10,221,16,0.0724,179,221,5773,8506
REVO,GSM_MOVI,2026-06,2026-06-12,10,1875,97,0.0517,1542,1875,103389,129997
REVO,GSM_PERS,2026-06,2026-06-12,10,2540,101,0.0398,1970,2540,59265,88247
ADT0,GSM_MOVI,2026-06,2026-06-12,11,103,31,0.3010,51,102,1800,4738
AUSO,GSM_MOVI,2026-06,2026-06-12,11,1455,189,0.1299,1082,1450,5511,10065
AYS3,GSM_PERS,2026-06,2026-06-12,11,148,16,0.1081,131,132,1266,1356
AYSA,GSM_MOVI,2026-06,2026-06-12,11,13,2,0.1538,13,13,13655,21597
AYSA,GSM_PERS,2026-06,2026-06-12,11,1051,121,0.1151,1007,1042,16879,25757
AYSA,MOVI,2026-06,2026-06-12,11,76,8,0.1053,75,76,14576,23395
AYSE,GSM_PERS,2026-06,2026-06-12,11,179,20,0.1117,150,179,9214,14018
AYSJ,GSM_MOVI,2026-06,2026-06-12,11,45,0,0.0000,41,45,899,1257
DRTV,GSM_PERS,2026-06,2026-06-12,11,283,9,0.0318,204,283,6598,10871
DRTW,GSM_PERS,2026-06,2026-06-12,11,101,6,0.0594,79,101,3237,6164
DRTW,Sin proveedor,2026-06,2026-06-12,11,1,1,1.0000,1,1,12,14
FIME,GSM_MOVI,2026-06,2026-06-12,11,5410,244,0.0451,5217,5403,11522,12038
MEL0,GSM_MOVI,2026-06,2026-06-12,11,1082,93,0.0860,952,1082,58422,86190
MEL0,GSM_PERS,2026-06,2026-06-12,11,2415,172,0.0712,1995,2407,53014,84080
MEL0,MOVI,2026-06,2026-06-12,11,1950,566,0.2903,1819,1950,68363,105423
OEST,GSM_MOVI,2026-06,2026-06-12,11,375,45,0.1200,336,375,5478,7908
OEST,GSM_PERS,2026-06,2026-06-12,11,275,33,0.1200,218,274,5773,8506
REVO,GSM_MOVI,2026-06,2026-06-12,11,1614,97,0.0601,1292,1613,103389,129997
REVO,GSM_PERS,2026-06,2026-06-12,11,1930,61,0.0316,1576,1928,59265,88247
ADT0,GSM_MOVI,2026-06,2026-06-12,12,54,13,0.2407,24,54,1800,4738
AUSO,GSM_MOVI,2026-06,2026-06-12,12,1844,247,0.1339,1352,1842,5511,10065
AUSO,Sin proveedor,2026-06,2026-06-12,12,3,3,1.0000,2,2,6,6
AYS3,GSM_PERS,2026-06,2026-06-12,12,103,15,0.1456,92,92,1266,1356
AYSA,GSM_MOVI,2026-06,2026-06-12,12,13,1,0.0769,13,13,13655,21597
AYSA,GSM_PERS,2026-06,2026-06-12,12,796,87,0.1093,746,793,16879,25757
AYSA,MOVI,2026-06,2026-06-12,12,116,19,0.1638,115,116,14576,23395
AYSE,GSM_PERS,2026-06,2026-06-12,12,419,44,0.1050,327,419,9214,14018
AYSJ,GSM_MOVI,2026-06,2026-06-12,12,80,5,0.0625,59,80,929,1295
DRTV,GSM_PERS,2026-06,2026-06-12,12,327,12,0.0367,263,327,6598,10871
DRTW,GSM_MOVI,2026-06,2026-06-12,12,41,0,0.0000,36,41,872,1230
DRTW,GSM_PERS,2026-06,2026-06-12,12,37,5,0.1351,28,37,3237,6164
FIME,GSM_MOVI,2026-06,2026-06-12,12,4123,214,0.0519,4000,4121,11522,12038
MEL0,GSM_MOVI,2026-06,2026-06-12,12,1031,89,0.0863,875,1031,58422,86190
MEL0,GSM_PERS,2026-06,2026-06-12,12,2983,200,0.0670,2549,2971,53014,84080
MEL0,MOVI,2026-06,2026-06-12,12,531,531,1.0000,527,531,68363,105423
OEST,GSM_PERS,2026-06,2026-06-12,12,388,50,0.1289,331,388,5773,8506
REVO,GSM_MOVI,2026-06,2026-06-12,12,2316,144,0.0622,1786,2316,103389,129997
REVO,GSM_PERS,2026-06,2026-06-12,12,1491,70,0.0469,1203,1490,59265,88247
ADT0,GSM_MOVI,2026-06,2026-06-12,13,478,81,0.1695,223,478,1800,4738
ADT1,GSM_MOVI,2026-06,2026-06-12,13,20,0,0.0000,13,20,339,709
AYS3,GSM_MOVI,2026-06,2026-06-12,13,186,29,0.1559,181,185,6141,9176
AYSA,GSM_MOVI,2026-06,2026-06-12,13,156,26,0.1667,153,155,13655,21597
AYSA,GSM_PERS,2026-06,2026-06-12,13,626,61,0.0974,577,625,16879,25757
AYSA,MOVI,2026-06,2026-06-12,13,122,18,0.1475,121,122,14576,23395
AYSE,GSM_PERS,2026-06,2026-06-12,13,994,100,0.1006,811,993,9214,14018
AYSJ,GSM_MOVI,2026-06,2026-06-12,13,272,14,0.0515,203,266,929,1295
DRTV,GSM_PERS,2026-06,2026-06-12,13,1100,56,0.0509,839,1100,6598,10871
DRTW,GSM_MOVI,2026-06,2026-06-12,13,153,9,0.0588,127,153,872,1230
DRTW,GSM_PERS,2026-06,2026-06-12,13,99,3,0.0303,83,99,3237,6164
DRTW,Sin proveedor,2026-06,2026-06-12,13,1,1,1.0000,1,1,6,6
MEL0,GSM_MOVI,2026-06,2026-06-12,13,2469,113,0.0458,2028,2469,58422,86190
MEL0,GSM_PERS,2026-06,2026-06-12,13,3862,252,0.0653,3362,3839,53014,84080
MEL0,MOVI,2026-06,2026-06-12,13,1449,105,0.0725,1319,1449,68363,105423
OEST,GSM_PERS,2026-06,2026-06-12,13,753,93,0.1235,654,753,5773,8506
OEST,Sin proveedor,2026-06,2026-06-12,13,2,2,1.0000,1,1,8,8
REVO,GSM_MOVI,2026-06,2026-06-12,13,2735,185,0.0676,2120,2734,38848,52097
ADT0,GSM_MOVI,2026-06,2026-06-12,14,784,164,0.2092,459,783,1800,4738
ADT1,GSM_MOVI,2026-06,2026-06-12,14,224,15,0.0670,129,221,339,709
AYS3,GSM_MOVI,2026-06,2026-06-12,14,414,48,0.1159,401,413,6141,9176
AYSA,GSM_MOVI,2026-06,2026-06-12,14,243,39,0.1605,239,243,13655,21597
AYSA,GSM_PERS,2026-06,2026-06-12,14,361,18,0.0499,301,354,16879,25757
AYSA,MOVI,2026-06,2026-06-12,14,10,3,0.3000,10,10,14576,23395
AYSE,GSM_PERS,2026-06,2026-06-12,14,1404,143,0.1019,1089,1402,9214,14018
AYSJ,GSM_MOVI,2026-06,2026-06-12,14,564,29,0.0514,403,515,929,1295
DRTV,GSM_PERS,2026-06,2026-06-12,14,1618,64,0.0396,1111,1618,6598,10871
DRTV,Sin proveedor,2026-06,2026-06-12,14,1,1,1.0000,1,1,8,8
DRTW,GSM_MOVI,2026-06,2026-06-12,14,190,15,0.0789,156,190,872,1230
DRTW,GSM_PERS,2026-06,2026-06-12,14,129,5,0.0388,92,129,3237,6164
MEL0,GSM_MOVI,2026-06,2026-06-12,14,5241,167,0.0319,4446,5241,58422,86190
MEL0,GSM_PERS,2026-06,2026-06-12,14,1636,101,0.0617,1422,1636,53014,84080
MEL0,MOVI,2026-06,2026-06-12,14,7791,394,0.0506,6845,7787,68363,105423
OEST,GSM_PERS,2026-06,2026-06-12,14,1288,132,0.1025,1022,1288,5773,8506
REVO,GSM_MOVI,2026-06,2026-06-12,14,2798,160,0.0572,2322,2798,38848,52097
ADT0,GSM_MOVI,2026-06,2026-06-12,15,1017,196,0.1927,607,1007,1800,4738
ADT1,GSM_MOVI,2026-06,2026-06-12,15,159,13,0.0818,102,157,339,709
AYSA,GSM_MOVI,2026-06,2026-06-12,15,638,100,0.1567,626,635,13655,21597
AYSA,GSM_PERS,2026-06,2026-06-12,15,334,9,0.0269,268,331,14425,23147
AYSA,MOVI,2026-06,2026-06-12,15,135,27,0.2000,135,135,14576,23395
AYSE,GSM_PERS,2026-06,2026-06-12,15,1079,113,0.1047,861,1076,9214,14018
AYSJ,GSM_MOVI,2026-06,2026-06-12,15,531,23,0.0433,397,472,929,1295
DRTV,GSM_PERS,2026-06,2026-06-12,15,1696,95,0.0560,1318,1696,6598,10871
DRTW,GSM_MOVI,2026-06,2026-06-12,15,369,9,0.0244,299,369,872,1230
DRTW,GSM_PERS,2026-06,2026-06-12,15,1050,42,0.0400,766,1048,3237,6164
MEL0,GSM_MOVI,2026-06,2026-06-12,15,4752,149,0.0314,4092,4752,58422,86190
MEL0,GSM_PERS,2026-06,2026-06-12,15,873,59,0.0676,738,873,53014,84080
MEL0,MOVI,2026-06,2026-06-12,15,5265,242,0.0460,4720,5265,68363,105423
OEST,GSM_PERS,2026-06,2026-06-12,15,875,78,0.0891,715,872,5773,8506
REVO,GSM_MOVI,2026-06,2026-06-12,15,2314,128,0.0553,1948,2312,38848,52097
ADT0,GSM_MOVI,2026-06,2026-06-12,16,499,96,0.1924,308,495,1800,4738
ADT1,GSM_MOVI,2026-06,2026-06-12,16,154,8,0.0519,96,149,339,709
AYSA,GSM_MOVI,2026-06,2026-06-12,16,460,17,0.0370,323,459,21631,33163
AYSA,GSM_PERS,2026-06,2026-06-12,16,181,8,0.0442,160,181,14425,23147
AYSA,MOVI,2026-06,2026-06-12,16,164,35,0.2134,164,164,14576,23395
AYSE,GSM_MOVI,2026-06,2026-06-12,16,624,40,0.0641,416,624,8405,12968
AYSE,GSM_PERS,2026-06,2026-06-12,16,664,57,0.0858,564,664,9214,14018
AYSJ,GSM_MOVI,2026-06,2026-06-12,16,272,14,0.0515,222,264,929,1295
DRTV,GSM_PERS,2026-06,2026-06-12,16,1195,64,0.0536,1055,1195,6598,10871
DRTW,GSM_MOVI,2026-06,2026-06-12,16,257,9,0.0350,217,257,872,1230
DRTW,GSM_PERS,2026-06,2026-06-12,16,1315,46,0.0350,985,1315,3237,6164
MEL0,GSM_MOVI,2026-06,2026-06-12,16,5291,168,0.0318,4480,5291,58422,86190
MEL0,GSM_PERS,2026-06,2026-06-12,16,686,36,0.0525,625,686,53014,84080
MEL0,MOVI,2026-06,2026-06-12,16,275,13,0.0473,272,275,68363,105423
OEST,GSM_PERS,2026-06,2026-06-12,16,725,78,0.1076,621,724,5773,8506
REVO,GSM_MOVI,2026-06,2026-06-12,16,2676,145,0.0542,2196,2675,38848,52097
ADT0,GSM_MOVI,2026-06,2026-06-12,17,3698,555,0.1501,1475,3445,15637,43251
AYSA,GSM_MOVI,2026-06,2026-06-12,17,869,32,0.0368,643,866,21631,33163
AYSA,GSM_PERS,2026-06,2026-06-12,17,198,14,0.0707,170,195,14425,23147
AYSA,MOVI,2026-06,2026-06-12,17,386,74,0.1917,379,385,14576,23395
AYSE,GSM_MOVI,2026-06,2026-06-12,17,455,31,0.0681,338,455,8405,12968
AYSE,GSM_PERS,2026-06,2026-06-12,17,841,77,0.0916,762,841,9214,14018
AYSJ,GSM_MOVI,2026-06,2026-06-12,17,360,21,0.0583,293,339,929,1295
DRTV,GSM_PERS,2026-06,2026-06-12,17,1254,83,0.0662,1072,1254,6598,10871
DRTW,GSM_PERS,2026-06,2026-06-12,17,987,37,0.0375,782,987,3237,6164
MEL0,GSM_MOVI,2026-06,2026-06-12,17,1535,54,0.0352,1332,1535,58422,86190
MEL0,GSM_PERS,2026-06,2026-06-12,17,653,56,0.0858,607,653,53014,84080
OEST,GSM_PERS,2026-06,2026-06-12,17,807,85,0.1053,706,807,5773,8506
REVO,GSM_MOVI,2026-06,2026-06-12,17,2558,156,0.0610,2148,2558,38848,52097
REVO,MOVI,2026-06,2026-06-12,17,2468,222,0.0900,2223,2468,53156,69280
ADT0,GSM_MOVI,2026-06,2026-06-12,18,3435,566,0.1648,1838,3261,15637,43251
AYSA,GSM_MOVI,2026-06,2026-06-12,18,634,18,0.0284,489,634,21631,33163
AYSA,GSM_PERS,2026-06,2026-06-12,18,274,20,0.0730,241,274,14425,23147
AYSA,MOVI,2026-06,2026-06-12,18,636,95,0.1494,622,633,14576,23395
AYSE,GSM_MOVI,2026-06,2026-06-12,18,423,31,0.0733,339,423,8405,12968
AYSE,GSM_PERS,2026-06,2026-06-12,18,1251,123,0.0983,1053,1251,9214,14018
AYSJ,GSM_MOVI,2026-06,2026-06-12,18,482,19,0.0394,353,445,929,1295
DRTV,GSM_PERS,2026-06,2026-06-12,18,1881,83,0.0441,1412,1881,4847,8847
DRTW,GSM_PERS,2026-06,2026-06-12,18,605,28,0.0463,525,605,3237,6164
MEL0,GSM_MOVI,2026-06,2026-06-12,18,119,13,0.1092,111,119,58422,86190
MEL0,GSM_PERS,2026-06,2026-06-12,18,1024,59,0.0576,906,1024,53014,84080
OEST,GSM_PERS,2026-06,2026-06-12,18,1397,150,0.1074,1182,1397,5773,8506
REVO,GSM_MOVI,2026-06,2026-06-12,18,1632,86,0.0527,1365,1632,38848,52097
REVO,MOVI,2026-06,2026-06-12,18,7001,725,0.1036,6052,6999,53156,69280
ADT0,GSM_MOVI,2026-06,2026-06-12,19,5276,961,0.1821,2658,4999,15637,43251
AYSA,GSM_MOVI,2026-06,2026-06-12,19,1530,72,0.0471,1144,1526,21631,33163
AYSA,GSM_PERS,2026-06,2026-06-12,19,2715,129,0.0475,2141,2692,14425,23147
AYSA,MOVI,2026-06,2026-06-12,19,401,64,0.1596,399,399,14576,23395
AYSE,GSM_MOVI,2026-06,2026-06-12,19,2341,141,0.0602,1734,2335,8405,12968
DRTV,GSM_PERS,2026-06,2026-06-12,19,227,16,0.0705,203,227,4847,8847
MEL0,GSM_PERS,2026-06,2026-06-12,19,3422,224,0.0655,2851,3422,53014,84080
OEST,GSM_PERS,2026-06,2026-06-12,19,206,27,0.1311,194,206,5773,8506
REVO,MOVI,2026-06,2026-06-12,19,6501,680,0.1046,5704,6501,53156,69280
ADT0,GSM_MOVI,2026-06,2026-06-12,20,5127,869,0.1695,2424,4783,15637,43251
AYSA,GSM_MOVI,2026-06,2026-06-12,20,1708,53,0.0310,1290,1706,21631,33163
AYSA,GSM_PERS,2026-06,2026-06-12,20,2425,151,0.0623,2002,2406,14425,23147
AYSE,GSM_MOVI,2026-06,2026-06-12,20,2699,175,0.0648,1988,2693,8405,12968
MEL0,GSM_PERS,2026-06,2026-06-12,20,4269,312,0.0731,3669,4269,53014,84080
REVO,MOVI,2026-06,2026-06-12,20,3963,377,0.0951,3592,3962,53156,69280
ADT0,GSM_MOVI,2026-06,2026-06-12,21,1,0,0.0000,1,1,13837,38513
AYSA,GSM_MOVI,2026-06,2026-06-12,21,3,0,0.0000,3,3,13655,21597
AYSA,GSM_PERS,2026-06,2026-06-12,21,10,0,0.0000,10,9,14425,23147
AYSE,GSM_MOVI,2026-06,2026-06-12,21,4,0,0.0000,3,4,4779,7409
MEL0,GSM_PERS,2026-06,2026-06-12,21,9,0,0.0000,8,9,53014,84080
ADT0,GSM_MOVI,2026-06,2026-06-13,8,1992,237,0.1190,1084,1867,13837,38513
AUSO,GSM_PERS,2026-06,2026-06-13,8,586,52,0.0887,525,585,3377,4262
AYSA,GSM_MOVI,2026-06,2026-06-13,8,122,3,0.0246,90,121,21631,33163
AYSA,GSM_PERS,2026-06,2026-06-13,8,884,25,0.0283,760,878,14425,23147
AYSE,GSM_MOVI,2026-06,2026-06-13,8,1604,148,0.0923,1317,1598,9173,14007
MEL0,GSM_PERS,2026-06,2026-06-13,8,442,21,0.0475,391,442,53014,84080
REVO,GSM_MOVI,2026-06,2026-06-13,8,392,30,0.0765,361,392,103389,129997
REVO,GSM_PERS,2026-06,2026-06-13,8,1017,24,0.0236,827,1017,127551,185062
ADT0,GSM_MOVI,2026-06,2026-06-13,9,2639,312,0.1182,1394,2486,13837,38513
AUSO,GSM_MOVI,2026-06,2026-06-13,9,1597,171,0.1071,1429,1594,12851,18118
AUSO,GSM_PERS,2026-06,2026-06-13,9,799,78,0.0976,709,774,3377,4262
AYSA,GSM_MOVI,2026-06,2026-06-13,9,86,2,0.0233,72,86,21631,33163
AYSA,GSM_PERS,2026-06,2026-06-13,9,1731,86,0.0497,1502,1721,14425,23147
AYSE,GSM_MOVI,2026-06,2026-06-13,9,856,55,0.0643,702,856,9173,14007
DRTV,GSM_PERS,2026-06,2026-06-13,9,207,19,0.0918,183,207,6598,10871
DRTW,GSM_PERS,2026-06,2026-06-13,9,784,21,0.0268,612,784,5285,8827
MEL0,GSM_PERS,2026-06,2026-06-13,9,287,11,0.0383,265,287,53014,84080
OEST,GSM_MOVI,2026-06,2026-06-13,9,2494,310,0.1243,2212,2492,13206,17531
REVO,GSM_MOVI,2026-06,2026-06-13,9,1088,58,0.0533,922,1088,103389,129997
REVO,GSM_PERS,2026-06,2026-06-13,9,2339,95,0.0406,1938,2339,127551,185062
REVO,MOVI,2026-06,2026-06-13,9,8186,459,0.0561,7080,8185,53156,69280
ADT0,GSM_MOVI,2026-06,2026-06-13,10,2111,304,0.1440,1186,2012,15637,43251
AUSO,GSM_MOVI,2026-06,2026-06-13,10,1790,218,0.1218,1610,1787,12617,17495
AUSO,GSM_PERS,2026-06,2026-06-13,10,740,85,0.1149,635,700,3377,4262
AYSA,GSM_MOVI,2026-06,2026-06-13,10,74,0,0.0000,61,74,21631,33163
AYSA,GSM_PERS,2026-06,2026-06-13,10,1184,70,0.0591,1054,1183,14425,23147
AYSE,GSM_MOVI,2026-06,2026-06-13,10,755,41,0.0543,626,754,8405,12968
DRTV,GSM_PERS,2026-06,2026-06-13,10,314,14,0.0446,283,314,6598,10871
DRTW,GSM_PERS,2026-06,2026-06-13,10,892,28,0.0314,693,892,5285,8827
FIME,GSM_MOVI,2026-06,2026-06-13,10,856,30,0.0350,837,856,11522,12038
MEL0,GSM_MOVI,2026-06,2026-06-13,10,130,9,0.0692,117,130,58422,86190
MEL0,GSM_PERS,2026-06,2026-06-13,10,365,18,0.0493,310,363,53014,84080
MEL0,MOVI,2026-06,2026-06-13,10,3660,211,0.0577,3357,3660,68363,105423
OEST,GSM_MOVI,2026-06,2026-06-13,10,2043,308,0.1508,1820,2043,13206,17531
REVO,GSM_MOVI,2026-06,2026-06-13,10,1191,72,0.0605,1007,1190,103389,129997
REVO,GSM_PERS,2026-06,2026-06-13,10,2693,120,0.0446,2110,2693,127551,185062
REVO,MOVI,2026-06,2026-06-13,10,5043,305,0.0605,4541,5042,53156,69280
ADT0,GSM_MOVI,2026-06,2026-06-13,11,1720,246,0.1430,962,1620,15637,43251
AUSO,GSM_MOVI,2026-06,2026-06-13,11,1775,231,0.1301,1624,1775,12617,17495
AUSO,GSM_PERS,2026-06,2026-06-13,11,716,93,0.1299,634,693,3377,4262
AYSA,GSM_MOVI,2026-06,2026-06-13,11,53,0,0.0000,45,53,21631,33163
AYSE,GSM_MOVI,2026-06,2026-06-13,11,668,41,0.0614,570,667,8405,12968
DRTV,GSM_PERS,2026-06,2026-06-13,11,163,5,0.0307,125,163,6598,10871
DRTW,GSM_MOVI,2026-06,2026-06-13,11,30,1,0.0333,23,30,872,1230
DRTW,GSM_PERS,2026-06,2026-06-13,11,137,8,0.0584,113,137,5285,8827
FIME,GSM_MOVI,2026-06,2026-06-13,11,1353,61,0.0451,1308,1352,11522,12038
MEL0,GSM_MOVI,2026-06,2026-06-13,11,277,14,0.0505,243,277,58422,86190
MEL0,GSM_PERS,2026-06,2026-06-13,11,2753,201,0.0730,2359,2748,53014,84080
MEL0,MOVI,2026-06,2026-06-13,11,7925,263,0.0332,7407,7913,68363,105423
OEST,GSM_MOVI,2026-06,2026-06-13,11,2035,295,0.1450,1835,2035,13206,17531
REVO,GSM_MOVI,2026-06,2026-06-13,11,1066,66,0.0619,908,1066,103389,129997
REVO,GSM_PERS,2026-06,2026-06-13,11,2374,124,0.0522,1971,2374,127551,185062
REVO,MOVI,2026-06,2026-06-13,11,1231,88,0.0715,1147,1231,53156,69280
ADT0,GSM_MOVI,2026-06,2026-06-13,12,1780,262,0.1472,990,1680,15637,43251
AUSO,GSM_MOVI,2026-06,2026-06-13,12,2014,291,0.1445,1833,2009,13025,18331
AUSO,GSM_PERS,2026-06,2026-06-13,12,683,85,0.1245,612,652,3377,4262
AYSA,GSM_MOVI,2026-06,2026-06-13,12,43,0,0.0000,31,42,21631,33163
AYSE,GSM_MOVI,2026-06,2026-06-13,12,713,43,0.0603,621,712,8405,12968
DRTV,GSM_PERS,2026-06,2026-06-13,12,131,13,0.0992,107,131,6598,10871
DRTW,GSM_PERS,2026-06,2026-06-13,12,201,9,0.0448,166,201,5285,8827
FIME,GSM_MOVI,2026-06,2026-06-13,12,1666,84,0.0504,1628,1666,11522,12038
MEL0,GSM_MOVI,2026-06,2026-06-13,12,211,15,0.0711,184,211,58422,86190
MEL0,GSM_PERS,2026-06,2026-06-13,12,2761,197,0.0714,2363,2758,53014,84080
MEL0,MOVI,2026-06,2026-06-13,12,7731,231,0.0299,7208,7715,68363,105423
OEST,GSM_MOVI,2026-06,2026-06-13,12,1515,246,0.1624,1385,1514,13206,17531
REVO,GSM_MOVI,2026-06,2026-06-13,12,1171,78,0.0666,968,1171,103389,129997
REVO,GSM_PERS,2026-06,2026-06-13,12,2432,101,0.0415,2017,2432,127551,185062
REVO,MOVI,2026-06,2026-06-13,12,1345,87,0.0647,1251,1345,53156,69280
ADT0,GSM_MOVI,2026-06,2026-06-13,13,1994,316,0.1585,1186,1897,15637,43251
ADT1,GSM_MOVI,2026-06,2026-06-13,13,10,0,0.0000,8,10,339,709
AUSO,GSM_MOVI,2026-06,2026-06-13,13,1718,269,0.1566,1548,1718,13025,18331
AUSO,GSM_PERS,2026-06,2026-06-13,13,821,121,0.1474,706,775,3377,4262
AYSA,GSM_MOVI,2026-06,2026-06-13,13,79,3,0.0380,59,79,21631,33163
AYSE,GSM_MOVI,2026-06,2026-06-13,13,689,37,0.0537,577,687,8405,12968
DRTV,GSM_PERS,2026-06,2026-06-13,13,189,16,0.0847,155,189,6598,10871
DRTW,GSM_MOVI,2026-06,2026-06-13,13,25,0,0.0000,16,25,872,1230
DRTW,GSM_PERS,2026-06,2026-06-13,13,189,8,0.0423,145,189,5285,8827
FIME,GSM_MOVI,2026-06,2026-06-13,13,1753,104,0.0593,1710,1753,11522,12038
MEL0,GSM_MOVI,2026-06,2026-06-13,13,275,21,0.0764,238,275,58422,86190
MEL0,GSM_PERS,2026-06,2026-06-13,13,2195,176,0.0802,1952,2192,53014,84080
MEL0,MOVI,2026-06,2026-06-13,13,7751,224,0.0289,7225,7740,68363,105423
OEST,GSM_MOVI,2026-06,2026-06-13,13,1413,171,0.1210,1311,1411,10336,13812
REVO,GSM_MOVI,2026-06,2026-06-13,13,1164,81,0.0696,999,1164,103389,129997
REVO,GSM_PERS,2026-06,2026-06-13,13,2786,112,0.0402,2232,2784,127551,185062
REVO,MOVI,2026-06,2026-06-13,13,1402,104,0.0742,1304,1400,53156,69280
ADT0,GSM_MOVI,2026-06,2026-06-13,14,3018,436,0.1445,1708,2869,15637,43251
AUSO,GSM_MOVI,2026-06,2026-06-13,14,20,1,0.0500,19,20,3697,5300
AUSO,GSM_PERS,2026-06,2026-06-13,14,889,97,0.1091,758,835,3377,4262
AYSA,GSM_MOVI,2026-06,2026-06-13,14,109,0,0.0000,91,109,21631,33163
DRTV,GSM_PERS,2026-06,2026-06-13,14,204,12,0.0588,150,204,6598,10871
DRTW,GSM_MOVI,2026-06,2026-06-13,14,11,0,0.0000,10,11,872,1230
DRTW,GSM_PERS,2026-06,2026-06-13,14,230,11,0.0478,180,230,5285,8827
FIME,GSM_MOVI,2026-06,2026-06-13,14,2431,133,0.0547,2350,2429,11522,12038
MEL0,GSM_MOVI,2026-06,2026-06-13,14,552,42,0.0761,476,552,58422,86190
MEL0,GSM_PERS,2026-06,2026-06-13,14,1579,117,0.0741,1371,1565,53014,84080
MEL0,MOVI,2026-06,2026-06-13,14,7711,236,0.0306,7192,7696,68363,105423
OEST,GSM_MOVI,2026-06,2026-06-13,14,1590,231,0.1453,1459,1589,10336,13812
REVO,GSM_MOVI,2026-06,2026-06-13,14,1429,104,0.0728,1200,1429,103389,129997
REVO,GSM_PERS,2026-06,2026-06-13,14,3240,158,0.0488,2575,3240,127551,185062
REVO,MOVI,2026-06,2026-06-13,14,1371,82,0.0598,1284,1371,53156,69280
ADT0,GSM_MOVI,2026-06,2026-06-13,15,2776,407,0.1466,1694,2653,15637,43251
ADT1,GSM_MOVI,2026-06,2026-06-13,15,538,29,0.0539,257,516,339,709
AUSO,GSM_MOVI,2026-06,2026-06-13,15,69,12,0.1739,59,69,3697,5300
AUSO,GSM_PERS,2026-06,2026-06-13,15,851,114,0.1340,738,805,3377,4262
AYSA,GSM_MOVI,2026-06,2026-06-13,15,96,2,0.0208,73,96,21631,33163
CVIA,GSM_PERS,2026-06,2026-06-13,15,59,3,0.0508,38,59,39,61
DRTV,GSM_PERS,2026-06,2026-06-13,15,978,81,0.0828,854,978,6598,10871
DRTW,GSM_MOVI,2026-06,2026-06-13,15,20,1,0.0500,15,20,872,1230
DRTW,GSM_PERS,2026-06,2026-06-13,15,104,7,0.0673,85,104,5285,8827
FIME,GSM_MOVI,2026-06,2026-06-13,15,2089,118,0.0565,2038,2087,11522,12038
MEL0,GSM_MOVI,2026-06,2026-06-13,15,692,58,0.0838,615,692,58422,86190
MEL0,GSM_PERS,2026-06,2026-06-13,15,1396,85,0.0609,1221,1389,53014,84080
MEL0,MOVI,2026-06,2026-06-13,15,7305,211,0.0289,6842,7297,68363,105423
OEST,GSM_MOVI,2026-06,2026-06-13,15,1466,204,0.1392,1374,1465,10336,13812
REVO,GSM_MOVI,2026-06,2026-06-13,15,1452,104,0.0716,1240,1452,103389,129997
REVO,GSM_PERS,2026-06,2026-06-13,15,2766,142,0.0513,2216,2766,127551,185062
REVO,MOVI,2026-06,2026-06-13,15,1347,89,0.0661,1285,1346,53156,69280
ADT0,GSM_MOVI,2026-06,2026-06-13,16,2545,360,0.1415,1467,2396,15637,43251
AUSO,GSM_MOVI,2026-06,2026-06-13,16,15,3,0.2000,15,15,3697,5300
AUSO,GSM_PERS,2026-06,2026-06-13,16,1278,149,0.1166,1093,1186,3377,4262
AYSA,GSM_MOVI,2026-06,2026-06-13,16,66,3,0.0455,51,66,21631,33163
DRTV,GSM_PERS,2026-06,2026-06-13,16,561,27,0.0481,497,561,6598,10871
DRTW,GSM_MOVI,2026-06,2026-06-13,16,426,13,0.0305,332,426,872,1230
DRTW,GSM_PERS,2026-06,2026-06-13,16,427,15,0.0351,359,427,5285,8827
FIME,GSM_MOVI,2026-06,2026-06-13,16,1908,91,0.0477,1861,1908,11522,12038
MEL0,GSM_MOVI,2026-06,2026-06-13,16,474,35,0.0738,402,474,58422,86190
MEL0,GSM_PERS,2026-06,2026-06-13,16,1397,89,0.0637,1191,1388,53014,84080
OEST,GSM_MOVI,2026-06,2026-06-13,16,1376,163,0.1185,1271,1373,10336,13812
REVO,GSM_MOVI,2026-06,2026-06-13,16,1784,129,0.0723,1476,1784,103389,129997
REVO,GSM_PERS,2026-06,2026-06-13,16,2849,115,0.0404,2343,2849,127551,185062
ADT0,GSM_MOVI,2026-06,2026-06-13,17,1932,271,0.1403,988,1887,15637,43251
AUSO,GSM_MOVI,2026-06,2026-06-13,17,193,31,0.1606,167,192,3697,5300
AUSO,GSM_PERS,2026-06,2026-06-13,17,819,91,0.1111,724,768,3377,4262
AYSA,GSM_MOVI,2026-06,2026-06-13,17,479,12,0.0251,379,479,21631,33163
DRTV,GSM_PERS,2026-06,2026-06-13,17,136,10,0.0735,107,136,4847,8847
DRTW,GSM_MOVI,2026-06,2026-06-13,17,538,18,0.0335,396,538,872,1230
DRTW,GSM_PERS,2026-06,2026-06-13,17,1798,79,0.0439,1417,1798,5285,8827
MEL0,GSM_MOVI,2026-06,2026-06-13,17,1190,111,0.0933,1003,1190,58422,86190
MEL0,GSM_PERS,2026-06,2026-06-13,17,1480,116,0.0784,1345,1477,53014,84080
REVO,GSM_MOVI,2026-06,2026-06-13,17,2563,197,0.0769,2108,2563,103389,129997
REVO,GSM_PERS,2026-06,2026-06-13,17,2454,103,0.0420,2103,2453,127551,185062
ADT0,GSM_MOVI,2026-06,2026-06-13,18,1710,235,0.1374,997,1685,15637,43251
AUSO,GSM_MOVI,2026-06,2026-06-13,18,2218,435,0.1961,1933,2207,3697,5300
AYSA,GSM_MOVI,2026-06,2026-06-13,18,3150,128,0.0406,2401,3142,21631,33163
DRTV,GSM_PERS,2026-06,2026-06-13,18,95,3,0.0316,72,95,4847,8847
DRTW,GSM_PERS,2026-06,2026-06-13,18,2342,144,0.0615,1862,2342,5285,8827
MEL0,GSM_MOVI,2026-06,2026-06-13,18,1084,108,0.0996,970,1084,58422,86190
MEL0,GSM_PERS,2026-06,2026-06-13,18,1355,99,0.0731,1196,1347,53014,84080
REVO,GSM_MOVI,2026-06,2026-06-13,18,1087,73,0.0672,963,1087,103389,129997
REVO,GSM_PERS,2026-06,2026-06-13,18,2457,111,0.0452,2026,2457,127551,185062
ADT0,GSM_MOVI,2026-06,2026-06-13,19,1593,251,0.1576,953,1558,15637,43251
AUSO,GSM_MOVI,2026-06,2026-06-13,19,852,169,0.1984,785,850,3697,5300
AYSA,GSM_MOVI,2026-06,2026-06-13,19,4739,179,0.0378,3526,4730,21631,33163
DRTV,GSM_PERS,2026-06,2026-06-13,19,146,9,0.0616,93,146,4847,8847
DRTW,GSM_PERS,2026-06,2026-06-13,19,292,19,0.0651,276,292,5285,8827
MEL0,GSM_MOVI,2026-06,2026-06-13,19,724,69,0.0953,651,724,58422,86190
MEL0,GSM_PERS,2026-06,2026-06-13,19,1939,181,0.0933,1618,1906,53014,84080
REVO,GSM_MOVI,2026-06,2026-06-13,19,1584,117,0.0739,1339,1584,103389,129997
REVO,GSM_PERS,2026-06,2026-06-13,19,3848,194,0.0504,2920,3848,127551,185062
ADT0,GSM_MOVI,2026-06,2026-06-13,20,1020,132,0.1294,490,966,15637,43251
AYSA,GSM_MOVI,2026-06,2026-06-13,20,724,26,0.0359,600,724,21631,33163
DRTV,GSM_PERS,2026-06,2026-06-13,20,169,11,0.0651,135,169,4847,8847
MEL0,GSM_MOVI,2026-06,2026-06-13,20,403,19,0.0471,302,403,58422,86190
MEL0,GSM_PERS,2026-06,2026-06-13,20,2255,168,0.0745,1948,2234,53014,84080
REVO,GSM_MOVI,2026-06,2026-06-13,20,3421,234,0.0684,2751,3420,103389,129997
REVO,GSM_PERS,2026-06,2026-06-13,20,4519,208,0.0460,3582,4519,127551,185062
MEL0,GSM_PERS,2026-06,2026-06-13,21,3,0,0.0000,3,3,53014,84080
REVO,GSM_MOVI,2026-06,2026-06-13,21,1,0,0.0000,1,1,38848,52097
REVO,GSM_PERS,2026-06,2026-06-13,21,1,0,0.0000,1,1,59265,88247
ADT0,GSM_MOVI,2026-06,2026-06-14,8,371,28,0.0755,134,345,13837,38513
AUSO,GSM_MOVI,2026-06,2026-06-14,8,894,53,0.0593,562,894,5511,10065
DRTV,GSM_PERS,2026-06,2026-06-14,8,77,4,0.0519,49,77,4847,8847
MEL0,GSM_MOVI,2026-06,2026-06-14,8,75,2,0.0267,62,75,58422,86190
MEL0,GSM_PERS,2026-06,2026-06-14,8,977,47,0.0481,874,970,53014,84080
OEST,GSM_PERS,2026-06,2026-06-14,8,17,0,0.0000,13,17,5773,8506
REVO,GSM_MOVI,2026-06,2026-06-14,8,1506,57,0.0378,1216,1506,103389,129997
REVO,GSM_PERS,2026-06,2026-06-14,8,2008,31,0.0154,1622,2008,127551,185062
ADT0,GSM_MOVI,2026-06,2026-06-14,9,859,73,0.0850,323,778,13837,38513
AUSO,GSM_MOVI,2026-06,2026-06-14,9,2094,147,0.0702,1428,2091,5511,10065
DRTW,GSM_PERS,2026-06,2026-06-14,9,234,5,0.0214,150,234,3237,6164
MEL0,GSM_MOVI,2026-06,2026-06-14,9,153,3,0.0196,118,153,58422,86190
MEL0,GSM_PERS,2026-06,2026-06-14,9,1615,78,0.0483,1383,1610,53014,84080
OEST,GSM_MOVI,2026-06,2026-06-14,9,2794,181,0.0648,2154,2782,5478,7908
OEST,GSM_PERS,2026-06,2026-06-14,9,44,3,0.0682,34,44,5773,8506
REVO,GSM_MOVI,2026-06,2026-06-14,9,2170,106,0.0488,1817,2161,103389,129997
REVO,GSM_PERS,2026-06,2026-06-14,9,4364,132,0.0302,3319,4346,127551,185062
REVO,MOVI,2026-06,2026-06-14,9,8158,435,0.0533,6964,8153,53156,69280
ADT0,GSM_MOVI,2026-06,2026-06-14,10,555,46,0.0829,224,509,13837,38513
AUSO,GSM_MOVI,2026-06,2026-06-14,10,1507,127,0.0843,1061,1502,5511,10065
DRTV,GSM_PERS,2026-06,2026-06-14,10,125,9,0.0720,84,125,4847,8847
DRTW,GSM_PERS,2026-06,2026-06-14,10,229,9,0.0393,172,229,3237,6164
MEL0,GSM_MOVI,2026-06,2026-06-14,10,1270,90,0.0709,1138,1270,58422,86190
MEL0,GSM_PERS,2026-06,2026-06-14,10,1461,84,0.0575,1267,1455,53014,84080
MEL0,MOVI,2026-06,2026-06-14,10,3588,160,0.0446,3337,3588,68363,105423
OEST,GSM_MOVI,2026-06,2026-06-14,10,3756,260,0.0692,2880,3742,5478,7908
OEST,GSM_PERS,2026-06,2026-06-14,10,115,4,0.0348,93,115,5773,8506
REVO,GSM_MOVI,2026-06,2026-06-14,10,1552,99,0.0638,1316,1552,103389,129997
REVO,GSM_PERS,2026-06,2026-06-14,10,3929,137,0.0349,2986,3918,127551,185062
REVO,MOVI,2026-06,2026-06-14,10,4956,299,0.0603,4395,4953,52792,68910
ADT0,GSM_MOVI,2026-06,2026-06-14,11,953,95,0.0997,354,876,15637,43251
AUSO,GSM_MOVI,2026-06,2026-06-14,11,2491,224,0.0899,1685,2487,5511,10065
CVIA,GSM_PERS,2026-06,2026-06-14,11,59,3,0.0508,38,59,39,61
DRTV,GSM_PERS,2026-06,2026-06-14,11,36,1,0.0278,31,36,4847,8847
DRTW,GSM_PERS,2026-06,2026-06-14,11,141,4,0.0284,111,141,3237,6164
MEL0,GSM_MOVI,2026-06,2026-06-14,11,585,27,0.0462,488,585,58422,86190
MEL0,GSM_PERS,2026-06,2026-06-14,11,3393,211,0.0622,2954,3382,53014,84080
MEL0,MOVI,2026-06,2026-06-14,11,7606,292,0.0384,7042,7599,68363,105423
OEST,GSM_MOVI,2026-06,2026-06-14,11,163,8,0.0491,149,163,5478,7908
OEST,GSM_PERS,2026-06,2026-06-14,11,89,6,0.0674,71,89,5773,8506
REVO,GSM_MOVI,2026-06,2026-06-14,11,2398,138,0.0575,1955,2391,103389,129997
REVO,GSM_PERS,2026-06,2026-06-14,11,3052,117,0.0383,2492,3043,127551,185062
REVO,MOVI,2026-06,2026-06-14,11,1363,104,0.0763,1261,1363,52792,68910
ADT0,GSM_MOVI,2026-06,2026-06-14,12,776,69,0.0889,277,695,15637,43251
AUSO,GSM_MOVI,2026-06,2026-06-14,12,1188,118,0.0993,839,1184,5511,10065
DRTV,GSM_PERS,2026-06,2026-06-14,12,79,1,0.0127,65,79,4847,8847
DRTW,GSM_PERS,2026-06,2026-06-14,12,135,3,0.0222,101,135,3237,6164
MEL0,GSM_MOVI,2026-06,2026-06-14,12,482,14,0.0290,368,482,58422,86190
MEL0,GSM_PERS,2026-06,2026-06-14,12,3084,217,0.0704,2671,3066,53014,84080
MEL0,MOVI,2026-06,2026-06-14,12,7219,234,0.0324,6698,7202,68363,105423
OEST,GSM_PERS,2026-06,2026-06-14,12,141,20,0.1418,121,141,5773,8506
REVO,GSM_MOVI,2026-06,2026-06-14,12,2785,189,0.0679,2283,2784,103389,129997
REVO,GSM_PERS,2026-06,2026-06-14,12,3378,160,0.0474,2778,3360,127551,185062
REVO,MOVI,2026-06,2026-06-14,12,1595,99,0.0621,1468,1595,53156,69280
ADT0,GSM_MOVI,2026-06,2026-06-14,13,839,92,0.1097,291,772,15637,43251
DRTV,GSM_PERS,2026-06,2026-06-14,13,106,7,0.0660,73,106,4847,8847
DRTW,GSM_PERS,2026-06,2026-06-14,13,137,5,0.0365,110,137,3237,6164
MEL0,GSM_MOVI,2026-06,2026-06-14,13,495,15,0.0303,369,495,58422,86190
MEL0,GSM_PERS,2026-06,2026-06-14,13,1900,137,0.0721,1637,1876,53014,84080
MEL0,MOVI,2026-06,2026-06-14,13,7216,267,0.0370,6696,7199,68363,105423
OEST,GSM_PERS,2026-06,2026-06-14,13,188,20,0.1064,144,188,5773,8506
REVO,GSM_MOVI,2026-06,2026-06-14,13,2977,263,0.0883,2417,2959,103389,129997
REVO,GSM_PERS,2026-06,2026-06-14,13,4438,194,0.0437,3498,4418,127551,185062
REVO,MOVI,2026-06,2026-06-14,13,1567,106,0.0676,1471,1566,53156,69280
ADT0,GSM_MOVI,2026-06,2026-06-14,14,942,105,0.1115,352,854,15637,43251
DRTW,GSM_PERS,2026-06,2026-06-14,14,132,6,0.0455,99,132,3237,6164
MEL0,GSM_MOVI,2026-06,2026-06-14,14,420,19,0.0452,316,420,58422,86190
MEL0,GSM_PERS,2026-06,2026-06-14,14,2107,120,0.0570,1792,2054,53014,84080
MEL0,MOVI,2026-06,2026-06-14,14,7180,258,0.0359,6699,7165,68363,105423
OEST,GSM_PERS,2026-06,2026-06-14,14,163,11,0.0675,136,163,5773,8506
REVO,GSM_MOVI,2026-06,2026-06-14,14,2908,189,0.0650,2351,2901,103389,129997
REVO,GSM_PERS,2026-06,2026-06-14,14,4456,176,0.0395,3503,4426,127551,185062
REVO,MOVI,2026-06,2026-06-14,14,1525,97,0.0636,1420,1525,52792,68910
ADT0,GSM_MOVI,2026-06,2026-06-14,15,869,113,0.1300,326,796,15637,43251
DRTV,GSM_PERS,2026-06,2026-06-14,15,121,5,0.0413,97,121,4847,8847
DRTW,GSM_PERS,2026-06,2026-06-14,15,173,3,0.0173,135,173,3237,6164
MEL0,GSM_MOVI,2026-06,2026-06-14,15,615,17,0.0276,483,609,58422,86190
MEL0,GSM_PERS,2026-06,2026-06-14,15,1864,144,0.0773,1591,1833,53014,84080
MEL0,MOVI,2026-06,2026-06-14,15,3419,138,0.0404,3279,3416,68363,105423
OEST,GSM_PERS,2026-06,2026-06-14,15,55,5,0.0909,34,55,5773,8506
REVO,GSM_MOVI,2026-06,2026-06-14,15,2818,184,0.0653,2261,2813,103389,129997
REVO,GSM_PERS,2026-06,2026-06-14,15,4634,195,0.0421,3671,4617,127551,185062
REVO,MOVI,2026-06,2026-06-14,15,741,45,0.0607,708,741,53156,69280
ADT0,GSM_MOVI,2026-06,2026-06-14,16,862,91,0.1056,324,797,15637,43251
DRTV,GSM_PERS,2026-06,2026-06-14,16,43,2,0.0465,32,43,4847,8847
DRTW,GSM_PERS,2026-06,2026-06-14,16,155,6,0.0387,120,155,3237,6164
MEL0,GSM_MOVI,2026-06,2026-06-14,16,562,16,0.0285,426,551,58422,86190
MEL0,GSM_PERS,2026-06,2026-06-14,16,1982,132,0.0666,1730,1957,53014,84080
OEST,GSM_PERS,2026-06,2026-06-14,16,142,8,0.0563,114,142,5773,8506
REVO,GSM_MOVI,2026-06,2026-06-14,16,3043,208,0.0684,2502,3032,103389,129997
REVO,GSM_PERS,2026-06,2026-06-14,16,4582,168,0.0367,3634,4537,127551,185062
ADT0,GSM_MOVI,2026-06,2026-06-14,17,1082,133,0.1229,413,989,15637,43251
DRTV,GSM_PERS,2026-06,2026-06-14,17,109,4,0.0367,72,109,4847,8847
DRTW,GSM_PERS,2026-06,2026-06-14,17,107,1,0.0093,83,107,3237,6164
MEL0,GSM_MOVI,2026-06,2026-06-14,17,443,19,0.0429,348,442,58422,86190
MEL0,GSM_PERS,2026-06,2026-06-14,17,1893,116,0.0613,1678,1873,53014,84080
OEST,GSM_PERS,2026-06,2026-06-14,17,69,5,0.0725,58,69,5773,8506
REVO,GSM_MOVI,2026-06,2026-06-14,17,2958,199,0.0673,2382,2927,103389,129997
REVO,GSM_PERS,2026-06,2026-06-14,17,4729,219,0.0463,3817,4694,127551,185062
ADT0,GSM_MOVI,2026-06,2026-06-14,18,1157,146,0.1262,456,1046,15637,43251
DRTV,GSM_PERS,2026-06,2026-06-14,18,86,3,0.0349,67,86,4847,8847
DRTW,GSM_PERS,2026-06,2026-06-14,18,165,5,0.0303,131,165,3237,6164
MEL0,GSM_MOVI,2026-06,2026-06-14,18,477,12,0.0252,377,477,58422,86190
MEL0,GSM_PERS,2026-06,2026-06-14,18,1962,135,0.0688,1724,1922,53014,84080
OEST,GSM_PERS,2026-06,2026-06-14,18,166,15,0.0904,131,166,5773,8506
REVO,GSM_MOVI,2026-06,2026-06-14,18,2872,213,0.0742,2347,2847,103389,129997
REVO,GSM_PERS,2026-06,2026-06-14,18,4533,200,0.0441,3625,4490,127551,185062
ADT0,GSM_MOVI,2026-06,2026-06-14,19,1073,121,0.1128,403,992,15637,43251
DRTV,GSM_PERS,2026-06,2026-06-14,19,92,3,0.0326,63,92,4847,8847
DRTW,GSM_PERS,2026-06,2026-06-14,19,121,1,0.0083,92,121,3237,6164
MEL0,GSM_MOVI,2026-06,2026-06-14,19,419,12,0.0286,335,419,58422,86190
MEL0,GSM_PERS,2026-06,2026-06-14,19,2000,139,0.0695,1754,1985,53014,84080
OEST,GSM_PERS,2026-06,2026-06-14,19,125,13,0.1040,94,125,5773,8506
REVO,GSM_MOVI,2026-06,2026-06-14,19,3009,258,0.0857,2465,2997,103389,129997
REVO,GSM_PERS,2026-06,2026-06-14,19,4661,197,0.0423,3754,4634,127551,185062
ADT0,GSM_MOVI,2026-06,2026-06-14,20,960,134,0.1396,355,872,15637,43251
DRTV,GSM_PERS,2026-06,2026-06-14,20,87,4,0.0460,68,87,4847,8847
DRTW,GSM_PERS,2026-06,2026-06-14,20,149,6,0.0403,109,149,3237,6164
MEL0,GSM_MOVI,2026-06,2026-06-14,20,435,18,0.0414,341,435,58422,86190
MEL0,GSM_PERS,2026-06,2026-06-14,20,1969,139,0.0706,1735,1935,53014,84080
OEST,GSM_PERS,2026-06,2026-06-14,20,52,6,0.1154,43,52,5773,8506
REVO,GSM_MOVI,2026-06,2026-06-14,20,3179,242,0.0761,2557,3158,103389,129997
REVO,GSM_PERS,2026-06,2026-06-14,20,4693,201,0.0428,3787,4671,127551,185062
MEL0,GSM_PERS,2026-06,2026-06-14,21,18,0,0.0000,15,18,53014,84080
REVO,GSM_MOVI,2026-06,2026-06-14,21,17,0,0.0000,12,17,38848,52097
REVO,GSM_PERS,2026-06,2026-06-14,21,5,0,0.0000,5,5,59265,88247
ADT0,GSM_MOVI,2026-06,2026-06-15,8,372,24,0.0645,138,332,13837,38513
AUSO,GSM_MOVI,2026-06,2026-06-15,8,813,21,0.0258,548,813,5511,10065
AYS3,GSM_PERS,2026-06,2026-06-15,8,12,2,0.1667,11,12,1266,1356
AYSA,GSM_PERS,2026-06,2026-06-15,8,48,2,0.0417,48,48,16879,25757
AYSE,GSM_PERS,2026-06,2026-06-15,8,9,0,0.0000,9,9,8735,13437
DRTV,GSM_PERS,2026-06,2026-06-15,8,82,3,0.0366,60,82,4847,8847
DRTW,GSM_PERS,2026-06,2026-06-15,8,48,0,0.0000,33,48,3237,6164
MEL0,GSM_MOVI,2026-06,2026-06-15,8,165,2,0.0121,134,165,58422,86190
MEL0,GSM_PERS,2026-06,2026-06-15,8,700,32,0.0457,617,698,53014,84080
OEST,GSM_PERS,2026-06,2026-06-15,8,77,6,0.0779,64,77,5773,8506
REVO,GSM_MOVI,2026-06,2026-06-15,8,1219,58,0.0476,994,1219,103389,129997
REVO,GSM_PERS,2026-06,2026-06-15,8,1947,62,0.0318,1516,1944,127551,185062
ADT0,GSM_MOVI,2026-06,2026-06-15,9,612,57,0.0931,229,553,15637,43251
AUSO,GSM_MOVI,2026-06,2026-06-15,9,1955,82,0.0419,1308,1948,5511,10065
AYS3,GSM_MOVI,2026-06,2026-06-15,9,2,0,0.0000,2,2,6141,9176
AYS3,GSM_PERS,2026-06,2026-06-15,9,22,1,0.0455,21,22,1266,1356
AYS3,MOVI,2026-06,2026-06-15,9,50,3,0.0600,32,50,1580,2131
AYSA,GSM_MOVI,2026-06,2026-06-15,9,49,6,0.1224,46,49,21631,33163
AYSA,GSM_PERS,2026-06,2026-06-15,9,247,14,0.0567,209,245,16879,25757
AYSA,MOVI,2026-06,2026-06-15,9,218,13,0.0596,136,218,3497,4179
AYSC,MOVI,2026-06,2026-06-15,9,1274,50,0.0392,584,1255,586,1262
AYSE,GSM_PERS,2026-06,2026-06-15,9,29,2,0.0690,23,29,9214,14018
DRTV,GSM_PERS,2026-06,2026-06-15,9,199,6,0.0302,118,187,4847,8847
DRTW,GSM_MOVI,2026-06,2026-06-15,9,26,2,0.0769,21,26,6280,8138
DRTW,GSM_PERS,2026-06,2026-06-15,9,175,1,0.0057,128,175,3237,6164
MEL0,GSM_MOVI,2026-06,2026-06-15,9,170,5,0.0294,137,170,58422,86190
MEL0,GSM_PERS,2026-06,2026-06-15,9,1134,57,0.0503,990,1132,53014,84080
OEST,GSM_MOVI,2026-06,2026-06-15,9,2666,106,0.0398,2039,2654,5478,7908
OEST,GSM_PERS,2026-06,2026-06-15,9,179,7,0.0391,140,179,5773,8506
REVO,GSM_MOVI,2026-06,2026-06-15,9,2130,108,0.0507,1742,2123,103389,129997
REVO,GSM_PERS,2026-06,2026-06-15,9,4038,117,0.0290,3072,4016,127551,185062
ADT0,GSM_MOVI,2026-06,2026-06-15,10,369,28,0.0759,176,348,15637,43251
AUSO,GSM_MOVI,2026-06,2026-06-15,10,1257,69,0.0549,915,1253,5511,10065
AYS3,GSM_PERS,2026-06,2026-06-15,10,41,1,0.0244,39,41,1266,1356
AYSA,GSM_MOVI,2026-06,2026-06-15,10,14,1,0.0714,13,14,13655,21597
AYSA,GSM_PERS,2026-06,2026-06-15,10,415,34,0.0819,351,414,16879,25757
AYSE,GSM_PERS,2026-06,2026-06-15,10,69,9,0.1304,58,69,9214,14018
DRTV,GSM_PERS,2026-06,2026-06-15,10,120,2,0.0167,79,120,6598,10871
DRTW,GSM_MOVI,2026-06,2026-06-15,10,16,2,0.1250,15,16,5408,6908
DRTW,GSM_PERS,2026-06,2026-06-15,10,196,4,0.0204,135,196,3237,6164
FIME,GSM_MOVI,2026-06,2026-06-15,10,2444,81,0.0331,2376,2443,11522,12038
MEL0,GSM_MOVI,2026-06,2026-06-15,10,189,13,0.0688,167,189,58422,86190
MEL0,GSM_PERS,2026-06,2026-06-15,10,838,51,0.0609,716,835,53014,84080
MEL0,MOVI,2026-06,2026-06-15,10,1482,77,0.0520,1449,1482,68363,105423
OEST,GSM_MOVI,2026-06,2026-06-15,10,3068,127,0.0414,2411,3061,5478,7908
OEST,GSM_PERS,2026-06,2026-06-15,10,156,8,0.0513,114,156,5773,8506
REVO,GSM_MOVI,2026-06,2026-06-15,10,1379,84,0.0609,1161,1379,103389,129997
REVO,GSM_PERS,2026-06,2026-06-15,10,3987,145,0.0364,2930,3928,127551,185062
ADT0,GSM_MOVI,2026-06,2026-06-15,11,418,56,0.1340,178,381,15637,43251
AUSO,GSM_MOVI,2026-06,2026-06-15,11,1231,65,0.0528,918,1226,5511,10065
AYS3,GSM_PERS,2026-06,2026-06-15,11,7,0,0.0000,6,7,1266,1356
AYSA,GSM_MOVI,2026-06,2026-06-15,11,25,2,0.0800,25,25,13655,21597
AYSA,GSM_PERS,2026-06,2026-06-15,11,214,22,0.1028,178,214,16879,25757
AYSE,GSM_PERS,2026-06,2026-06-15,11,17,0,0.0000,13,17,4782,7326
AYSJ,GSM_MOVI,2026-06,2026-06-15,11,6,0,0.0000,5,6,688,966
DRTV,GSM_PERS,2026-06,2026-06-15,11,89,5,0.0562,76,89,6598,10871
DRTW,GSM_MOVI,2026-06,2026-06-15,11,17,2,0.1176,17,17,5408,6908
DRTW,GSM_PERS,2026-06,2026-06-15,11,54,0,0.0000,37,54,3237,6164
FIME,GSM_MOVI,2026-06,2026-06-15,11,4852,201,0.0414,4681,4846,11522,12038
MEL0,GSM_MOVI,2026-06,2026-06-15,11,560,46,0.0821,512,560,58422,86190
MEL0,GSM_PERS,2026-06,2026-06-15,11,2681,216,0.0806,2269,2670,53014,84080
MEL0,MOVI,2026-06,2026-06-15,11,3148,199,0.0632,3062,3147,68363,105423
OEST,GSM_MOVI,2026-06,2026-06-15,11,545,28,0.0514,471,545,5478,7908
OEST,GSM_PERS,2026-06,2026-06-15,11,117,8,0.0684,96,117,5773,8506
REVO,GSM_MOVI,2026-06,2026-06-15,11,1284,80,0.0623,1084,1283,103389,129997
REVO,GSM_PERS,2026-06,2026-06-15,11,2773,101,0.0364,2194,2763,127551,185062
ADT0,GSM_MOVI,2026-06,2026-06-15,12,334,39,0.1168,143,319,15637,43251
AUSO,GSM_MOVI,2026-06,2026-06-15,12,1320,98,0.0742,985,1319,5511,10065
AYS3,GSM_PERS,2026-06,2026-06-15,12,15,3,0.2000,10,15,1266,1356
AYSA,GSM_PERS,2026-06,2026-06-15,12,194,11,0.0567,156,192,16879,25757
AYSE,GSM_PERS,2026-06,2026-06-15,12,48,6,0.1250,37,48,7330,11058
AYSJ,GSM_MOVI,2026-06,2026-06-15,12,21,1,0.0476,17,21,899,1257
DRTV,GSM_PERS,2026-06,2026-06-15,12,124,7,0.0565,102,124,6598,10871
DRTW,GSM_MOVI,2026-06,2026-06-15,12,19,3,0.1579,15,19,5408,6908
DRTW,GSM_PERS,2026-06,2026-06-15,12,107,2,0.0187,80,107,3237,6164
FIME,GSM_MOVI,2026-06,2026-06-15,12,4760,232,0.0487,4620,4756,11522,12038
MEL0,GSM_MOVI,2026-06,2026-06-15,12,974,89,0.0914,870,974,58422,86190
MEL0,GSM_PERS,2026-06,2026-06-15,12,2494,276,0.1107,2167,2489,53014,84080
MEL0,MOVI,2026-06,2026-06-15,12,3125,226,0.0723,3040,3125,68363,105423
OEST,GSM_PERS,2026-06,2026-06-15,12,91,9,0.0989,71,91,5773,8506
REVO,GSM_MOVI,2026-06,2026-06-15,12,1460,110,0.0753,1221,1448,103389,129997
REVO,GSM_PERS,2026-06,2026-06-15,12,2842,122,0.0429,2225,2841,127551,185062
ADT0,GSM_MOVI,2026-06,2026-06-15,13,801,91,0.1136,309,718,15637,43251
AUSO,GSM_MOVI,2026-06,2026-06-15,13,1011,79,0.0781,781,1009,5511,10065
AYS3,GSM_MOVI,2026-06,2026-06-15,13,16,2,0.1250,16,16,6141,9176
AYS3,GSM_PERS,2026-06,2026-06-15,13,39,1,0.0256,30,27,1266,1356
AYSA,GSM_MOVI,2026-06,2026-06-15,13,14,3,0.2143,11,14,21631,33163
AYSA,GSM_PERS,2026-06,2026-06-15,13,222,15,0.0676,199,222,16879,25757
AYSE,GSM_PERS,2026-06,2026-06-15,13,25,1,0.0400,16,25,5982,9517
AYSJ,GSM_MOVI,2026-06,2026-06-15,13,30,0,0.0000,24,30,899,1257
DRTV,GSM_PERS,2026-06,2026-06-15,13,166,8,0.0482,121,166,6598,10871
DRTV,Sin proveedor,2026-06,2026-06-15,13,1,1,1.0000,1,1,2,2
DRTW,GSM_MOVI,2026-06,2026-06-15,13,45,1,0.0222,34,45,5408,6908
DRTW,GSM_PERS,2026-06,2026-06-15,13,133,6,0.0451,94,132,3237,6164
MEL0,GSM_MOVI,2026-06,2026-06-15,13,450,14,0.0311,349,450,58422,86190
MEL0,GSM_PERS,2026-06,2026-06-15,13,1377,97,0.0704,1182,1366,53014,84080
MEL0,MOVI,2026-06,2026-06-15,13,3051,221,0.0724,2975,3051,68363,105423
MEL0,Sin proveedor,2026-06,2026-06-15,13,1,0,0.0000,1,1,6,6
OEST,GSM_PERS,2026-06,2026-06-15,13,120,11,0.0917,91,120,5773,8506
REVO,GSM_MOVI,2026-06,2026-06-15,13,2408,149,0.0619,1959,2387,103389,129997
REVO,GSM_PERS,2026-06,2026-06-15,13,4413,189,0.0428,3447,4366,127551,185062
ADT0,GSM_MOVI,2026-06,2026-06-15,14,809,93,0.1150,297,742,15637,43251
ADT1,GSM_MOVI,2026-06,2026-06-15,14,15,1,0.0667,8,15,339,709
AYS3,GSM_MOVI,2026-06,2026-06-15,14,15,2,0.1333,13,15,6141,9176
AYS3,GSM_PERS,2026-06,2026-06-15,14,18,1,0.0556,15,14,1266,1356
AYSA,GSM_MOVI,2026-06,2026-06-15,14,15,3,0.2000,15,15,13655,21597
AYSA,GSM_PERS,2026-06,2026-06-15,14,310,27,0.0871,268,310,16879,25757
AYSE,GSM_PERS,2026-06,2026-06-15,14,196,20,0.1020,161,196,9214,14018
DRTV,GSM_PERS,2026-06,2026-06-15,14,132,8,0.0606,94,132,6598,10871
DRTW,GSM_MOVI,2026-06,2026-06-15,14,120,8,0.0667,94,120,6280,8138
DRTW,GSM_PERS,2026-06,2026-06-15,14,132,6,0.0455,95,132,3237,6164
MEL0,GSM_MOVI,2026-06,2026-06-15,14,390,11,0.0282,305,390,58422,86190
MEL0,GSM_PERS,2026-06,2026-06-15,14,1309,101,0.0772,1129,1296,53014,84080
MEL0,MOVI,2026-06,2026-06-15,14,2962,197,0.0665,2887,2962,68363,105423
OEST,GSM_PERS,2026-06,2026-06-15,14,154,12,0.0779,121,154,5773,8506
REVO,GSM_MOVI,2026-06,2026-06-15,14,2489,184,0.0739,2000,2446,103389,129997
REVO,GSM_PERS,2026-06,2026-06-15,14,4326,176,0.0407,3382,4312,127551,185062
ADT0,GSM_MOVI,2026-06,2026-06-15,15,853,82,0.0961,324,788,15637,43251
AYS3,GSM_PERS,2026-06,2026-06-15,15,33,2,0.0606,33,33,1266,1356
AYSA,GSM_MOVI,2026-06,2026-06-15,15,15,2,0.1333,14,15,13655,21597
AYSA,GSM_PERS,2026-06,2026-06-15,15,223,19,0.0852,205,223,16879,25757
AYSE,GSM_PERS,2026-06,2026-06-15,15,116,19,0.1638,86,116,9214,14018
DRTV,GSM_PERS,2026-06,2026-06-15,15,224,17,0.0759,163,224,6598,10871
DRTW,GSM_MOVI,2026-06,2026-06-15,15,30,2,0.0667,22,30,872,1230
DRTW,GSM_PERS,2026-06,2026-06-15,15,151,3,0.0199,99,151,3237,6164
MEL0,GSM_MOVI,2026-06,2026-06-15,15,419,26,0.0621,330,419,58422,86190
MEL0,GSM_PERS,2026-06,2026-06-15,15,1398,93,0.0665,1214,1380,53014,84080
MEL0,MOVI,2026-06,2026-06-15,15,4486,304,0.0678,4299,4486,68363,105423
OEST,GSM_PERS,2026-06,2026-06-15,15,154,10,0.0649,121,154,5773,8506
REVO,GSM_MOVI,2026-06,2026-06-15,15,2586,126,0.0487,2075,2570,103389,129997
REVO,GSM_PERS,2026-06,2026-06-15,15,4354,172,0.0395,3444,4319,127551,185062
ADT0,GSM_MOVI,2026-06,2026-06-15,16,977,133,0.1361,481,943,15637,43251
ADT1,GSM_MOVI,2026-06,2026-06-15,16,32,1,0.0313,19,32,339,709
AYS3,GSM_MOVI,2026-06,2026-06-15,16,41,4,0.0976,27,41,6141,9176
AYS3,GSM_PERS,2026-06,2026-06-15,16,362,31,0.0856,348,361,1266,1356
AYSA,GSM_MOVI,2026-06,2026-06-15,16,610,131,0.2148,560,609,21631,33163
AYSA,GSM_PERS,2026-06,2026-06-15,16,231,23,0.0996,212,230,16879,25757
AYSE,GSM_PERS,2026-06,2026-06-15,16,128,19,0.1484,114,128,9214,14018
AYSJ,GSM_MOVI,2026-06,2026-06-15,16,30,1,0.0333,22,30,929,1295
CVIA,GSM_PERS,2026-06,2026-06-15,16,59,2,0.0339,38,59,39,61
DRTV,GSM_PERS,2026-06,2026-06-15,16,161,6,0.0373,115,161,6598,10871
DRTW,GSM_MOVI,2026-06,2026-06-15,16,74,13,0.1757,63,74,5408,6908
DRTW,GSM_PERS,2026-06,2026-06-15,16,115,10,0.0870,84,115,3237,6164
MEL0,GSM_MOVI,2026-06,2026-06-15,16,1287,101,0.0785,1049,1260,58422,86190
MEL0,GSM_PERS,2026-06,2026-06-15,16,1216,89,0.0732,1045,1210,53014,84080
OEST,GSM_PERS,2026-06,2026-06-15,16,289,39,0.1349,229,289,5773,8506
REVO,GSM_MOVI,2026-06,2026-06-15,16,2456,169,0.0688,1988,2444,103389,129997
REVO,GSM_PERS,2026-06,2026-06-15,16,3947,158,0.0400,3096,3901,127551,185062
ADT0,GSM_MOVI,2026-06,2026-06-15,17,3004,392,0.1305,1460,2960,15637,43251
ADT1,GSM_MOVI,2026-06,2026-06-15,17,532,27,0.0508,252,511,339,709
AYS3,GSM_MOVI,2026-06,2026-06-15,17,441,42,0.0952,430,440,6141,9176
AYS3,GSM_PERS,2026-06,2026-06-15,17,313,27,0.0863,306,313,1266,1356
AYSA,GSM_MOVI,2026-06,2026-06-15,17,1160,162,0.1397,1125,1156,13655,21597
AYSA,GSM_PERS,2026-06,2026-06-15,17,528,45,0.0852,503,525,16879,25757
AYSE,GSM_PERS,2026-06,2026-06-15,17,437,92,0.2105,417,435,9214,14018
AYSJ,GSM_MOVI,2026-06,2026-06-15,17,9,0,0.0000,8,9,817,1141
DRTV,GSM_PERS,2026-06,2026-06-15,17,90,2,0.0222,73,87,6598,10871
DRTW,GSM_MOVI,2026-06,2026-06-15,17,1056,40,0.0379,759,1056,6280,8138
DRTW,GSM_PERS,2026-06,2026-06-15,17,66,3,0.0455,49,66,3237,6164
MEL0,GSM_MOVI,2026-06,2026-06-15,17,1142,91,0.0797,979,1142,58422,86190
MEL0,GSM_PERS,2026-06,2026-06-15,17,760,64,0.0842,682,757,53014,84080
OEST,GSM_PERS,2026-06,2026-06-15,17,1466,160,0.1091,1210,1459,5773,8506
REVO,GSM_MOVI,2026-06,2026-06-15,17,980,69,0.0704,877,980,103389,129997
REVO,GSM_PERS,2026-06,2026-06-15,17,2302,115,0.0500,1957,2291,127551,185062
ADT0,GSM_MOVI,2026-06,2026-06-15,18,3396,444,0.1307,1480,2928,15637,43251
ADT1,GSM_MOVI,2026-06,2026-06-15,18,3,0,0.0000,3,3,339,709
AYS3,GSM_MOVI,2026-06,2026-06-15,18,116,10,0.0862,114,116,6141,9176
AYS3,GSM_PERS,2026-06,2026-06-15,18,111,11,0.0991,109,111,1266,1356
AYSA,GSM_MOVI,2026-06,2026-06-15,18,243,39,0.1605,240,243,13655,21597
AYSA,GSM_PERS,2026-06,2026-06-15,18,535,69,0.1290,510,534,16879,25757
AYSE,GSM_PERS,2026-06,2026-06-15,18,248,45,0.1815,239,248,9214,14018
AYSJ,GSM_MOVI,2026-06,2026-06-15,18,1760,75,0.0426,917,1268,929,1295
DRTV,GSM_PERS,2026-06,2026-06-15,18,184,16,0.0870,150,184,6598,10871
DRTW,GSM_PERS,2026-06,2026-06-15,18,98,3,0.0306,74,98,3237,6164
MEL0,GSM_MOVI,2026-06,2026-06-15,18,203,7,0.0345,155,196,58422,86190
MEL0,GSM_PERS,2026-06,2026-06-15,18,831,67,0.0806,751,822,53014,84080
OEST,GSM_PERS,2026-06,2026-06-15,18,1649,148,0.0898,1366,1637,5773,8506
REVO,GSM_MOVI,2026-06,2026-06-15,18,1596,114,0.0714,1344,1596,103389,129997
REVO,GSM_PERS,2026-06,2026-06-15,18,2519,132,0.0524,2098,2505,127551,185062
ADT0,GSM_MOVI,2026-06,2026-06-15,19,2804,377,0.1345,1410,2746,15637,43251
AYS3,GSM_PERS,2026-06,2026-06-15,19,5,0,0.0000,5,5,676,755
AYSA,GSM_PERS,2026-06,2026-06-15,19,562,58,0.1032,535,561,16879,25757
AYSE,GSM_PERS,2026-06,2026-06-15,19,43,5,0.1163,41,43,9214,14018
AYSJ,GSM_MOVI,2026-06,2026-06-15,19,750,32,0.0427,585,746,929,1295
DRTV,GSM_PERS,2026-06,2026-06-15,19,820,74,0.0902,750,820,6598,10871
DRTW,GSM_MOVI,2026-06,2026-06-15,19,14,1,0.0714,11,14,5408,6908
DRTW,GSM_PERS,2026-06,2026-06-15,19,73,1,0.0137,54,73,3237,6164
MEL0,GSM_MOVI,2026-06,2026-06-15,19,336,18,0.0536,275,336,58422,86190
MEL0,GSM_PERS,2026-06,2026-06-15,19,824,55,0.0667,741,817,53014,84080
OEST,GSM_PERS,2026-06,2026-06-15,19,1716,185,0.1078,1413,1692,5773,8506
REVO,GSM_MOVI,2026-06,2026-06-15,19,2209,178,0.0806,1795,2152,103389,129997
REVO,GSM_PERS,2026-06,2026-06-15,19,2345,97,0.0414,1962,2345,127551,185062
ADT0,GSM_MOVI,2026-06,2026-06-15,20,543,77,0.1418,207,492,13837,38513
AYS3,GSM_PERS,2026-06,2026-06-15,20,5,2,0.4000,5,5,1266,1356
AYSA,GSM_PERS,2026-06,2026-06-15,20,156,13,0.0833,138,156,16879,25757
AYSE,GSM_PERS,2026-06,2026-06-15,20,40,2,0.0500,32,40,8051,12668
DRTV,GSM_PERS,2026-06,2026-06-15,20,866,71,0.0820,774,866,6598,10871
DRTW,GSM_MOVI,2026-06,2026-06-15,20,60,9,0.1500,50,60,5408,6908
DRTW,GSM_PERS,2026-06,2026-06-15,20,152,3,0.0197,112,151,3237,6164
MEL0,GSM_MOVI,2026-06,2026-06-15,20,390,22,0.0564,311,382,58422,86190
MEL0,GSM_PERS,2026-06,2026-06-15,20,1094,81,0.0740,988,1087,53014,84080
OEST,GSM_PERS,2026-06,2026-06-15,20,1194,115,0.0963,1003,1163,5773,8506
REVO,GSM_MOVI,2026-06,2026-06-15,20,3024,243,0.0804,2477,2987,103389,129997
REVO,GSM_PERS,2026-06,2026-06-15,20,3344,180,0.0538,2794,3316,127551,185062
DRTV,GSM_PERS,2026-06,2026-06-15,21,1,1,1.0000,1,1,4847,8847
DRTW,GSM_PERS,2026-06,2026-06-15,21,1,0,0.0000,1,1,3237,6164
REVO,GSM_MOVI,2026-06,2026-06-15,21,6,0,0.0000,6,6,38848,52097
REVO,GSM_PERS,2026-06,2026-06-15,21,16,1,0.0625,16,16,127551,185062
ADT0,GSM_MOVI,2026-06,2026-06-16,8,198,16,0.0808,85,182,13837,38513
AUSO,GSM_MOVI,2026-06,2026-06-16,8,675,103,0.1526,615,674,12690,16995
AUSO,GSM_PERS,2026-06,2026-06-16,8,454,39,0.0859,404,454,3377,4262
AYS3,GSM_PERS,2026-06,2026-06-16,8,2,0,0.0000,2,2,676,755
AYSA,GSM_PERS,2026-06,2026-06-16,8,72,5,0.0694,62,72,16879,25757
AYSE,GSM_PERS,2026-06,2026-06-16,8,54,6,0.1111,48,54,9214,14018
DRTV,GSM_PERS,2026-06,2026-06-16,8,53,4,0.0755,41,53,4847,8847
DRTW,GSM_MOVI,2026-06,2026-06-16,8,23,2,0.0870,18,23,5408,6908
DRTW,GSM_PERS,2026-06,2026-06-16,8,56,3,0.0536,43,56,3237,6164
MEL0,GSM_MOVI,2026-06,2026-06-16,8,140,2,0.0143,118,140,58422,86190
MEL0,GSM_PERS,2026-06,2026-06-16,8,504,26,0.0516,446,504,53014,84080
OEST,GSM_MOVI,2026-06,2026-06-16,8,1219,140,0.1148,1096,1218,6150,8347
OEST,GSM_PERS,2026-06,2026-06-16,8,18,0,0.0000,15,18,5773,8506
REVO,GSM_MOVI,2026-06,2026-06-16,8,894,61,0.0682,723,894,103389,129997
REVO,GSM_PERS,2026-06,2026-06-16,8,1596,65,0.0407,1294,1593,127551,185062
ADT0,GSM_MOVI,2026-06,2026-06-16,9,307,49,0.1596,176,291,13837,38513
AUSO,GSM_MOVI,2026-06,2026-06-16,9,2684,468,0.1744,2426,2683,21293,28876
AUSO,GSM_PERS,2026-06,2026-06-16,9,846,81,0.0957,691,777,3377,4262
AYS3,GSM_PERS,2026-06,2026-06-16,9,19,2,0.1053,17,19,1266,1356
AYS3,MOVI,2026-06,2026-06-16,9,50,3,0.0600,32,50,1580,2131
AYSA,GSM_PERS,2026-06,2026-06-16,9,263,22,0.0837,224,261,16879,25757
AYSA,MOVI,2026-06,2026-06-16,9,218,14,0.0642,136,218,3497,4179
AYSC,MOVI,2026-06,2026-06-16,9,1274,67,0.0526,584,1255,586,1262
AYSE,GSM_MOVI,2026-06,2026-06-16,9,6,2,0.3333,5,6,5841,9091
AYSE,GSM_PERS,2026-06,2026-06-16,9,203,19,0.0936,172,203,9214,14018
DRTV,GSM_MOVI,2026-06,2026-06-16,9,30,5,0.1667,26,30,4109,4994
DRTV,GSM_PERS,2026-06,2026-06-16,9,235,5,0.0213,158,235,4847,8847
DRTV,Sin proveedor,2026-06,2026-06-16,9,2,2,1.0000,2,2,9,9
DRTW,GSM_MOVI,2026-06,2026-06-16,9,28,1,0.0357,25,28,5408,6908
DRTW,GSM_PERS,2026-06,2026-06-16,9,221,5,0.0226,156,217,5285,8827
DRTW,Sin proveedor,2026-06,2026-06-16,9,1,1,1.0000,1,1,6,6
MEL0,GSM_MOVI,2026-06,2026-06-16,9,76,3,0.0395,65,76,58422,86190
MEL0,GSM_PERS,2026-06,2026-06-16,9,837,51,0.0609,727,831,53014,84080
OEST,GSM_MOVI,2026-06,2026-06-16,9,4043,548,0.1355,3529,4032,10086,13922
OEST,GSM_PERS,2026-06,2026-06-16,9,28,2,0.0714,24,28,5773,8506
REVO,GSM_MOVI,2026-06,2026-06-16,9,970,47,0.0485,844,968,103389,129997
REVO,GSM_PERS,2026-06,2026-06-16,9,3055,124,0.0406,2426,3053,127551,185062
ADT0,GSM_MOVI,2026-06,2026-06-16,10,333,53,0.1592,189,316,13837,38513
AUSO,GSM_MOVI,2026-06,2026-06-16,10,2959,522,0.1764,2658,2959,21389,29005
AUSO,GSM_PERS,2026-06,2026-06-16,10,852,86,0.1009,733,814,3377,4262
AYS3,GSM_PERS,2026-06,2026-06-16,10,29,2,0.0690,29,29,1266,1356
AYSA,GSM_MOVI,2026-06,2026-06-16,10,22,1,0.0455,21,22,13655,21597
AYSA,GSM_PERS,2026-06,2026-06-16,10,365,29,0.0795,315,356,16879,25757
AYSE,GSM_MOVI,2026-06,2026-06-16,10,8,3,0.3750,7,8,6256,9576
AYSE,GSM_PERS,2026-06,2026-06-16,10,189,18,0.0952,136,189,9214,14018
DRTV,GSM_MOVI,2026-06,2026-06-16,10,22,0,0.0000,21,22,4109,4994
DRTV,GSM_PERS,2026-06,2026-06-16,10,263,12,0.0456,176,263,4847,8847
DRTW,GSM_MOVI,2026-06,2026-06-16,10,37,2,0.0541,29,37,6280,8138
DRTW,GSM_PERS,2026-06,2026-06-16,10,253,10,0.0395,177,248,5285,8827
FIME,GSM_MOVI,2026-06,2026-06-16,10,2395,123,0.0514,2329,2395,11522,12038
MEL0,GSM_MOVI,2026-06,2026-06-16,10,273,20,0.0733,248,273,58422,86190
MEL0,GSM_PERS,2026-06,2026-06-16,10,687,42,0.0611,588,679,53014,84080
MEL0,MOVI,2026-06,2026-06-16,10,1528,102,0.0668,1509,1528,68363,105423
OEST,GSM_MOVI,2026-06,2026-06-16,10,1686,248,0.1471,1535,1682,10119,13964
OEST,GSM_PERS,2026-06,2026-06-16,10,178,15,0.0843,134,178,5773,8506
OEST,Sin proveedor,2026-06,2026-06-16,10,1,1,1.0000,1,1,8,8
REVO,GSM_MOVI,2026-06,2026-06-16,10,878,60,0.0683,775,878,103389,129997
REVO,GSM_PERS,2026-06,2026-06-16,10,3056,147,0.0481,2353,3054,127551,185062
ADT0,GSM_MOVI,2026-06,2026-06-16,11,389,55,0.1414,222,363,15637,43251
AUSO,GSM_MOVI,2026-06,2026-06-16,11,3017,555,0.1840,2748,3015,21389,29005
AUSO,GSM_PERS,2026-06,2026-06-16,11,897,91,0.1014,762,841,3377,4262
AYS3,GSM_PERS,2026-06,2026-06-16,11,13,2,0.1538,13,12,1266,1356
AYSA,GSM_PERS,2026-06,2026-06-16,11,429,35,0.0816,352,423,16879,25757
AYSE,GSM_MOVI,2026-06,2026-06-16,11,6,1,0.1667,6,6,7423,11501
AYSE,GSM_PERS,2026-06,2026-06-16,11,92,11,0.1196,65,92,8530,13249
DRTV,GSM_MOVI,2026-06,2026-06-16,11,41,1,0.0244,37,41,4109,4994
DRTV,GSM_PERS,2026-06,2026-06-16,11,199,8,0.0402,139,199,4847,8847
DRTW,GSM_MOVI,2026-06,2026-06-16,11,14,2,0.1429,11,14,5408,6908
DRTW,GSM_PERS,2026-06,2026-06-16,11,229,9,0.0393,165,229,5285,8827
FIME,GSM_MOVI,2026-06,2026-06-16,11,3588,154,0.0429,3489,3586,11522,12038
MEL0,GSM_MOVI,2026-06,2026-06-16,11,643,71,0.1104,585,643,58422,86190
MEL0,GSM_PERS,2026-06,2026-06-16,11,721,56,0.0777,621,717,53014,84080
MEL0,MOVI,2026-06,2026-06-16,11,3472,227,0.0654,3365,3470,68363,105423
OEST,GSM_MOVI,2026-06,2026-06-16,11,402,62,0.1542,368,401,8113,11150
OEST,GSM_PERS,2026-06,2026-06-16,11,78,13,0.1667,63,78,5773,8506
REVO,GSM_MOVI,2026-06,2026-06-16,11,852,66,0.0775,732,852,103389,129997
REVO,GSM_PERS,2026-06,2026-06-16,11,3388,163,0.0481,2567,3361,127551,185062
ADT0,GSM_MOVI,2026-06,2026-06-16,12,527,75,0.1423,286,492,15637,43251
AUSO,GSM_MOVI,2026-06,2026-06-16,12,3343,628,0.1879,3041,3339,21389,29005
AUSO,GSM_PERS,2026-06,2026-06-16,12,934,80,0.0857,788,880,3377,4262
AYS3,GSM_MOVI,2026-06,2026-06-16,12,8,0,0.0000,8,8,6141,9176
AYS3,GSM_PERS,2026-06,2026-06-16,12,15,2,0.1333,15,15,1266,1356
AYSA,GSM_MOVI,2026-06,2026-06-16,12,29,7,0.2414,28,29,21631,33163
AYSA,GSM_PERS,2026-06,2026-06-16,12,725,55,0.0759,583,705,16879,25757
AYSE,GSM_PERS,2026-06,2026-06-16,12,164,17,0.1037,132,164,9214,14018
AYSJ,GSM_MOVI,2026-06,2026-06-16,12,18,0,0.0000,13,18,899,1257
DRTV,GSM_MOVI,2026-06,2026-06-16,12,22,2,0.0909,19,22,4109,4994
DRTV,GSM_PERS,2026-06,2026-06-16,12,397,16,0.0403,268,397,4847,8847
DRTW,GSM_MOVI,2026-06,2026-06-16,12,14,0,0.0000,13,14,872,1230
DRTW,GSM_PERS,2026-06,2026-06-16,12,278,13,0.0468,194,271,5285,8827
FIME,GSM_MOVI,2026-06,2026-06-16,12,3823,186,0.0487,3726,3822,11522,12038
MEL0,GSM_MOVI,2026-06,2026-06-16,12,684,50,0.0731,628,684,58422,86190
MEL0,GSM_PERS,2026-06,2026-06-16,12,432,25,0.0579,374,432,53014,84080
MEL0,MOVI,2026-06,2026-06-16,12,3503,213,0.0608,3399,3501,68363,105423
OEST,GSM_MOVI,2026-06,2026-06-16,12,354,71,0.2006,324,354,4561,6760
OEST,GSM_PERS,2026-06,2026-06-16,12,93,11,0.1183,72,93,5773,8506
REVO,GSM_MOVI,2026-06,2026-06-16,12,575,59,0.1026,508,575,64541,77900
REVO,GSM_PERS,2026-06,2026-06-16,12,3189,147,0.0461,2461,3189,127551,185062
ADT0,GSM_MOVI,2026-06,2026-06-16,13,643,103,0.1602,323,606,15637,43251
ADT1,GSM_MOVI,2026-06,2026-06-16,13,354,19,0.0537,202,343,339,709
AUSO,GSM_MOVI,2026-06,2026-06-16,13,2415,486,0.2012,2236,2414,21389,29005
AUSO,GSM_PERS,2026-06,2026-06-16,13,806,81,0.1005,711,766,3377,4262
AYS3,GSM_MOVI,2026-06,2026-06-16,13,518,60,0.1158,493,517,6141,9176
AYS3,GSM_PERS,2026-06,2026-06-16,13,214,24,0.1121,208,213,1266,1356
AYSA,GSM_MOVI,2026-06,2026-06-16,13,357,108,0.3025,322,356,21631,33163
AYSA,GSM_PERS,2026-06,2026-06-16,13,1083,83,0.0766,922,1059,16879,25757
AYSE,GSM_PERS,2026-06,2026-06-16,13,92,17,0.1848,79,89,9214,14018
AYSJ,GSM_MOVI,2026-06,2026-06-16,13,23,2,0.0870,19,23,800,1120
DRTV,GSM_MOVI,2026-06,2026-06-16,13,51,4,0.0784,47,51,4109,4994
DRTV,GSM_PERS,2026-06,2026-06-16,13,210,11,0.0524,139,210,4847,8847
DRTW,GSM_MOVI,2026-06,2026-06-16,13,230,11,0.0478,193,230,872,1230
DRTW,GSM_PERS,2026-06,2026-06-16,13,340,19,0.0559,253,335,5285,8827
DRTW,MOVI,2026-06,2026-06-16,13,395,27,0.0684,389,395,8947,11355
FIME,GSM_MOVI,2026-06,2026-06-16,13,2250,127,0.0564,2206,2249,11522,12038
MEL0,GSM_MOVI,2026-06,2026-06-16,13,1244,50,0.0402,1075,1236,58422,86190
MEL0,GSM_PERS,2026-06,2026-06-16,13,499,27,0.0541,446,499,53014,84080
MEL0,MOVI,2026-06,2026-06-16,13,3387,180,0.0531,3315,3384,68363,105423
OEST,GSM_MOVI,2026-06,2026-06-16,13,470,88,0.1872,434,470,9973,13428
OEST,GSM_PERS,2026-06,2026-06-16,13,14,1,0.0714,10,14,4577,6702
REVO,GSM_MOVI,2026-06,2026-06-16,13,624,51,0.0817,570,624,64541,77900
REVO,GSM_PERS,2026-06,2026-06-16,13,2926,131,0.0448,2372,2926,127551,185062
REVO,Sin proveedor,2026-06,2026-06-16,13,1,1,1.0000,1,1,4,4
ADT0,GSM_MOVI,2026-06,2026-06-16,14,3788,551,0.1455,2043,3502,15637,43251
ADT1,GSM_MOVI,2026-06,2026-06-16,14,182,11,0.0604,115,179,339,709
AUSO,GSM_MOVI,2026-06,2026-06-16,14,749,151,0.2016,698,749,21389,29005
AUSO,GSM_PERS,2026-06,2026-06-16,14,701,75,0.1070,619,666,3377,4262
AYS3,GSM_MOVI,2026-06,2026-06-16,14,97,16,0.1649,95,96,6141,9176
AYS3,GSM_PERS,2026-06,2026-06-16,14,413,46,0.1114,396,411,1266,1356
AYSA,GSM_MOVI,2026-06,2026-06-16,14,389,70,0.1799,382,387,21631,33163
AYSA,GSM_PERS,2026-06,2026-06-16,14,1705,111,0.0651,1469,1689,16879,25757
AYSA,MOVI,2026-06,2026-06-16,14,172,11,0.0640,169,172,14576,23395
AYSE,GSM_PERS,2026-06,2026-06-16,14,64,11,0.1719,56,64,8530,13249
AYSJ,GSM_MOVI,2026-06,2026-06-16,14,7,0,0.0000,6,7,847,1179
DRTV,GSM_MOVI,2026-06,2026-06-16,14,50,2,0.0400,46,50,4109,4994
DRTV,GSM_PERS,2026-06,2026-06-16,14,69,5,0.0725,52,69,4847,8847
DRTW,GSM_MOVI,2026-06,2026-06-16,14,489,16,0.0327,406,489,872,1230
DRTW,GSM_PERS,2026-06,2026-06-16,14,349,18,0.0516,274,349,5285,8827
DRTW,MOVI,2026-06,2026-06-16,14,807,53,0.0657,787,807,8947,11355
MEL0,GSM_MOVI,2026-06,2026-06-16,14,2048,69,0.0337,1767,2016,58422,86190
MEL0,GSM_PERS,2026-06,2026-06-16,14,629,37,0.0588,563,629,53014,84080
MEL0,MOVI,2026-06,2026-06-16,14,3727,210,0.0563,3613,3727,68363,105423
OEST,GSM_MOVI,2026-06,2026-06-16,14,583,108,0.1852,549,583,3969,5617
REVO,GSM_MOVI,2026-06,2026-06-16,14,893,61,0.0683,781,893,64541,77900
REVO,GSM_PERS,2026-06,2026-06-16,14,2386,109,0.0457,2021,2386,127551,185062
ADT0,GSM_MOVI,2026-06,2026-06-16,15,4508,640,0.1420,2474,4134,15637,43251
ADT1,GSM_MOVI,2026-06,2026-06-16,15,8,1,0.1250,8,8,339,709
AUSO,GSM_MOVI,2026-06,2026-06-16,15,731,142,0.1943,703,731,21326,28923
AUSO,GSM_PERS,2026-06,2026-06-16,15,650,61,0.0938,578,616,3377,4262
AYS3,GSM_MOVI,2026-06,2026-06-16,15,8,2,0.2500,8,8,6141,9176
AYS3,GSM_PERS,2026-06,2026-06-16,15,230,20,0.0870,223,230,1266,1356
AYSA,GSM_MOVI,2026-06,2026-06-16,15,353,56,0.1586,347,351,21631,33163
AYSA,GSM_PERS,2026-06,2026-06-16,15,1675,131,0.0782,1479,1664,16879,25757
AYSA,MOVI,2026-06,2026-06-16,15,162,11,0.0679,160,162,14576,23395
AYSE,GSM_PERS,2026-06,2026-06-16,15,181,35,0.1934,160,180,8530,13249
AYSJ,GSM_MOVI,2026-06,2026-06-16,15,28,0,0.0000,28,28,847,1179
CVIA,GSM_PERS,2026-06,2026-06-16,15,59,9,0.1525,38,59,39,61
DRTV,GSM_MOVI,2026-06,2026-06-16,15,67,5,0.0746,64,67,4109,4994
DRTV,GSM_PERS,2026-06,2026-06-16,15,179,7,0.0391,141,179,4847,8847
DRTW,GSM_MOVI,2026-06,2026-06-16,15,363,8,0.0220,308,363,872,1230
DRTW,GSM_PERS,2026-06,2026-06-16,15,280,7,0.0250,221,279,5285,8827
DRTW,MOVI,2026-06,2026-06-16,15,842,45,0.0534,829,842,8947,11355
MEL0,GSM_MOVI,2026-06,2026-06-16,15,1738,51,0.0293,1542,1723,58422,86190
MEL0,GSM_PERS,2026-06,2026-06-16,15,699,46,0.0658,658,699,53014,84080
MEL0,MOVI,2026-06,2026-06-16,15,3609,204,0.0565,3503,3609,68363,105423
OEST,GSM_MOVI,2026-06,2026-06-16,15,643,112,0.1742,595,643,3969,5617
REVO,GSM_MOVI,2026-06,2026-06-16,15,749,60,0.0801,699,749,64541,77900
REVO,GSM_PERS,2026-06,2026-06-16,15,2317,114,0.0492,1998,2317,127551,185062
ADT0,GSM_MOVI,2026-06,2026-06-16,16,4993,674,0.1350,2908,4694,15637,43251
AUSO,GSM_MOVI,2026-06,2026-06-16,16,872,173,0.1984,839,872,21389,29005
AUSO,GSM_PERS,2026-06,2026-06-16,16,525,52,0.0990,489,510,3377,4262
AYS3,GSM_PERS,2026-06,2026-06-16,16,14,4,0.2857,11,13,1266,1356
AYSA,GSM_MOVI,2026-06,2026-06-16,16,287,35,0.1220,283,287,13655,21597
AYSA,GSM_PERS,2026-06,2026-06-16,16,1724,122,0.0708,1486,1696,16879,25757
AYSA,MOVI,2026-06,2026-06-16,16,13,0,0.0000,13,13,14576,23395
AYSE,GSM_PERS,2026-06,2026-06-16,16,548,121,0.2208,520,546,8530,13249
AYSJ,GSM_MOVI,2026-06,2026-06-16,16,39,2,0.0513,35,39,899,1257
DRTV,GSM_MOVI,2026-06,2026-06-16,16,73,9,0.1233,65,73,4109,4994
DRTV,GSM_PERS,2026-06,2026-06-16,16,140,7,0.0500,94,140,4847,8847
DRTW,GSM_PERS,2026-06,2026-06-16,16,405,16,0.0395,308,396,5285,8827
DRTW,MOVI,2026-06,2026-06-16,16,63,3,0.0476,62,63,8947,11355
DRTW,Sin proveedor,2026-06,2026-06-16,16,1,1,1.0000,1,1,12,14
MEL0,GSM_MOVI,2026-06,2026-06-16,16,1456,55,0.0378,1284,1445,58422,86190
MEL0,GSM_PERS,2026-06,2026-06-16,16,577,46,0.0797,534,577,53014,84080
MEL0,MOVI,2026-06,2026-06-16,16,3584,216,0.0603,3497,3583,68363,105423
OEST,GSM_MOVI,2026-06,2026-06-16,16,599,117,0.1953,560,599,3969,5617
REVO,GSM_MOVI,2026-06,2026-06-16,16,765,57,0.0745,700,765,64541,77900
REVO,GSM_PERS,2026-06,2026-06-16,16,2258,90,0.0399,1906,2258,127551,185062
REVO,Sin proveedor,2026-06,2026-06-16,16,1,1,1.0000,1,1,8,8
ADT0,GSM_MOVI,2026-06,2026-06-16,17,4847,662,0.1366,3001,4614,15637,43251
AUSO,GSM_MOVI,2026-06,2026-06-16,17,614,108,0.1759,593,614,21389,29005
AUSO,GSM_PERS,2026-06,2026-06-16,17,59,6,0.1017,57,59,2959,3725
AYS3,GSM_PERS,2026-06,2026-06-16,17,81,7,0.0864,68,68,1266,1356
AYSA,GSM_MOVI,2026-06,2026-06-16,17,459,69,0.1503,448,459,13655,21597
AYSA,GSM_PERS,2026-06,2026-06-16,17,2320,179,0.0772,2070,2279,16879,25757
AYSE,GSM_PERS,2026-06,2026-06-16,17,106,20,0.1887,95,106,8530,13249
AYSJ,GSM_MOVI,2026-06,2026-06-16,17,29,1,0.0345,25,29,929,1295
DRTV,GSM_MOVI,2026-06,2026-06-16,17,67,4,0.0597,63,67,4109,4994
DRTV,GSM_PERS,2026-06,2026-06-16,17,166,3,0.0181,127,166,4847,8847
DRTW,GSM_PERS,2026-06,2026-06-16,17,409,14,0.0342,318,406,5285,8827
MEL0,GSM_MOVI,2026-06,2026-06-16,17,1700,71,0.0418,1524,1678,58422,86190
MEL0,GSM_PERS,2026-06,2026-06-16,17,705,61,0.0865,643,705,53014,84080
MEL0,MOVI,2026-06,2026-06-16,17,4032,155,0.0384,3917,4023,68363,105423
OEST,GSM_MOVI,2026-06,2026-06-16,17,720,114,0.1583,673,720,3969,5617
REVO,GSM_MOVI,2026-06,2026-06-16,17,908,84,0.0925,836,908,64541,77900
REVO,GSM_PERS,2026-06,2026-06-16,17,2515,111,0.0441,2108,2514,127551,185062
ADT0,GSM_MOVI,2026-06,2026-06-16,18,5396,789,0.1462,3293,5074,15637,43251
AUSO,GSM_MOVI,2026-06,2026-06-16,18,389,69,0.1774,365,389,8650,11955
AUSO,Sin proveedor,2026-06,2026-06-16,18,1,1,1.0000,1,1,1,1
AYS3,GSM_PERS,2026-06,2026-06-16,18,149,19,0.1275,130,130,1266,1356
AYSA,GSM_MOVI,2026-06,2026-06-16,18,248,35,0.1411,246,248,13655,21597
AYSA,GSM_PERS,2026-06,2026-06-16,18,2437,225,0.0923,2197,2396,16879,25757
AYSE,GSM_PERS,2026-06,2026-06-16,18,67,10,0.1493,57,67,8051,12668
AYSJ,GSM_MOVI,2026-06,2026-06-16,18,307,11,0.0358,245,298,929,1295
DRTV,GSM_MOVI,2026-06,2026-06-16,18,109,11,0.1009,98,109,4109,4994
DRTV,GSM_PERS,2026-06,2026-06-16,18,85,8,0.0941,67,85,4847,8847
DRTW,GSM_PERS,2026-06,2026-06-16,18,371,22,0.0593,288,368,5285,8827
DRTW,Sin proveedor,2026-06,2026-06-16,18,3,3,1.0000,2,2,5,5
MEL0,GSM_MOVI,2026-06,2026-06-16,18,1799,87,0.0484,1614,1780,58422,86190
MEL0,GSM_PERS,2026-06,2026-06-16,18,728,55,0.0755,669,728,53014,84080
MEL0,MOVI,2026-06,2026-06-16,18,4038,188,0.0466,3918,4035,68363,105423
OEST,GSM_MOVI,2026-06,2026-06-16,18,251,41,0.1633,237,251,3890,5239
REVO,GSM_MOVI,2026-06,2026-06-16,18,875,69,0.0789,790,875,64541,77900
REVO,GSM_PERS,2026-06,2026-06-16,18,2512,117,0.0466,2158,2512,127551,185062
ADT0,GSM_MOVI,2026-06,2026-06-16,19,4942,683,0.1382,3254,4690,15637,43251
AUSO,GSM_MOVI,2026-06,2026-06-16,19,400,71,0.1775,387,400,8699,12010
AYS3,GSM_PERS,2026-06,2026-06-16,19,161,20,0.1242,139,135,1266,1356
AYSA,GSM_PERS,2026-06,2026-06-16,19,1993,241,0.1209,1858,1968,16879,25757
AYSE,GSM_PERS,2026-06,2026-06-16,19,94,15,0.1596,78,94,8530,13249
AYSJ,GSM_MOVI,2026-06,2026-06-16,19,1440,62,0.0431,770,1028,929,1295
DRTV,GSM_MOVI,2026-06,2026-06-16,19,52,5,0.0962,49,52,4109,4994
DRTV,GSM_PERS,2026-06,2026-06-16,19,141,4,0.0284,101,141,4847,8847
DRTW,GSM_PERS,2026-06,2026-06-16,19,447,21,0.0470,356,443,5285,8827
DRTW,Sin proveedor,2026-06,2026-06-16,19,3,3,1.0000,2,3,17,19
MEL0,GSM_MOVI,2026-06,2026-06-16,19,1770,56,0.0316,1578,1758,58422,86190
MEL0,GSM_PERS,2026-06,2026-06-16,19,783,47,0.0600,719,783,53014,84080
MEL0,MOVI,2026-06,2026-06-16,19,2099,41,0.0195,2086,2099,68363,105423
REVO,GSM_MOVI,2026-06,2026-06-16,19,1035,86,0.0831,966,1035,64541,77900
REVO,GSM_PERS,2026-06,2026-06-16,19,2767,127,0.0459,2304,2767,127551,185062
ADT0,GSM_MOVI,2026-06,2026-06-16,20,5448,743,0.1364,3557,5152,15637,43251
AUSO,GSM_MOVI,2026-06,2026-06-16,20,542,112,0.2066,513,541,8699,12010
AYS3,GSM_PERS,2026-06,2026-06-16,20,27,3,0.1111,26,27,1266,1356
AYSA,GSM_PERS,2026-06,2026-06-16,20,139,20,0.1439,137,139,16879,25757
AYSE,GSM_PERS,2026-06,2026-06-16,20,110,18,0.1636,95,110,8530,13249
AYSJ,GSM_MOVI,2026-06,2026-06-16,20,715,27,0.0378,513,622,929,1295
DRTV,GSM_MOVI,2026-06,2026-06-16,20,60,7,0.1167,56,60,4109,4994
DRTV,GSM_PERS,2026-06,2026-06-16,20,351,11,0.0313,242,351,4847,8847
DRTW,GSM_PERS,2026-06,2026-06-16,20,623,38,0.0610,481,620,5285,8827
MEL0,GSM_MOVI,2026-06,2026-06-16,20,1856,79,0.0426,1693,1830,58422,86190
MEL0,GSM_PERS,2026-06,2026-06-16,20,1022,74,0.0724,917,1022,53014,84080
REVO,GSM_MOVI,2026-06,2026-06-16,20,922,76,0.0824,861,922,64541,77900
REVO,GSM_PERS,2026-06,2026-06-16,20,3991,209,0.0524,3171,3990,127551,185062
ADT0,GSM_MOVI,2026-06,2026-06-16,21,9,2,0.2222,9,9,15637,43251
MEL0,GSM_MOVI,2026-06,2026-06-16,21,4,0,0.0000,4,4,58422,86190
MEL0,GSM_PERS,2026-06,2026-06-16,21,5,0,0.0000,5,5,53014,84080
REVO,GSM_PERS,2026-06,2026-06-16,21,17,0,0.0000,16,17,127551,185062
ADT0,GSM_MOVI,2026-06,2026-06-17,8,2043,239,0.1170,1421,1964,15637,43251
AUSO,GSM_MOVI,2026-06,2026-06-17,8,917,157,0.1712,819,917,14210,22075
AYS3,GSM_PERS,2026-06,2026-06-17,8,62,3,0.0484,47,43,1266,1356
AYSA,GSM_MOVI,2026-06,2026-06-17,8,29,1,0.0345,28,29,13655,21597
AYSA,GSM_PERS,2026-06,2026-06-17,8,114,20,0.1754,111,114,16879,25757
AYSE,GSM_MOVI,2026-06,2026-06-17,8,247,57,0.2308,226,247,10085,15643
AYSE,GSM_PERS,2026-06,2026-06-17,8,798,87,0.1090,668,795,8530,13249
DRTV,GSM_MOVI,2026-06,2026-06-17,8,182,14,0.0769,162,182,4109,4994
DRTV,GSM_PERS,2026-06,2026-06-17,8,949,34,0.0358,659,949,4847,8847
DRTW,GSM_PERS,2026-06,2026-06-17,8,594,28,0.0471,450,594,5285,8827
MEL0,GSM_MOVI,2026-06,2026-06-17,8,1105,37,0.0335,1035,1105,58422,86190
OEST,GSM_PERS,2026-06,2026-06-17,8,584,52,0.0890,456,584,5773,8506
ADT0,GSM_MOVI,2026-06,2026-06-17,9,1891,174,0.0920,877,1752,15637,43251
AUSO,GSM_MOVI,2026-06,2026-06-17,9,2187,420,0.1920,1721,2176,13637,21322
AYS3,GSM_PERS,2026-06,2026-06-17,9,661,59,0.0893,632,655,1266,1356
AYS3,MOVI,2026-06,2026-06-17,9,50,3,0.0600,32,50,1580,2131
AYSA,GSM_MOVI,2026-06,2026-06-17,9,174,18,0.1034,167,174,13655,21597
AYSA,GSM_PERS,2026-06,2026-06-17,9,586,54,0.0922,525,583,16879,25757
AYSA,MOVI,2026-06,2026-06-17,9,493,26,0.0527,409,490,18073,27574
AYSC,MOVI,2026-06,2026-06-17,9,1274,48,0.0377,584,1255,586,1262
AYSE,GSM_MOVI,2026-06,2026-06-17,9,136,30,0.2206,125,135,10085,15643
AYSE,GSM_PERS,2026-06,2026-06-17,9,1440,184,0.1278,1178,1385,8530,13249
DRTV,GSM_MOVI,2026-06,2026-06-17,9,307,25,0.0814,261,307,4109,4994
DRTV,GSM_PERS,2026-06,2026-06-17,9,2247,81,0.0360,1533,2160,6598,10871
DRTW,GSM_MOVI,2026-06,2026-06-17,9,1318,46,0.0349,997,1318,6280,8138
DRTW,GSM_PERS,2026-06,2026-06-17,9,831,32,0.0385,618,806,5285,8827
DRTW,MOVI,2026-06,2026-06-17,9,704,42,0.0597,692,704,8947,11355
MEL0,GSM_MOVI,2026-06,2026-06-17,9,353,24,0.0680,325,353,58422,86190
OEST,GSM_MOVI,2026-06,2026-06-17,9,2414,295,0.1222,1966,2407,5478,7908
OEST,GSM_PERS,2026-06,2026-06-17,9,983,92,0.0936,763,980,5773,8506
ADT0,GSM_MOVI,2026-06,2026-06-17,10,1137,105,0.0923,589,1053,13837,38513
AUSO,GSM_MOVI,2026-06,2026-06-17,10,1108,223,0.2013,911,1107,5511,10065
AUSO,Sin proveedor,2026-06,2026-06-17,10,1,1,1.0000,1,1,3,3
AYS3,GSM_PERS,2026-06,2026-06-17,10,281,23,0.0819,272,280,1266,1356
AYSA,GSM_MOVI,2026-06,2026-06-17,10,101,10,0.0990,101,100,13655,21597
AYSA,GSM_PERS,2026-06,2026-06-17,10,1860,179,0.0962,1748,1853,16879,25757
AYSA,MOVI,2026-06,2026-06-17,10,280,22,0.0786,277,279,14576,23395
AYSE,GSM_PERS,2026-06,2026-06-17,10,815,91,0.1117,630,783,8530,13249
CVIA,GSM_PERS,2026-06,2026-06-17,10,59,3,0.0508,38,59,39,61
DRTV,GSM_MOVI,2026-06,2026-06-17,10,304,28,0.0921,269,304,4109,4994
DRTV,GSM_PERS,2026-06,2026-06-17,10,1964,89,0.0453,1361,1891,6598,10871
DRTV,MOVI,2026-06,2026-06-17,10,370,21,0.0568,366,370,7823,9367
DRTW,GSM_MOVI,2026-06,2026-06-17,10,312,30,0.0962,264,312,5408,6908
DRTW,GSM_PERS,2026-06,2026-06-17,10,585,25,0.0427,437,576,5285,8827
DRTW,MOVI,2026-06,2026-06-17,10,482,38,0.0788,475,479,8947,11355
FIME,GSM_MOVI,2026-06,2026-06-17,10,3512,146,0.0416,3389,3509,11522,12038
MEL0,GSM_MOVI,2026-06,2026-06-17,10,651,41,0.0630,598,651,58422,86190
MEL0,GSM_PERS,2026-06,2026-06-17,10,118,10,0.0847,100,118,53014,84080
MEL0,MOVI,2026-06,2026-06-17,10,897,87,0.0970,888,897,68363,105423
OEST,GSM_MOVI,2026-06,2026-06-17,10,2156,291,0.1350,1740,2152,5478,7908
OEST,GSM_PERS,2026-06,2026-06-17,10,721,70,0.0971,596,720,5773,8506
ADT0,GSM_MOVI,2026-06,2026-06-17,11,665,72,0.1083,419,635,15637,43251
AUSO,GSM_MOVI,2026-06,2026-06-17,11,180,40,0.2222,163,180,5511,10065
AYS3,GSM_PERS,2026-06,2026-06-17,11,2,0,0.0000,2,2,676,755
AYSA,GSM_MOVI,2026-06,2026-06-17,11,63,10,0.1587,63,63,13655,21597
AYSA,GSM_PERS,2026-06,2026-06-17,11,211,18,0.0853,185,210,16879,25757
AYSA,MOVI,2026-06,2026-06-17,11,273,27,0.0989,267,270,14576,23395
AYSE,GSM_PERS,2026-06,2026-06-17,11,637,84,0.1319,516,618,8530,13249
DRTV,GSM_MOVI,2026-06,2026-06-17,11,2380,211,0.0887,2069,2380,4109,4994
DRTV,GSM_PERS,2026-06,2026-06-17,11,1285,52,0.0405,919,1254,6598,10871
DRTV,MOVI,2026-06,2026-06-17,11,357,21,0.0588,353,357,7823,9367
DRTW,GSM_MOVI,2026-06,2026-06-17,11,150,12,0.0800,133,150,5408,6908
DRTW,GSM_PERS,2026-06,2026-06-17,11,182,8,0.0440,124,182,5285,8827
DRTW,MOVI,2026-06,2026-06-17,11,470,30,0.0638,466,470,8947,11355
FIME,GSM_MOVI,2026-06,2026-06-17,11,3960,183,0.0462,3836,3956,11522,12038
MEL0,GSM_MOVI,2026-06,2026-06-17,11,1103,86,0.0780,1015,1103,58422,86190
MEL0,GSM_PERS,2026-06,2026-06-17,11,1927,136,0.0706,1663,1926,53014,84080
MEL0,MOVI,2026-06,2026-06-17,11,2939,261,0.0888,2856,2938,68363,105423
OEST,GSM_PERS,2026-06,2026-06-17,11,567,55,0.0970,444,566,5773,8506
ADT0,GSM_MOVI,2026-06,2026-06-17,12,1028,126,0.1226,577,983,15637,43251
AUSO,GSM_MOVI,2026-06,2026-06-17,12,105,16,0.1524,95,105,5511,10065
AUSO,Sin proveedor,2026-06,2026-06-17,12,1,1,1.0000,1,1,3,3
AYS3,GSM_PERS,2026-06,2026-06-17,12,12,3,0.2500,10,12,1266,1356
AYSA,GSM_MOVI,2026-06,2026-06-17,12,1313,200,0.1523,1271,1308,13655,21597
AYSA,GSM_PERS,2026-06,2026-06-17,12,177,15,0.0847,151,177,16879,25757
AYSA,MOVI,2026-06,2026-06-17,12,347,23,0.0663,339,345,14576,23395
AYSE,GSM_PERS,2026-06,2026-06-17,12,1112,126,0.1133,898,1068,8530,13249
DRTV,GSM_MOVI,2026-06,2026-06-17,12,1063,103,0.0969,971,1062,4109,4994
DRTV,GSM_PERS,2026-06,2026-06-17,12,1713,71,0.0414,1322,1653,6598,10871
DRTV,MOVI,2026-06,2026-06-17,12,373,26,0.0697,367,373,7823,9367
DRTW,GSM_MOVI,2026-06,2026-06-17,12,238,15,0.0630,206,238,5408,6908
DRTW,GSM_PERS,2026-06,2026-06-17,12,132,7,0.0530,104,132,5285,8827
DRTW,MOVI,2026-06,2026-06-17,12,446,32,0.0717,442,446,8947,11355
DRTW,Sin proveedor,2026-06,2026-06-17,12,1,1,1.0000,1,1,5,5
FIME,GSM_MOVI,2026-06,2026-06-17,12,4098,210,0.0512,3995,4096,11522,12038
MEL0,GSM_MOVI,2026-06,2026-06-17,12,1786,181,0.1013,1516,1735,58422,86190
MEL0,GSM_PERS,2026-06,2026-06-17,12,1530,126,0.0824,1376,1530,53014,84080
MEL0,MOVI,2026-06,2026-06-17,12,2943,262,0.0890,2866,2942,68363,105423
OEST,GSM_PERS,2026-06,2026-06-17,12,523,52,0.0994,442,521,5773,8506
ADT0,GSM_MOVI,2026-06,2026-06-17,13,2674,311,0.1163,1224,2515,15637,43251
ADT1,GSM_MOVI,2026-06,2026-06-17,13,45,1,0.0222,20,44,339,709
AYS3,GSM_MOVI,2026-06,2026-06-17,13,84,9,0.1071,83,84,6141,9176
AYS3,GSM_PERS,2026-06,2026-06-17,13,9,0,0.0000,9,9,1266,1356
AYSA,GSM_PERS,2026-06,2026-06-17,13,207,26,0.1256,192,202,16879,25757
AYSA,MOVI,2026-06,2026-06-17,13,324,23,0.0710,314,322,14576,23395
AYSE,GSM_PERS,2026-06,2026-06-17,13,1766,197,0.1116,1355,1664,8530,13249
DRTV,GSM_PERS,2026-06,2026-06-17,13,1959,75,0.0383,1607,1902,6598,10871
DRTV,MOVI,2026-06,2026-06-17,13,353,24,0.0680,351,353,7823,9367
DRTV,Sin proveedor,2026-06,2026-06-17,13,2,2,1.0000,1,1,2,2
DRTW,GSM_MOVI,2026-06,2026-06-17,13,612,60,0.0980,493,612,5408,6908
DRTW,GSM_PERS,2026-06,2026-06-17,13,212,11,0.0519,186,211,5285,8827
DRTW,MOVI,2026-06,2026-06-17,13,403,26,0.0645,402,403,8947,11355
FIME,GSM_MOVI,2026-06,2026-06-17,13,486,31,0.0638,480,486,11522,12038
MEL0,GSM_MOVI,2026-06,2026-06-17,13,2159,165,0.0764,1746,2049,58422,86190
MEL0,GSM_PERS,2026-06,2026-06-17,13,1083,71,0.0656,1012,1083,53014,84080
MEL0,MOVI,2026-06,2026-06-17,13,3031,285,0.0940,2945,3031,68363,105423
OEST,GSM_PERS,2026-06,2026-06-17,13,658,79,0.1201,571,658,5773,8506
ADT0,GSM_MOVI,2026-06,2026-06-17,14,3536,375,0.1061,2024,3332,15637,43251
ADT1,GSM_MOVI,2026-06,2026-06-17,14,480,25,0.0521,235,459,339,709
AUSO,Sin proveedor,2026-06,2026-06-17,14,2,2,1.0000,2,2,10,10
AYS3,GSM_MOVI,2026-06,2026-06-17,14,372,32,0.0860,361,371,6141,9176
AYS3,GSM_PERS,2026-06,2026-06-17,14,7,1,0.1429,7,6,1266,1356
AYSA,GSM_PERS,2026-06,2026-06-17,14,204,24,0.1176,188,204,16879,25757
AYSA,MOVI,2026-06,2026-06-17,14,320,26,0.0813,313,319,14576,23395
AYSE,GSM_PERS,2026-06,2026-06-17,14,1324,150,0.1133,1050,1246,8530,13249
DRTV,GSM_PERS,2026-06,2026-06-17,14,1478,66,0.0447,1173,1440,6598,10871
DRTV,MOVI,2026-06,2026-06-17,14,385,23,0.0597,383,385,7823,9367
DRTW,GSM_MOVI,2026-06,2026-06-17,14,2012,190,0.0944,1718,2012,5408,6908
DRTW,GSM_PERS,2026-06,2026-06-17,14,608,26,0.0428,486,600,5285,8827
DRTW,MOVI,2026-06,2026-06-17,14,451,28,0.0621,446,451,8947,11355
MEL0,GSM_MOVI,2026-06,2026-06-17,14,1213,56,0.0462,1051,1213,58422,86190
MEL0,GSM_PERS,2026-06,2026-06-17,14,1178,98,0.0832,1080,1178,53014,84080
MEL0,MOVI,2026-06,2026-06-17,14,2985,286,0.0958,2903,2984,68363,105423
OEST,GSM_PERS,2026-06,2026-06-17,14,661,64,0.0968,564,660,5773,8506
ADT0,GSM_MOVI,2026-06,2026-06-17,15,4641,468,0.1008,2800,4401,15637,43251
AYS3,GSM_MOVI,2026-06,2026-06-17,15,134,15,0.1119,131,134,6141,9176
AYS3,GSM_PERS,2026-06,2026-06-17,15,14,1,0.0714,13,12,1266,1356
AYSA,GSM_PERS,2026-06,2026-06-17,15,516,36,0.0698,465,509,16879,25757
AYSA,MOVI,2026-06,2026-06-17,15,619,42,0.0679,597,615,14576,23395
AYSE,GSM_PERS,2026-06,2026-06-17,15,566,52,0.0919,478,557,8530,13249
DRTV,GSM_PERS,2026-06,2026-06-17,15,881,42,0.0477,687,866,4847,8847
DRTV,MOVI,2026-06,2026-06-17,15,395,22,0.0557,393,395,7823,9367
DRTV,Sin proveedor,2026-06,2026-06-17,15,1,1,1.0000,1,1,4,4
DRTW,GSM_MOVI,2026-06,2026-06-17,15,2642,224,0.0848,2237,2641,5408,6908
DRTW,GSM_PERS,2026-06,2026-06-17,15,1503,82,0.0546,1200,1480,5285,8827
DRTW,MOVI,2026-06,2026-06-17,15,507,29,0.0572,500,507,8947,11355
MEL0,GSM_MOVI,2026-06,2026-06-17,15,1554,89,0.0573,1398,1554,58422,86190
MEL0,GSM_PERS,2026-06,2026-06-17,15,917,72,0.0785,822,917,53014,84080
MEL0,MOVI,2026-06,2026-06-17,15,632,115,0.1820,613,632,68363,105423
OEST,GSM_PERS,2026-06,2026-06-17,15,648,72,0.1111,526,647,5773,8506
ADT0,GSM_MOVI,2026-06,2026-06-17,16,6021,645,0.1071,3531,5672,15637,43251
AYS3,GSM_PERS,2026-06,2026-06-17,16,35,10,0.2857,31,34,1266,1356
AYSA,GSM_MOVI,2026-06,2026-06-17,16,313,19,0.0607,225,313,13655,21597
AYSA,GSM_PERS,2026-06,2026-06-17,16,1123,91,0.0810,992,1113,16879,25757
AYSA,MOVI,2026-06,2026-06-17,16,680,59,0.0868,649,669,14576,23395
AYSE,GSM_PERS,2026-06,2026-06-17,16,469,46,0.0981,391,467,8530,13249
DRTV,GSM_PERS,2026-06,2026-06-17,16,1070,39,0.0364,820,1039,4847,8847
DRTV,MOVI,2026-06,2026-06-17,16,370,28,0.0757,367,370,7823,9367
DRTW,GSM_MOVI,2026-06,2026-06-17,16,355,26,0.0732,328,355,5408,6908
DRTW,GSM_PERS,2026-06,2026-06-17,16,646,27,0.0418,517,640,5285,8827
DRTW,MOVI,2026-06,2026-06-17,16,473,27,0.0571,468,473,8947,11355
MEL0,GSM_MOVI,2026-06,2026-06-17,16,1857,129,0.0695,1648,1857,58422,86190
MEL0,GSM_PERS,2026-06,2026-06-17,16,1027,65,0.0633,917,1010,53014,84080
OEST,GSM_PERS,2026-06,2026-06-17,16,595,54,0.0908,516,595,5773,8506
ADT0,GSM_MOVI,2026-06,2026-06-17,17,2612,311,0.1191,1394,2575,15637,43251
AYS3,GSM_PERS,2026-06,2026-06-17,17,38,2,0.0526,33,33,1266,1356
AYSA,GSM_MOVI,2026-06,2026-06-17,17,4464,277,0.0621,3455,4439,21631,33163
AYSA,GSM_PERS,2026-06,2026-06-17,17,842,83,0.0986,754,838,16879,25757
AYSA,MOVI,2026-06,2026-06-17,17,785,61,0.0777,737,764,14576,23395
AYSE,GSM_MOVI,2026-06,2026-06-17,17,186,14,0.0753,146,186,10085,15643
AYSE,GSM_PERS,2026-06,2026-06-17,17,509,59,0.1159,458,509,8530,13249
DRTV,GSM_PERS,2026-06,2026-06-17,17,1342,50,0.0373,1031,1283,4847,8847
DRTV,MOVI,2026-06,2026-06-17,17,367,16,0.0436,362,367,7823,9367
DRTW,GSM_PERS,2026-06,2026-06-17,17,505,24,0.0475,418,505,3237,6164
DRTW,MOVI,2026-06,2026-06-17,17,467,25,0.0535,463,467,8947,11355
MEL0,GSM_MOVI,2026-06,2026-06-17,17,2502,146,0.0584,2249,2502,58422,86190
MEL0,GSM_PERS,2026-06,2026-06-17,17,1394,109,0.0782,1277,1394,53014,84080
MEL0,MOVI,2026-06,2026-06-17,17,941,36,0.0383,904,941,68363,105423
OEST,GSM_PERS,2026-06,2026-06-17,17,527,45,0.0854,467,527,5773,8506
ADT0,GSM_MOVI,2026-06,2026-06-17,18,662,38,0.0574,456,646,13837,38513
AYS3,GSM_PERS,2026-06,2026-06-17,18,42,6,0.1429,36,39,1266,1356
AYSA,GSM_MOVI,2026-06,2026-06-17,18,5637,320,0.0568,4232,5508,21631,33163
AYSA,GSM_PERS,2026-06,2026-06-17,18,838,75,0.0895,775,829,16879,25757
AYSA,MOVI,2026-06,2026-06-17,18,134,10,0.0746,134,134,14576,23395
AYSE,GSM_MOVI,2026-06,2026-06-17,18,859,64,0.0745,613,859,10085,15643
AYSE,GSM_PERS,2026-06,2026-06-17,18,488,53,0.1086,415,487,8530,13249
DRTV,GSM_PERS,2026-06,2026-06-17,18,1352,74,0.0547,1071,1312,4847,8847
DRTV,MOVI,2026-06,2026-06-17,18,349,18,0.0516,348,349,7823,9367
DRTW,GSM_PERS,2026-06,2026-06-17,18,428,19,0.0444,340,428,3237,6164
DRTW,MOVI,2026-06,2026-06-17,18,432,29,0.0671,426,432,8947,11355
MEL0,GSM_MOVI,2026-06,2026-06-17,18,2961,131,0.0442,2619,2960,58422,86190
MEL0,GSM_PERS,2026-06,2026-06-17,18,1490,112,0.0752,1369,1490,53014,84080
MEL0,MOVI,2026-06,2026-06-17,18,3029,125,0.0413,2726,3029,68363,105423
OEST,GSM_PERS,2026-06,2026-06-17,18,595,52,0.0874,535,595,5773,8506
ADT0,GSM_MOVI,2026-06,2026-06-17,19,1579,110,0.0697,954,1517,13837,38513
AYS3,GSM_PERS,2026-06,2026-06-17,19,35,3,0.0857,31,33,1266,1356
AYSA,GSM_MOVI,2026-06,2026-06-17,19,3135,98,0.0313,2136,3129,21631,33163
AYSA,GSM_PERS,2026-06,2026-06-17,19,1320,100,0.0758,1184,1295,16879,25757
AYSE,GSM_MOVI,2026-06,2026-06-17,19,2706,190,0.0702,1847,2694,10085,15643
AYSE,GSM_PERS,2026-06,2026-06-17,19,396,42,0.1061,345,396,8530,13249
DRTV,GSM_PERS,2026-06,2026-06-17,19,723,27,0.0373,633,723,4847,8847
DRTV,MOVI,2026-06,2026-06-17,19,431,25,0.0580,426,431,7823,9367
DRTW,GSM_PERS,2026-06,2026-06-17,19,295,14,0.0475,258,295,3237,6164
DRTW,MOVI,2026-06,2026-06-17,19,479,28,0.0585,475,478,8947,11355
MEL0,GSM_MOVI,2026-06,2026-06-17,19,5,1,0.2000,5,5,58422,86190
MEL0,GSM_PERS,2026-06,2026-06-17,19,2106,175,0.0831,1928,2106,53014,84080
MEL0,MOVI,2026-06,2026-06-17,19,1258,64,0.0509,1175,1258,68363,105423
OEST,GSM_PERS,2026-06,2026-06-17,19,525,49,0.0933,466,524,5773,8506
ADT0,GSM_MOVI,2026-06,2026-06-17,20,715,41,0.0573,508,698,13837,38513
AYS3,GSM_PERS,2026-06,2026-06-17,20,58,4,0.0690,45,53,1266,1356
AYSA,GSM_MOVI,2026-06,2026-06-17,20,6004,209,0.0348,4214,5974,21631,33163
AYSA,GSM_PERS,2026-06,2026-06-17,20,1507,151,0.1002,1312,1479,16879,25757
AYSE,GSM_MOVI,2026-06,2026-06-17,20,3616,231,0.0639,2528,3612,10085,15643
DRTV,MOVI,2026-06,2026-06-17,20,358,18,0.0503,356,358,7823,9367
DRTW,MOVI,2026-06,2026-06-17,20,510,30,0.0588,500,510,8947,11355
MEL0,GSM_MOVI,2026-06,2026-06-17,20,7,0,0.0000,6,7,58422,86190
MEL0,GSM_PERS,2026-06,2026-06-17,20,2541,217,0.0854,2256,2541,53014,84080
ADT0,GSM_MOVI,2026-06,2026-06-17,21,3,0,0.0000,3,3,13837,38513
AYS3,GSM_PERS,2026-06,2026-06-17,21,3,0,0.0000,3,3,676,755
AYSA,GSM_MOVI,2026-06,2026-06-17,21,13,0,0.0000,12,13,21631,33163
AYSA,GSM_PERS,2026-06,2026-06-17,21,10,2,0.2000,10,10,14425,23147
AYSE,GSM_MOVI,2026-06,2026-06-17,21,4,0,0.0000,4,4,7521,11766
DRTV,MOVI,2026-06,2026-06-17,21,5,1,0.2000,5,5,6166,7469
DRTW,MOVI,2026-06,2026-06-17,21,2,1,0.5000,2,2,3051,3825
MEL0,GSM_PERS,2026-06,2026-06-17,21,9,1,0.1111,9,9,53014,84080
ADT0,GSM_MOVI,2026-06,2026-06-18,8,633,57,0.0900,361,600,13837,38513
AUSO,GSM_MOVI,2026-06,2026-06-18,8,529,50,0.0945,483,529,12690,16995
AYS3,GSM_PERS,2026-06,2026-06-18,8,38,4,0.1053,31,32,1266,1356
AYSA,GSM_MOVI,2026-06,2026-06-18,8,1411,45,0.0319,1164,1409,21631,33163
AYSA,GSM_PERS,2026-06,2026-06-18,8,404,41,0.1015,371,387,16879,25757
AYSE,GSM_MOVI,2026-06,2026-06-18,8,1001,85,0.0849,834,1000,10085,15643
AYSE,GSM_PERS,2026-06,2026-06-18,8,16,5,0.3125,15,15,8530,13249
MEL0,GSM_MOVI,2026-06,2026-06-18,8,1,0,0.0000,1,1,58422,86190
MEL0,GSM_PERS,2026-06,2026-06-18,8,738,24,0.0325,686,738,53014,84080
OEST,GSM_MOVI,2026-06,2026-06-18,8,845,91,0.1077,760,844,6150,8347
REVO,GSM_PERS,2026-06,2026-06-18,8,1163,22,0.0189,1094,1163,68286,96815
ADT0,GSM_MOVI,2026-06,2026-06-18,9,1305,128,0.0981,750,1264,13837,38513
AUSO,GSM_MOVI,2026-06,2026-06-18,9,2742,309,0.1127,2509,2740,12690,16995
AYS3,GSM_PERS,2026-06,2026-06-18,9,86,5,0.0581,84,85,1266,1356
AYS3,MOVI,2026-06,2026-06-18,9,50,1,0.0200,32,50,1580,2131
AYSA,GSM_MOVI,2026-06,2026-06-18,9,857,32,0.0373,755,856,21631,33163
AYSA,GSM_PERS,2026-06,2026-06-18,9,673,62,0.0921,603,645,16879,25757
AYSA,MOVI,2026-06,2026-06-18,9,208,9,0.0433,131,208,3497,4179
AYSC,MOVI,2026-06,2026-06-18,9,1271,59,0.0464,584,1252,586,1262
AYSE,GSM_MOVI,2026-06,2026-06-18,9,294,22,0.0748,249,294,10085,15643
AYSE,GSM_PERS,2026-06,2026-06-18,9,1145,123,0.1074,950,1144,8530,13249
AYSE,MOVI,2026-06,2026-06-18,9,62,62,1.0000,59,62,1564,2086
DRTV,GSM_MOVI,2026-06,2026-06-18,9,236,10,0.0424,221,236,4109,4994
DRTW,GSM_PERS,2026-06,2026-06-18,9,177,13,0.0734,158,177,5285,8827
MEL0,GSM_MOVI,2026-06,2026-06-18,9,74,6,0.0811,74,74,58422,86190
MEL0,GSM_PERS,2026-06,2026-06-18,9,1602,86,0.0537,1463,1602,53014,84080
OEST,GSM_MOVI,2026-06,2026-06-18,9,4055,504,0.1243,3522,4043,6150,8347
REVO,GSM_PERS,2026-06,2026-06-18,9,1415,42,0.0297,1344,1415,68286,96815
ADT0,GSM_MOVI,2026-06,2026-06-18,10,1285,157,0.1222,687,1212,15637,43251
AUSO,GSM_MOVI,2026-06,2026-06-18,10,3106,399,0.1285,2823,3096,12690,16995
AYS3,GSM_PERS,2026-06,2026-06-18,10,62,3,0.0484,62,62,1266,1356
AYSA,GSM_MOVI,2026-06,2026-06-18,10,289,40,0.1384,281,289,13655,21597
AYSA,GSM_PERS,2026-06,2026-06-18,10,536,56,0.1045,496,527,16879,25757
AYSE,GSM_MOVI,2026-06,2026-06-18,10,4,1,0.2500,4,4,3517,5374
AYSE,GSM_PERS,2026-06,2026-06-18,10,1786,248,0.1389,1482,1783,8530,13249
AYSE,MOVI,2026-06,2026-06-18,10,69,69,1.0000,67,69,1564,2086
DRTV,GSM_MOVI,2026-06,2026-06-18,10,302,14,0.0464,274,302,4109,4994
DRTW,GSM_PERS,2026-06,2026-06-18,10,236,11,0.0466,207,236,5285,8827
DRTW,MOVI,2026-06,2026-06-18,10,777,39,0.0502,762,777,8947,11355
FIME,GSM_MOVI,2026-06,2026-06-18,10,2853,122,0.0428,2767,2853,11522,12038
MEL0,GSM_MOVI,2026-06,2026-06-18,10,257,35,0.1362,245,257,58422,86190
MEL0,GSM_PERS,2026-06,2026-06-18,10,1276,92,0.0721,1162,1255,53014,84080
MEL0,MOVI,2026-06,2026-06-18,10,1528,90,0.0589,1492,1528,68363,105423
OEST,GSM_MOVI,2026-06,2026-06-18,10,1356,184,0.1357,1252,1354,6150,8347
REVO,GSM_PERS,2026-06,2026-06-18,10,1036,30,0.0290,995,1036,68286,96815
ADT0,GSM_MOVI,2026-06,2026-06-18,11,1094,122,0.1115,643,1046,15637,43251
AUSO,GSM_MOVI,2026-06,2026-06-18,11,2670,354,0.1326,2475,2666,12690,16995
AYS3,GSM_PERS,2026-06,2026-06-18,11,82,7,0.0854,79,77,1266,1356
AYSA,GSM_MOVI,2026-06,2026-06-18,11,1128,155,0.1374,1106,1124,13655,21597
AYSA,GSM_PERS,2026-06,2026-06-18,11,530,57,0.1075,474,521,16879,25757
AYSE,GSM_PERS,2026-06,2026-06-18,11,1781,228,0.1280,1431,1777,8530,13249
AYSE,MOVI,2026-06,2026-06-18,11,73,73,1.0000,73,73,1564,2086
DRTV,GSM_MOVI,2026-06,2026-06-18,11,184,14,0.0761,170,184,4109,4994
DRTW,GSM_PERS,2026-06,2026-06-18,11,232,9,0.0388,195,232,5285,8827
DRTW,MOVI,2026-06,2026-06-18,11,857,50,0.0583,835,857,8947,11355
FIME,GSM_MOVI,2026-06,2026-06-18,11,4084,170,0.0416,3990,4080,11522,12038
MEL0,GSM_MOVI,2026-06,2026-06-18,11,767,78,0.1017,721,767,58422,86190
MEL0,GSM_PERS,2026-06,2026-06-18,11,566,35,0.0618,515,566,53014,84080
MEL0,MOVI,2026-06,2026-06-18,11,3457,178,0.0515,3355,3456,68363,105423
REVO,GSM_PERS,2026-06,2026-06-18,11,1431,40,0.0280,1364,1430,68286,96815
ADT0,GSM_MOVI,2026-06,2026-06-18,12,1572,182,0.1158,771,1498,15637,43251
AUSO,GSM_MOVI,2026-06,2026-06-18,12,1256,152,0.1210,1176,1254,12690,16995
AYS3,GSM_MOVI,2026-06,2026-06-18,12,19,4,0.2105,19,19,6141,9176
AYS3,GSM_PERS,2026-06,2026-06-18,12,75,3,0.0400,67,75,1266,1356
AYSA,GSM_MOVI,2026-06,2026-06-18,12,95,20,0.2105,95,95,13655,21597
AYSA,GSM_PERS,2026-06,2026-06-18,12,814,114,0.1400,719,799,16879,25757
AYSE,GSM_MOVI,2026-06,2026-06-18,12,15,7,0.4667,14,15,8405,12968
AYSE,MOVI,2026-06,2026-06-18,12,459,50,0.1089,426,459,1564,2086
DRTV,GSM_MOVI,2026-06,2026-06-18,12,365,24,0.0658,315,365,4109,4994
DRTW,GSM_PERS,2026-06,2026-06-18,12,258,32,0.1240,215,258,5285,8827
DRTW,MOVI,2026-06,2026-06-18,12,801,57,0.0712,785,800,8947,11355
FIME,GSM_MOVI,2026-06,2026-06-18,12,5119,277,0.0541,4950,5115,11522,12038
MEL0,GSM_MOVI,2026-06,2026-06-18,12,1400,152,0.1086,1252,1400,58422,86190
MEL0,GSM_PERS,2026-06,2026-06-18,12,821,100,0.1218,712,821,53014,84080
MEL0,MOVI,2026-06,2026-06-18,12,3458,190,0.0549,3375,3457,68363,105423
ADT0,GSM_MOVI,2026-06,2026-06-18,13,3638,422,0.1160,1575,3399,15637,43251
ADT1,GSM_MOVI,2026-06,2026-06-18,13,105,5,0.0476,52,103,339,709
AYS3,GSM_MOVI,2026-06,2026-06-18,13,118,11,0.0932,117,118,6141,9176
AYS3,GSM_PERS,2026-06,2026-06-18,13,147,10,0.0680,140,145,1266,1356
AYSA,GSM_PERS,2026-06,2026-06-18,13,1387,174,0.1255,1222,1353,16879,25757
AYSE,GSM_MOVI,2026-06,2026-06-18,13,104,39,0.3750,96,104,10085,15643
AYSE,MOVI,2026-06,2026-06-18,13,545,30,0.0550,507,545,1564,2086
DRTV,GSM_MOVI,2026-06,2026-06-18,13,655,33,0.0504,567,655,4109,4994
DRTW,GSM_PERS,2026-06,2026-06-18,13,518,47,0.0907,442,518,5285,8827
DRTW,MOVI,2026-06,2026-06-18,13,875,57,0.0651,863,875,8947,11355
DRTW,Sin proveedor,2026-06,2026-06-18,13,1,1,1.0000,1,1,12,14
MEL0,GSM_MOVI,2026-06,2026-06-18,13,1734,187,0.1078,1487,1734,58422,86190
MEL0,GSM_PERS,2026-06,2026-06-18,13,1338,114,0.0852,1161,1338,53014,84080
MEL0,MOVI,2026-06,2026-06-18,13,3603,171,0.0475,3498,3602,68363,105423
ADT0,GSM_MOVI,2026-06,2026-06-18,14,3732,390,0.1045,1609,3483,15637,43251
ADT1,GSM_MOVI,2026-06,2026-06-18,14,109,2,0.0183,50,106,339,709
AYS3,GSM_MOVI,2026-06,2026-06-18,14,116,22,0.1897,111,115,6141,9176
AYS3,GSM_PERS,2026-06,2026-06-18,14,172,19,0.1105,161,167,1266,1356
AYSA,GSM_PERS,2026-06,2026-06-18,14,1368,168,0.1228,1190,1323,16879,25757
AYSE,GSM_MOVI,2026-06,2026-06-18,14,16,6,0.3750,15,16,8405,12968
AYSE,MOVI,2026-06,2026-06-18,14,146,9,0.0616,142,146,1564,2086
DRTV,GSM_MOVI,2026-06,2026-06-18,14,810,38,0.0469,707,810,4109,4994
DRTW,GSM_PERS,2026-06,2026-06-18,14,467,42,0.0899,398,467,5285,8827
DRTW,MOVI,2026-06,2026-06-18,14,850,41,0.0482,839,850,8947,11355
MEL0,GSM_MOVI,2026-06,2026-06-18,14,1619,153,0.0945,1395,1619,58422,86190
MEL0,GSM_PERS,2026-06,2026-06-18,14,1404,111,0.0791,1244,1404,53014,84080
MEL0,MOVI,2026-06,2026-06-18,14,3763,171,0.0454,3636,3762,68363,105423
ADT0,GSM_MOVI,2026-06,2026-06-18,15,3588,351,0.0978,1544,3415,15637,43251
ADT1,GSM_MOVI,2026-06,2026-06-18,15,143,7,0.0490,73,140,339,709
AYS3,GSM_MOVI,2026-06,2026-06-18,15,82,12,0.1463,81,82,6141,9176
AYS3,GSM_PERS,2026-06,2026-06-18,15,167,16,0.0958,153,167,1266,1356
AYSA,GSM_PERS,2026-06,2026-06-18,15,1295,156,0.1205,1120,1261,16879,25757
AYSE,GSM_MOVI,2026-06,2026-06-18,15,26,9,0.3462,24,26,10085,15643
AYSE,MOVI,2026-06,2026-06-18,15,281,18,0.0641,273,281,1564,2086
DRTV,GSM_MOVI,2026-06,2026-06-18,15,597,30,0.0503,516,597,4109,4994
DRTW,GSM_PERS,2026-06,2026-06-18,15,418,23,0.0550,351,418,5285,8827
DRTW,MOVI,2026-06,2026-06-18,15,736,49,0.0666,723,736,8947,11355
MEL0,GSM_MOVI,2026-06,2026-06-18,15,1955,200,0.1023,1689,1955,58422,86190
MEL0,GSM_PERS,2026-06,2026-06-18,15,1532,121,0.0790,1345,1532,53014,84080
MEL0,MOVI,2026-06,2026-06-18,15,3630,185,0.0510,3528,3629,68363,105423
ADT0,GSM_MOVI,2026-06,2026-06-18,16,3099,303,0.0978,1408,2907,15637,43251
ADT1,GSM_MOVI,2026-06,2026-06-18,16,45,1,0.0222,22,42,339,709
AYS3,GSM_MOVI,2026-06,2026-06-18,16,147,14,0.0952,142,147,6141,9176
AYS3,GSM_PERS,2026-06,2026-06-18,16,202,14,0.0693,171,184,1266,1356
AYSA,GSM_MOVI,2026-06,2026-06-18,16,497,17,0.0342,344,493,13655,21597
AYSA,GSM_PERS,2026-06,2026-06-18,16,1345,179,0.1331,1202,1309,16879,25757
AYSE,GSM_MOVI,2026-06,2026-06-18,16,652,52,0.0798,425,651,6568,10269
AYSE,MOVI,2026-06,2026-06-18,16,176,8,0.0455,171,176,1564,2086
DRTV,GSM_MOVI,2026-06,2026-06-18,16,482,26,0.0539,418,482,4109,4994
DRTW,GSM_PERS,2026-06,2026-06-18,16,531,35,0.0659,454,531,5285,8827
DRTW,MOVI,2026-06,2026-06-18,16,666,38,0.0571,651,666,8947,11355
MEL0,GSM_MOVI,2026-06,2026-06-18,16,1344,122,0.0908,1152,1344,58422,86190
MEL0,GSM_PERS,2026-06,2026-06-18,16,1260,95,0.0754,1111,1260,53014,84080
MEL0,MOVI,2026-06,2026-06-18,16,3816,161,0.0422,3697,3814,68363,105423
ADT0,GSM_MOVI,2026-06,2026-06-18,17,844,102,0.1209,404,816,15637,43251
ADT1,GSM_MOVI,2026-06,2026-06-18,17,15,1,0.0667,5,15,339,709
AYS3,GSM_MOVI,2026-06,2026-06-18,17,857,10,0.0117,595,855,6141,9176
AYS3,GSM_PERS,2026-06,2026-06-18,17,136,15,0.1103,121,131,1266,1356
AYSA,GSM_MOVI,2026-06,2026-06-18,17,2701,122,0.0452,1762,2693,13655,21597
AYSA,GSM_PERS,2026-06,2026-06-18,17,1279,150,0.1173,1146,1244,16879,25757
AYSE,GSM_MOVI,2026-06,2026-06-18,17,1339,132,0.0986,901,1339,8150,12679
AYSE,MOVI,2026-06,2026-06-18,17,219,13,0.0594,211,219,1564,2086
DRTV,GSM_MOVI,2026-06,2026-06-18,17,120,10,0.0833,110,120,4109,4994
DRTW,GSM_PERS,2026-06,2026-06-18,17,498,34,0.0683,424,498,5285,8827
DRTW,MOVI,2026-06,2026-06-18,17,718,35,0.0487,701,718,8947,11355
MEL0,GSM_MOVI,2026-06,2026-06-18,17,375,35,0.0933,308,375,58422,86190
MEL0,GSM_PERS,2026-06,2026-06-18,17,1420,126,0.0887,1260,1420,53014,84080
MEL0,MOVI,2026-06,2026-06-18,17,3857,165,0.0428,3743,3853,68363,105423
ADT0,GSM_MOVI,2026-06,2026-06-18,18,689,59,0.0856,336,659,15637,43251
ADT1,GSM_MOVI,2026-06,2026-06-18,18,68,3,0.0441,43,66,339,709
AUSO,Sin proveedor,2026-06,2026-06-18,18,1,1,1.0000,1,1,1,1
AYS3,GSM_MOVI,2026-06,2026-06-18,18,974,18,0.0185,669,963,6141,9176
AYS3,GSM_PERS,2026-06,2026-06-18,18,139,21,0.1511,127,137,1266,1356
AYSA,GSM_MOVI,2026-06,2026-06-18,18,2668,113,0.0424,1718,2640,13655,21597
AYSA,GSM_PERS,2026-06,2026-06-18,18,1424,146,0.1025,1256,1376,16879,25757
AYSE,GSM_MOVI,2026-06,2026-06-18,18,1525,145,0.0951,1047,1520,6568,10269
DRTV,GSM_MOVI,2026-06,2026-06-18,18,135,6,0.0444,119,135,4109,4994
DRTW,GSM_PERS,2026-06,2026-06-18,18,509,41,0.0806,445,509,5285,8827
DRTW,MOVI,2026-06,2026-06-18,18,676,42,0.0621,663,676,8947,11355
MEL0,GSM_MOVI,2026-06,2026-06-18,18,368,42,0.1141,319,368,58422,86190
MEL0,GSM_PERS,2026-06,2026-06-18,18,1355,125,0.0923,1187,1355,53014,84080
MEL0,MOVI,2026-06,2026-06-18,18,2364,40,0.0169,2358,2364,68363,105423
ADT0,GSM_MOVI,2026-06,2026-06-18,19,840,93,0.1107,407,802,15637,43251
AYS3,GSM_MOVI,2026-06,2026-06-18,19,1333,21,0.0158,897,1323,6141,9176
AYS3,GSM_PERS,2026-06,2026-06-18,19,47,7,0.1489,42,45,1266,1356
AYSA,GSM_MOVI,2026-06,2026-06-18,19,2625,99,0.0377,1661,2607,13655,21597
AYSA,GSM_PERS,2026-06,2026-06-18,19,449,63,0.1403,409,447,16879,25757
AYSE,GSM_MOVI,2026-06,2026-06-18,19,1511,138,0.0913,1019,1505,10085,15643
DRTV,GSM_MOVI,2026-06,2026-06-18,19,90,9,0.1000,79,90,4109,4994
DRTW,GSM_PERS,2026-06,2026-06-18,19,147,11,0.0748,126,147,5285,8827
DRTW,MOVI,2026-06,2026-06-18,19,694,38,0.0548,681,694,8947,11355
MEL0,GSM_MOVI,2026-06,2026-06-18,19,350,39,0.1114,306,350,58422,86190
MEL0,GSM_PERS,2026-06,2026-06-18,19,742,74,0.0997,649,742,53014,84080
ADT0,GSM_MOVI,2026-06,2026-06-18,20,705,71,0.1007,358,671,15637,43251
ADT1,GSM_MOVI,2026-06,2026-06-18,20,7,1,0.1429,3,7,339,709
AYS3,GSM_MOVI,2026-06,2026-06-18,20,924,15,0.0162,643,920,6141,9176
AYSA,GSM_MOVI,2026-06,2026-06-18,20,3001,133,0.0443,1998,2987,13655,21597
AYSE,GSM_MOVI,2026-06,2026-06-18,20,1793,135,0.0753,1192,1790,6568,10269
DRTV,GSM_MOVI,2026-06,2026-06-18,20,105,9,0.0857,93,105,4109,4994
DRTW,MOVI,2026-06,2026-06-18,20,698,47,0.0673,691,698,8947,11355
MEL0,GSM_MOVI,2026-06,2026-06-18,20,372,40,0.1075,320,372,58422,86190
ADT0,GSM_MOVI,2026-06,2026-06-18,21,1,1,1.0000,1,1,13837,38513
AYSA,GSM_MOVI,2026-06,2026-06-18,21,7,0,0.0000,6,7,13655,21597
DRTW,MOVI,2026-06,2026-06-18,21,4,1,0.2500,4,4,7249,9204
ADT0,GSM_MOVI,2026-06,2026-06-19,8,1981,170,0.0858,930,1837,15637,43251
ADT1,GSM_MOVI,2026-06,2026-06-19,8,31,2,0.0645,21,31,339,709
AUSO,GSM_MOVI,2026-06,2026-06-19,8,671,138,0.2057,550,671,5511,10065
AYS3,GSM_MOVI,2026-06,2026-06-19,8,141,4,0.0284,101,140,6141,9176
AYS3,GSM_PERS,2026-06,2026-06-19,8,78,9,0.1154,65,68,1266,1356
AYSA,GSM_MOVI,2026-06,2026-06-19,8,719,25,0.0348,509,715,13655,21597
AYSA,GSM_PERS,2026-06,2026-06-19,8,308,49,0.1591,300,307,16879,25757
AYSE,GSM_MOVI,2026-06,2026-06-19,8,559,95,0.1699,448,539,10085,15643
AYSE,GSM_PERS,2026-06,2026-06-19,8,235,37,0.1574,229,234,8530,13249
DRTV,GSM_MOVI,2026-06,2026-06-19,8,299,15,0.0502,265,299,4109,4994
MEL0,GSM_MOVI,2026-06,2026-06-19,8,77,4,0.0519,70,77,58422,86190
OEST,GSM_PERS,2026-06,2026-06-19,8,1181,88,0.0745,908,1178,5773,8506
ADT0,GSM_MOVI,2026-06,2026-06-19,9,2247,207,0.0921,981,2101,15637,43251
AUSO,GSM_MOVI,2026-06,2026-06-19,9,2574,420,0.1632,1989,2563,5511,10065
AUSO,Sin proveedor,2026-06,2026-06-19,9,1,1,1.0000,1,1,3,3
AYS3,GSM_MOVI,2026-06,2026-06-19,9,764,44,0.0576,586,760,14680,22796
AYS3,GSM_PERS,2026-06,2026-06-19,9,795,50,0.0629,642,788,10177,15784
AYS3,MOVI,2026-06,2026-06-19,9,201,7,0.0348,177,201,3252,4053
AYSA,GSM_MOVI,2026-06,2026-06-19,9,708,50,0.0706,567,702,21631,33163
AYSA,GSM_PERS,2026-06,2026-06-19,9,602,67,0.1113,572,585,16879,25757
AYSA,MOVI,2026-06,2026-06-19,9,519,82,0.1580,441,519,18073,27574
AYSC,MOVI,2026-06,2026-06-19,9,1273,58,0.0456,584,1254,586,1262
AYSC,Sin proveedor,2026-06,2026-06-19,9,1,0,0.0000,1,1,1,1
AYSE,GSM_MOVI,2026-06,2026-06-19,9,320,20,0.0625,225,320,6568,10269
AYSE,GSM_PERS,2026-06,2026-06-19,9,1818,223,0.1227,1437,1812,9389,14671
DRPW,GSM_MOVI,2026-06,2026-06-19,9,647,38,0.0587,489,647,5051,9565
DRTV,GSM_PERS,2026-06,2026-06-19,9,122,3,0.0246,112,122,6598,10871
DRTW,MOVI,2026-06,2026-06-19,9,681,32,0.0470,675,681,8947,11355
MEL0,GSM_MOVI,2026-06,2026-06-19,9,233,23,0.0987,217,233,58422,86190
OEST,GSM_MOVI,2026-06,2026-06-19,9,2106,458,0.2175,1830,2097,5478,7908
OEST,GSM_PERS,2026-06,2026-06-19,9,2208,197,0.0892,1753,2204,5773,8506
ADT0,GSM_MOVI,2026-06,2026-06-19,10,1041,88,0.0845,543,996,13837,38513
AUSO,GSM_MOVI,2026-06,2026-06-19,10,526,128,0.2433,446,526,5511,10065
AYS3,GSM_MOVI,2026-06,2026-06-19,10,624,38,0.0609,503,621,14680,22796
AYS3,GSM_PERS,2026-06,2026-06-19,10,1352,81,0.0599,1143,1342,10177,15784
AYS3,MOVI,2026-06,2026-06-19,10,152,5,0.0329,146,152,3252,4053
AYSA,GSM_MOVI,2026-06,2026-06-19,10,589,91,0.1545,499,581,21631,33163
AYSA,GSM_PERS,2026-06,2026-06-19,10,517,61,0.1180,478,510,16879,25757
AYSA,MOVI,2026-06,2026-06-19,10,334,77,0.2305,333,334,14576,23395
AYSE,GSM_MOVI,2026-06,2026-06-19,10,148,7,0.0473,119,148,6568,10269
AYSE,GSM_PERS,2026-06,2026-06-19,10,1605,201,0.1252,1296,1598,9389,14671
DRPW,GSM_MOVI,2026-06,2026-06-19,10,3506,261,0.0744,2482,3506,5051,9565
DRTV,GSM_PERS,2026-06,2026-06-19,10,106,5,0.0472,98,106,6598,10871
DRTV,MOVI,2026-06,2026-06-19,10,550,38,0.0691,544,550,7823,9367
DRTW,MOVI,2026-06,2026-06-19,10,825,49,0.0594,798,817,8947,11355
FIME,GSM_MOVI,2026-06,2026-06-19,10,3378,159,0.0471,3286,3377,11522,12038
MEL0,GSM_MOVI,2026-06,2026-06-19,10,337,27,0.0801,317,331,58422,86190
MEL0,GSM_PERS,2026-06,2026-06-19,10,105,4,0.0381,95,105,53014,84080
MEL0,MOVI,2026-06,2026-06-19,10,889,97,0.1091,878,889,68363,105423
OEST,GSM_MOVI,2026-06,2026-06-19,10,142,30,0.2113,138,142,5478,7908
OEST,GSM_PERS,2026-06,2026-06-19,10,1504,153,0.1017,1243,1503,5773,8506
ADT0,GSM_MOVI,2026-06,2026-06-19,11,771,84,0.1089,448,745,15637,43251
AYS3,GSM_MOVI,2026-06,2026-06-19,11,250,17,0.0680,210,249,14680,22796
AYS3,GSM_PERS,2026-06,2026-06-19,11,501,22,0.0439,384,493,10177,15784
AYS3,MOVI,2026-06,2026-06-19,11,131,6,0.0458,128,131,3252,4053
AYSA,GSM_MOVI,2026-06,2026-06-19,11,194,22,0.1134,166,193,13655,21597
AYSA,GSM_PERS,2026-06,2026-06-19,11,413,68,0.1646,402,411,16879,25757
AYSA,MOVI,2026-06,2026-06-19,11,259,53,0.2046,257,259,14576,23395
AYSE,GSM_MOVI,2026-06,2026-06-19,11,121,8,0.0661,93,120,6568,10269
AYSE,GSM_PERS,2026-06,2026-06-19,11,1085,136,0.1253,899,1085,9389,14671
AYSJ,GSM_MOVI,2026-06,2026-06-19,11,107,5,0.0467,91,107,929,1295
DRPW,GSM_MOVI,2026-06,2026-06-19,11,3037,220,0.0724,2229,3037,5051,9565
DRTV,GSM_PERS,2026-06,2026-06-19,11,187,14,0.0749,171,187,6598,10871
DRTV,MOVI,2026-06,2026-06-19,11,742,44,0.0593,736,742,7823,9367
DRTW,MOVI,2026-06,2026-06-19,11,943,60,0.0636,928,943,8947,11355
FIME,GSM_MOVI,2026-06,2026-06-19,11,4800,201,0.0419,4662,4793,11522,12038
MEL0,GSM_MOVI,2026-06,2026-06-19,11,922,91,0.0987,835,922,58422,86190
MEL0,GSM_PERS,2026-06,2026-06-19,11,1427,106,0.0743,1248,1427,53014,84080
MEL0,MOVI,2026-06,2026-06-19,11,2434,232,0.0953,2353,2433,68363,105423
OEST,GSM_MOVI,2026-06,2026-06-19,11,183,38,0.2077,172,183,5478,7908
OEST,GSM_PERS,2026-06,2026-06-19,11,1586,162,0.1021,1322,1581,5773,8506
ADT0,GSM_MOVI,2026-06,2026-06-19,12,995,113,0.1136,473,951,15637,43251
AYS3,GSM_MOVI,2026-06,2026-06-19,12,716,30,0.0419,563,715,14680,22796
AYS3,GSM_PERS,2026-06,2026-06-19,12,734,53,0.0722,534,701,10177,15784
AYS3,MOVI,2026-06,2026-06-19,12,138,4,0.0290,129,138,3252,4053
AYSA,GSM_MOVI,2026-06,2026-06-19,12,361,35,0.0970,312,356,13655,21597
AYSA,GSM_PERS,2026-06,2026-06-19,12,916,136,0.1485,871,903,16879,25757
AYSA,MOVI,2026-06,2026-06-19,12,254,71,0.2795,253,253,14576,23395
AYSE,GSM_MOVI,2026-06,2026-06-19,12,156,13,0.0833,98,155,6568,10269
AYSE,GSM_PERS,2026-06,2026-06-19,12,720,100,0.1389,617,720,9389,14671
AYSJ,GSM_MOVI,2026-06,2026-06-19,12,147,5,0.0340,115,143,929,1295
DRPW,GSM_MOVI,2026-06,2026-06-19,12,317,29,0.0915,287,317,5051,9565
DRTV,GSM_PERS,2026-06,2026-06-19,12,160,14,0.0875,145,160,6598,10871
DRTV,MOVI,2026-06,2026-06-19,12,776,49,0.0631,765,776,7823,9367
DRTW,MOVI,2026-06,2026-06-19,12,923,51,0.0553,905,923,8947,11355
FIME,GSM_MOVI,2026-06,2026-06-19,12,3878,208,0.0536,3761,3876,11522,12038
MEL0,GSM_MOVI,2026-06,2026-06-19,12,1220,140,0.1148,1113,1220,58422,86190
MEL0,GSM_PERS,2026-06,2026-06-19,12,2095,157,0.0749,1823,2093,53014,84080
MEL0,MOVI,2026-06,2026-06-19,12,2212,218,0.0986,2161,2212,68363,105423
OEST,GSM_PERS,2026-06,2026-06-19,12,768,78,0.1016,648,767,5773,8506
ADT0,GSM_MOVI,2026-06,2026-06-19,13,1278,144,0.1127,626,1212,15637,43251
ADT1,GSM_MOVI,2026-06,2026-06-19,13,121,4,0.0331,55,118,339,709
AYS3,GSM_MOVI,2026-06,2026-06-19,13,2006,120,0.0598,1536,1959,14680,22796
AYS3,GSM_PERS,2026-06,2026-06-19,13,875,45,0.0514,613,855,10177,15784
AYS3,MOVI,2026-06,2026-06-19,13,243,4,0.0165,228,242,3252,4053
AYSA,GSM_MOVI,2026-06,2026-06-19,13,1344,158,0.1176,1216,1327,13655,21597
AYSA,GSM_PERS,2026-06,2026-06-19,13,1403,162,0.1155,1346,1395,16879,25757
AYSA,MOVI,2026-06,2026-06-19,13,487,116,0.2382,479,487,14576,23395
AYSE,GSM_MOVI,2026-06,2026-06-19,13,176,14,0.0795,126,176,6568,10269
AYSJ,GSM_MOVI,2026-06,2026-06-19,13,182,7,0.0385,137,180,929,1295
DRTV,GSM_PERS,2026-06,2026-06-19,13,216,24,0.1111,196,216,6598,10871
DRTV,MOVI,2026-06,2026-06-19,13,749,47,0.0628,735,749,7823,9367
DRTW,MOVI,2026-06,2026-06-19,13,870,54,0.0621,854,870,8947,11355
MEL0,GSM_MOVI,2026-06,2026-06-19,13,837,83,0.0992,729,837,58422,86190
MEL0,GSM_PERS,2026-06,2026-06-19,13,1083,83,0.0766,969,1083,53014,84080
MEL0,MOVI,2026-06,2026-06-19,13,1811,216,0.1193,1778,1811,68363,105423
ADT0,GSM_MOVI,2026-06,2026-06-19,14,1690,199,0.1178,789,1591,15637,43251
ADT1,GSM_MOVI,2026-06,2026-06-19,14,110,6,0.0545,61,108,339,709
AYS3,GSM_MOVI,2026-06,2026-06-19,14,474,37,0.0781,375,474,8539,13620
AYS3,GSM_PERS,2026-06,2026-06-19,14,1070,67,0.0626,724,1059,8911,14428
AYS3,MOVI,2026-06,2026-06-19,14,119,1,0.0084,116,119,3252,4053
AYSA,GSM_MOVI,2026-06,2026-06-19,14,401,14,0.0349,275,399,13655,21597
AYSA,GSM_PERS,2026-06,2026-06-19,14,398,49,0.1231,357,395,14425,23147
AYSA,MOVI,2026-06,2026-06-19,14,233,53,0.2275,232,232,14576,23395
AYSE,GSM_MOVI,2026-06,2026-06-19,14,301,30,0.0997,204,300,6568,10269
AYSJ,GSM_MOVI,2026-06,2026-06-19,14,218,11,0.0505,158,211,929,1295
DRTV,GSM_PERS,2026-06,2026-06-19,14,406,33,0.0813,371,406,6598,10871
DRTV,MOVI,2026-06,2026-06-19,14,747,42,0.0562,736,747,7823,9367
DRTW,MOVI,2026-06,2026-06-19,14,853,60,0.0703,832,853,8947,11355
MEL0,GSM_MOVI,2026-06,2026-06-19,14,1015,111,0.1094,888,1015,58422,86190
MEL0,GSM_PERS,2026-06,2026-06-19,14,720,54,0.0750,634,720,53014,84080
MEL0,MOVI,2026-06,2026-06-19,14,1702,209,0.1228,1666,1701,68363,105423
ADT0,GSM_MOVI,2026-06,2026-06-19,15,1833,173,0.0944,851,1706,15637,43251
ADT1,GSM_MOVI,2026-06,2026-06-19,15,26,1,0.0385,12,25,339,709
AYS3,GSM_MOVI,2026-06,2026-06-19,15,516,41,0.0795,410,503,14680,22796
AYS3,GSM_PERS,2026-06,2026-06-19,15,1155,62,0.0537,775,1143,8911,14428
AYSA,GSM_MOVI,2026-06,2026-06-19,15,454,16,0.0352,328,454,13655,21597
AYSA,GSM_PERS,2026-06,2026-06-19,15,406,60,0.1478,359,405,14425,23147
AYSE,GSM_MOVI,2026-06,2026-06-19,15,142,11,0.0775,94,140,6568,10269
AYSJ,GSM_MOVI,2026-06,2026-06-19,15,292,15,0.0514,209,285,929,1295
DRTV,GSM_PERS,2026-06,2026-06-19,15,314,29,0.0924,268,314,6598,10871
DRTV,MOVI,2026-06,2026-06-19,15,694,48,0.0692,688,694,7823,9367
DRTW,MOVI,2026-06,2026-06-19,15,936,50,0.0534,913,936,8947,11355
MEL0,GSM_MOVI,2026-06,2026-06-19,15,936,84,0.0897,814,936,58422,86190
MEL0,GSM_PERS,2026-06,2026-06-19,15,704,54,0.0767,623,704,53014,84080
MEL0,MOVI,2026-06,2026-06-19,15,1617,231,0.1429,1584,1617,68363,105423
ADT0,GSM_MOVI,2026-06,2026-06-19,16,1893,197,0.1041,1068,1806,15637,43251
ADT1,GSM_MOVI,2026-06,2026-06-19,16,269,14,0.0520,141,257,339,709
AYS3,GSM_MOVI,2026-06,2026-06-19,16,486,17,0.0350,371,486,14680,22796
AYS3,GSM_PERS,2026-06,2026-06-19,16,862,34,0.0394,586,860,8911,14428
AYSA,GSM_MOVI,2026-06,2026-06-19,16,1028,26,0.0253,706,1020,13655,21597
AYSA,GSM_PERS,2026-06,2026-06-19,16,330,49,0.1485,293,328,14425,23147
AYSE,GSM_MOVI,2026-06,2026-06-19,16,430,20,0.0465,329,427,6568,10269
AYSJ,GSM_MOVI,2026-06,2026-06-19,16,66,2,0.0303,54,66,929,1295
DRTV,GSM_PERS,2026-06,2026-06-19,16,183,18,0.0984,165,183,6598,10871
DRTV,MOVI,2026-06,2026-06-19,16,696,35,0.0503,688,696,7823,9367
DRTV,Sin proveedor,2026-06,2026-06-19,16,1,0,0.0000,1,1,8,8
DRTW,MOVI,2026-06,2026-06-19,16,879,48,0.0546,861,879,8947,11355
MEL0,GSM_MOVI,2026-06,2026-06-19,16,2946,309,0.1049,2644,2946,58422,86190
MEL0,GSM_PERS,2026-06,2026-06-19,16,767,74,0.0965,668,767,53014,84080
MEL0,MOVI,2026-06,2026-06-19,16,1578,195,0.1236,1555,1578,68363,105423
ADT0,GSM_MOVI,2026-06,2026-06-19,17,3014,388,0.1287,1837,2905,15637,43251
AYS3,GSM_MOVI,2026-06,2026-06-19,17,339,14,0.0413,279,335,14680,22796
AYS3,GSM_PERS,2026-06,2026-06-19,17,1367,53,0.0388,941,1355,8911,14428
AYSA,GSM_MOVI,2026-06,2026-06-19,17,724,15,0.0207,553,723,13655,21597
AYSA,GSM_PERS,2026-06,2026-06-19,17,406,42,0.1034,370,406,14425,23147
AYSE,GSM_MOVI,2026-06,2026-06-19,17,430,21,0.0488,328,428,6568,10269
AYSJ,GSM_MOVI,2026-06,2026-06-19,17,1301,61,0.0469,720,977,929,1295
DRTV,GSM_PERS,2026-06,2026-06-19,17,590,38,0.0644,534,590,6598,10871
DRTV,MOVI,2026-06,2026-06-19,17,563,33,0.0586,556,563,7823,9367
DRTW,MOVI,2026-06,2026-06-19,17,644,38,0.0590,634,644,8947,11355
MEL0,GSM_MOVI,2026-06,2026-06-19,17,3004,325,0.1082,2681,3004,58422,86190
MEL0,GSM_PERS,2026-06,2026-06-19,17,1086,98,0.0902,999,1086,53014,84080
MEL0,MOVI,2026-06,2026-06-19,17,1969,196,0.0995,1930,1969,68363,105423
ADT0,GSM_MOVI,2026-06,2026-06-19,18,4181,399,0.0954,2203,3957,13837,38513
AYS3,GSM_MOVI,2026-06,2026-06-19,18,659,24,0.0364,478,659,14680,22796
AYS3,GSM_PERS,2026-06,2026-06-19,18,2048,84,0.0410,1530,2028,8911,14428
AYSA,GSM_MOVI,2026-06,2026-06-19,18,1279,32,0.0250,900,1269,13655,21597
AYSA,GSM_PERS,2026-06,2026-06-19,18,720,101,0.1403,669,717,14425,23147
AYSE,GSM_MOVI,2026-06,2026-06-19,18,692,43,0.0621,489,686,6568,10269
AYSJ,GSM_MOVI,2026-06,2026-06-19,18,293,12,0.0410,239,291,929,1295
DRTV,GSM_PERS,2026-06,2026-06-19,18,941,72,0.0765,856,941,6598,10871
MEL0,GSM_MOVI,2026-06,2026-06-19,18,1,0,0.0000,1,1,58422,86190
MEL0,GSM_PERS,2026-06,2026-06-19,18,1557,118,0.0758,1433,1557,53014,84080
MEL0,MOVI,2026-06,2026-06-19,18,3025,170,0.0562,2815,3025,68363,105423
ADT0,GSM_MOVI,2026-06,2026-06-19,19,138,21,0.1522,90,136,13837,38513
AYS3,GSM_MOVI,2026-06,2026-06-19,19,1093,30,0.0274,806,1090,14680,22796
AYS3,GSM_PERS,2026-06,2026-06-19,19,2468,105,0.0425,1859,2423,8911,14428
AYSA,GSM_MOVI,2026-06,2026-06-19,19,1899,44,0.0232,1231,1873,13655,21597
AYSA,GSM_PERS,2026-06,2026-06-19,19,830,95,0.1145,778,827,14425,23147
AYSE,GSM_MOVI,2026-06,2026-06-19,19,1210,65,0.0537,813,1200,6568,10269
DRTV,GSM_PERS,2026-06,2026-06-19,19,858,66,0.0769,799,858,6598,10871
MEL0,GSM_PERS,2026-06,2026-06-19,19,1991,156,0.0784,1849,1991,53014,84080
MEL0,MOVI,2026-06,2026-06-19,19,3014,150,0.0498,2818,3014,68363,105423
AYS3,GSM_MOVI,2026-06,2026-06-19,20,1430,28,0.0196,1012,1424,14680,22796
AYS3,GSM_PERS,2026-06,2026-06-19,20,2800,120,0.0429,2132,2766,8911,14428
AYSA,GSM_MOVI,2026-06,2026-06-19,20,2843,70,0.0246,1840,2730,13655,21597
AYSA,GSM_PERS,2026-06,2026-06-19,20,990,107,0.1081,934,987,14425,23147
AYSE,GSM_MOVI,2026-06,2026-06-19,20,1297,70,0.0540,881,1262,6568,10269
DRTV,Sin proveedor,2026-06,2026-06-19,20,1,1,1.0000,1,1,7,7
MEL0,GSM_PERS,2026-06,2026-06-19,20,1295,103,0.0795,1217,1295,53014,84080
MEL0,MOVI,2026-06,2026-06-19,20,1159,57,0.0492,1125,1159,68363,105423
AYSA,GSM_MOVI,2026-06,2026-06-19,21,10,0,0.0000,6,10,13655,21597
ADT0,GSM_MOVI,2026-06,2026-06-20,8,1267,75,0.0592,493,1206,13837,38513
AUSO,GSM_PERS,2026-06,2026-06-20,8,1455,131,0.0900,1237,1448,3377,4262
AYS3,GSM_MOVI,2026-06,2026-06-20,8,446,12,0.0269,361,443,14680,22796
AYSA,GSM_MOVI,2026-06,2026-06-20,8,950,16,0.0168,661,940,13655,21597
AYSE,GSM_MOVI,2026-06,2026-06-20,8,509,9,0.0177,345,507,10085,15643
ADT0,GSM_MOVI,2026-06,2026-06-20,9,940,37,0.0394,484,903,13837,38513
AUSO,GSM_MOVI,2026-06,2026-06-20,9,1510,156,0.1033,1366,1510,13025,18331
AUSO,GSM_PERS,2026-06,2026-06-20,9,1692,161,0.0952,1285,1512,3377,4262
AYS3,GSM_MOVI,2026-06,2026-06-20,9,224,3,0.0134,178,224,14680,22796
AYSA,GSM_MOVI,2026-06,2026-06-20,9,577,5,0.0087,444,570,13655,21597
AYSE,GSM_MOVI,2026-06,2026-06-20,9,215,13,0.0605,173,215,8503,13233
DRPW,GSM_MOVI,2026-06,2026-06-20,9,1421,65,0.0457,1001,1420,5051,9565
DRTV,GSM_PERS,2026-06,2026-06-20,9,682,48,0.0704,598,682,6598,10871
DRTW,GSM_PERS,2026-06,2026-06-20,9,560,29,0.0518,465,560,5285,8827
OEST,GSM_MOVI,2026-06,2026-06-20,9,5089,527,0.1036,4577,5078,13206,17531
REVO,MOVI,2026-06,2026-06-20,9,1644,152,0.0925,1617,1643,52792,68910
ADT0,GSM_MOVI,2026-06,2026-06-20,10,670,52,0.0776,388,641,15637,43251
AUSO,GSM_MOVI,2026-06,2026-06-20,10,1278,162,0.1268,1170,1278,13025,18331
AUSO,GSM_PERS,2026-06,2026-06-20,10,864,89,0.1030,720,821,3377,4262
AYS3,GSM_MOVI,2026-06,2026-06-20,10,250,7,0.0280,214,249,14680,22796
AYSA,GSM_MOVI,2026-06,2026-06-20,10,325,2,0.0062,251,325,13655,21597
AYSE,GSM_MOVI,2026-06,2026-06-20,10,607,124,0.2043,527,600,10085,15643
DRPW,GSM_MOVI,2026-06,2026-06-20,10,1258,65,0.0517,918,1258,5051,9565
DRTV,GSM_PERS,2026-06,2026-06-20,10,1464,74,0.0505,1302,1463,6598,10871
DRTW,GSM_PERS,2026-06,2026-06-20,10,2540,140,0.0551,2117,2539,5285,8827
FIME,GSM_MOVI,2026-06,2026-06-20,10,1779,79,0.0444,1743,1779,11522,12038
MEL0,GSM_MOVI,2026-06,2026-06-20,10,184,16,0.0870,177,184,58422,86190
MEL0,GSM_PERS,2026-06,2026-06-20,10,285,19,0.0667,270,285,53014,84080
MEL0,MOVI,2026-06,2026-06-20,10,450,30,0.0667,449,450,68363,105423
OEST,GSM_MOVI,2026-06,2026-06-20,10,3567,436,0.1222,3236,3561,13206,17531
REVO,MOVI,2026-06,2026-06-20,10,1209,143,0.1183,1194,1209,53156,69280
ADT0,GSM_MOVI,2026-06,2026-06-20,11,596,52,0.0872,339,583,15637,43251
AUSO,GSM_MOVI,2026-06,2026-06-20,11,1270,157,0.1236,1165,1270,13025,18331
AUSO,GSM_PERS,2026-06,2026-06-20,11,1305,144,0.1103,1076,1230,3377,4262
AUSO,Sin proveedor,2026-06,2026-06-20,11,1,1,1.0000,1,1,7,7
AYS3,GSM_MOVI,2026-06,2026-06-20,11,158,4,0.0253,127,156,14680,22796
AYSA,GSM_MOVI,2026-06,2026-06-20,11,326,7,0.0215,254,325,13655,21597
AYSE,GSM_MOVI,2026-06,2026-06-20,11,669,50,0.0747,481,656,6568,10269
DRPW,GSM_MOVI,2026-06,2026-06-20,11,1417,91,0.0642,1017,1417,5051,9565
DRTV,GSM_PERS,2026-06,2026-06-20,11,732,45,0.0615,669,732,6598,10871
DRTW,GSM_PERS,2026-06,2026-06-20,11,924,37,0.0400,830,924,5285,8827
FIME,GSM_MOVI,2026-06,2026-06-20,11,2863,119,0.0416,2782,2862,11522,12038
MEL0,GSM_MOVI,2026-06,2026-06-20,11,553,45,0.0814,528,553,58422,86190
MEL0,GSM_PERS,2026-06,2026-06-20,11,2249,143,0.0636,2024,2249,53014,84080
MEL0,MOVI,2026-06,2026-06-20,11,1274,73,0.0573,1254,1274,68363,105423
OEST,GSM_MOVI,2026-06,2026-06-20,11,2218,306,0.1380,2005,2216,13206,17531
OEST,Sin proveedor,2026-06,2026-06-20,11,1,1,1.0000,1,1,1,1
REVO,MOVI,2026-06,2026-06-20,11,440,52,0.1182,440,440,52792,68910
ADT0,GSM_MOVI,2026-06,2026-06-20,12,628,58,0.0924,365,604,15637,43251
AUSO,GSM_MOVI,2026-06,2026-06-20,12,1304,186,0.1426,1218,1303,13025,18331
AUSO,GSM_PERS,2026-06,2026-06-20,12,1781,221,0.1241,1379,1579,3377,4262
AYS3,GSM_MOVI,2026-06,2026-06-20,12,443,20,0.0451,380,442,14680,22796
AYSA,GSM_MOVI,2026-06,2026-06-20,12,928,31,0.0334,714,921,13655,21597
AYSE,GSM_MOVI,2026-06,2026-06-20,12,139,6,0.0432,106,139,6568,10269
DRPW,GSM_MOVI,2026-06,2026-06-20,12,1633,120,0.0735,1172,1633,5051,9565
DRTV,GSM_PERS,2026-06,2026-06-20,12,714,51,0.0714,643,714,6598,10871
FIME,GSM_MOVI,2026-06,2026-06-20,12,3116,150,0.0481,3045,3115,11522,12038
MEL0,GSM_MOVI,2026-06,2026-06-20,12,705,58,0.0823,646,705,58422,86190
MEL0,GSM_PERS,2026-06,2026-06-20,12,2485,195,0.0785,2224,2484,53014,84080
MEL0,MOVI,2026-06,2026-06-20,12,1341,74,0.0552,1322,1341,68363,105423
OEST,GSM_MOVI,2026-06,2026-06-20,12,1239,155,0.1251,1169,1239,10336,13812
REVO,MOVI,2026-06,2026-06-20,12,427,63,0.1475,424,427,52792,68910
ADT0,GSM_MOVI,2026-06,2026-06-20,13,626,46,0.0735,385,605,15637,43251
ADT1,GSM_MOVI,2026-06,2026-06-20,13,14,0,0.0000,13,14,339,709
AUSO,GSM_MOVI,2026-06,2026-06-20,13,1644,234,0.1423,1523,1644,13025,18331
AUSO,GSM_PERS,2026-06,2026-06-20,13,532,66,0.1241,495,532,3377,4262
AYS3,GSM_MOVI,2026-06,2026-06-20,13,773,41,0.0530,649,770,14680,22796
AYSA,GSM_MOVI,2026-06,2026-06-20,13,276,4,0.0145,221,276,13655,21597
AYSE,GSM_MOVI,2026-06,2026-06-20,13,215,9,0.0419,170,215,6568,10269
DRPW,GSM_MOVI,2026-06,2026-06-20,13,1394,99,0.0710,1078,1394,5051,9565
DRTV,GSM_PERS,2026-06,2026-06-20,13,405,31,0.0765,378,405,6598,10871
FIME,GSM_MOVI,2026-06,2026-06-20,13,3180,156,0.0491,3103,3175,11522,12038
MEL0,GSM_MOVI,2026-06,2026-06-20,13,821,96,0.1169,783,821,58422,86190
MEL0,GSM_PERS,2026-06,2026-06-20,13,1332,97,0.0728,1247,1331,53014,84080
MEL0,MOVI,2026-06,2026-06-20,13,1145,62,0.0541,1138,1145,68363,105423
OEST,GSM_MOVI,2026-06,2026-06-20,13,1284,164,0.1277,1227,1283,10336,13812
REVO,MOVI,2026-06,2026-06-20,13,580,87,0.1500,576,580,53156,69280
ADT0,GSM_MOVI,2026-06,2026-06-20,14,1096,103,0.0940,551,1051,15637,43251
ADT1,GSM_MOVI,2026-06,2026-06-20,14,106,5,0.0472,59,103,339,709
AUSO,GSM_MOVI,2026-06,2026-06-20,14,2801,392,0.1400,2533,2797,13025,18331
AUSO,GSM_PERS,2026-06,2026-06-20,14,429,50,0.1166,400,429,3377,4262
AYS3,GSM_MOVI,2026-06,2026-06-20,14,258,2,0.0078,204,257,6141,9176
AYSA,GSM_MOVI,2026-06,2026-06-20,14,414,9,0.0217,294,414,13655,21597
AYSE,GSM_MOVI,2026-06,2026-06-20,14,262,6,0.0229,199,257,6568,10269
DRPW,GSM_MOVI,2026-06,2026-06-20,14,2398,147,0.0613,1715,2397,5051,9565
DRTV,GSM_PERS,2026-06,2026-06-20,14,343,27,0.0787,315,343,6598,10871
DRTW,Sin proveedor,2026-06,2026-06-20,14,1,1,1.0000,1,1,4,4
FIME,GSM_MOVI,2026-06,2026-06-20,14,1118,62,0.0555,1101,1118,11522,12038
MEL0,GSM_MOVI,2026-06,2026-06-20,14,871,79,0.0907,787,871,58422,86190
MEL0,GSM_PERS,2026-06,2026-06-20,14,1865,145,0.0777,1735,1865,53014,84080
MEL0,MOVI,2026-06,2026-06-20,14,1232,58,0.0471,1224,1232,68363,105423
OEST,GSM_MOVI,2026-06,2026-06-20,14,629,93,0.1479,596,629,10336,13812
REVO,MOVI,2026-06,2026-06-20,14,523,46,0.0880,519,523,53156,69280
ADT0,GSM_MOVI,2026-06,2026-06-20,15,2136,189,0.0885,1046,2040,15637,43251
ADT1,GSM_MOVI,2026-06,2026-06-20,15,122,2,0.0164,63,121,339,709
AUSO,GSM_MOVI,2026-06,2026-06-20,15,405,65,0.1605,357,405,3697,5300
AUSO,GSM_PERS,2026-06,2026-06-20,15,102,10,0.0980,101,102,3080,3883
AYS3,GSM_MOVI,2026-06,2026-06-20,15,360,2,0.0056,258,360,6141,9176
AYSA,GSM_MOVI,2026-06,2026-06-20,15,1110,27,0.0243,794,1110,13655,21597
AYSE,GSM_MOVI,2026-06,2026-06-20,15,654,32,0.0489,466,653,6568,10269
MEL0,GSM_MOVI,2026-06,2026-06-20,15,1625,134,0.0825,1391,1625,58422,86190
MEL0,GSM_PERS,2026-06,2026-06-20,15,2303,171,0.0743,2155,2303,53014,84080
MEL0,MOVI,2026-06,2026-06-20,15,5258,262,0.0498,4960,5255,68363,105423
REVO,MOVI,2026-06,2026-06-20,15,2683,280,0.1044,2452,2683,53156,69280
ADT0,GSM_MOVI,2026-06,2026-06-20,16,2390,200,0.0837,1121,2252,15637,43251
ADT1,GSM_MOVI,2026-06,2026-06-20,16,75,4,0.0533,43,73,339,709
AUSO,GSM_MOVI,2026-06,2026-06-20,16,600,96,0.1600,511,600,3697,5300
AYS3,GSM_MOVI,2026-06,2026-06-20,16,339,4,0.0118,236,339,6141,9176
AYSA,GSM_MOVI,2026-06,2026-06-20,16,1120,23,0.0205,829,1116,13655,21597
AYSE,GSM_MOVI,2026-06,2026-06-20,16,496,22,0.0444,358,495,6568,10269
MEL0,GSM_MOVI,2026-06,2026-06-20,16,1424,133,0.0934,1241,1424,58422,86190
MEL0,GSM_PERS,2026-06,2026-06-20,16,2007,134,0.0668,1903,2005,53014,84080
MEL0,MOVI,2026-06,2026-06-20,16,4855,201,0.0414,4579,4848,68363,105423
REVO,MOVI,2026-06,2026-06-20,16,3293,368,0.1118,2998,3293,53156,69280
ADT0,GSM_MOVI,2026-06,2026-06-20,17,2564,242,0.0944,1310,2449,15637,43251
ADT1,GSM_MOVI,2026-06,2026-06-20,17,202,10,0.0495,99,192,339,709
AUSO,GSM_MOVI,2026-06,2026-06-20,17,499,105,0.2104,433,498,3697,5300
AYS3,GSM_MOVI,2026-06,2026-06-20,17,1148,11,0.0096,824,1145,6141,9176
AYSA,GSM_MOVI,2026-06,2026-06-20,17,981,16,0.0163,701,974,13655,21597
AYSE,GSM_MOVI,2026-06,2026-06-20,17,2109,81,0.0384,1501,2104,6568,10269
MEL0,GSM_MOVI,2026-06,2026-06-20,17,1263,127,0.1006,1117,1263,58422,86190
MEL0,MOVI,2026-06,2026-06-20,17,4972,213,0.0428,4690,4969,68363,105423
REVO,MOVI,2026-06,2026-06-20,17,3156,356,0.1128,2900,3155,53156,69280
ADT0,GSM_MOVI,2026-06,2026-06-20,18,3416,290,0.0849,1532,3222,13837,38513
AUSO,GSM_MOVI,2026-06,2026-06-20,18,926,160,0.1728,818,925,3697,5300
AYSA,GSM_MOVI,2026-06,2026-06-20,18,2072,41,0.0198,1452,2057,13655,21597
MEL0,GSM_MOVI,2026-06,2026-06-20,18,3127,295,0.0943,2709,3126,58422,86190
MEL0,MOVI,2026-06,2026-06-20,18,4768,197,0.0413,4531,4767,68363,105423
REVO,MOVI,2026-06,2026-06-20,18,3336,435,0.1304,3099,3335,53156,69280
MEL0,MOVI,2026-06,2026-06-20,19,4327,217,0.0502,4107,4323,68363,105423
REVO,MOVI,2026-06,2026-06-20,19,2608,307,0.1177,2433,2608,53156,69280
ADT0,GSM_MOVI,2026-06,2026-06-21,8,2257,97,0.0430,854,2114,13837,38513
AUSO,GSM_MOVI,2026-06,2026-06-21,8,1292,138,0.1068,1001,1291,5511,10065
OEST,GSM_PERS,2026-06,2026-06-21,8,1655,103,0.0622,1228,1655,5773,8506
ADT0,GSM_MOVI,2026-06,2026-06-21,9,4565,233,0.0510,1875,4244,13837,38513
AUSO,GSM_MOVI,2026-06,2026-06-21,9,2447,311,0.1271,1844,2436,5511,10065
OEST,GSM_MOVI,2026-06,2026-06-21,9,2414,352,0.1458,2078,2402,5478,7908
OEST,GSM_PERS,2026-06,2026-06-21,9,4464,299,0.0670,3278,4444,5773,8506
REVO,MOVI,2026-06,2026-06-21,9,8104,447,0.0552,6993,8099,53156,69280
ADT0,GSM_MOVI,2026-06,2026-06-21,10,5844,361,0.0618,2400,5482,15637,43251
MEL0,GSM_MOVI,2026-06,2026-06-21,10,1983,165,0.0832,1788,1983,58422,86190
MEL0,GSM_PERS,2026-06,2026-06-21,10,580,46,0.0793,535,580,53014,84080
MEL0,MOVI,2026-06,2026-06-21,10,3698,201,0.0544,3463,3698,68363,105423
REVO,MOVI,2026-06,2026-06-21,10,4885,320,0.0655,4420,4882,53156,69280
ADT0,GSM_MOVI,2026-06,2026-06-21,11,2124,177,0.0833,1107,2041,15637,43251
MEL0,GSM_MOVI,2026-06,2026-06-21,11,4839,382,0.0789,4181,4838,58422,86190
MEL0,GSM_PERS,2026-06,2026-06-21,11,5583,375,0.0672,4813,5576,53014,84080
MEL0,MOVI,2026-06,2026-06-21,11,6637,302,0.0455,6175,6632,68363,105423
REVO,MOVI,2026-06,2026-06-21,11,1665,111,0.0667,1547,1665,53156,69280
ADT0,GSM_MOVI,2026-06,2026-06-21,12,1484,173,0.1166,808,1440,15637,43251
MEL0,GSM_MOVI,2026-06,2026-06-21,12,3514,323,0.0919,3042,3513,58422,86190
MEL0,GSM_PERS,2026-06,2026-06-21,12,2793,267,0.0956,2526,2793,53014,84080
MEL0,MOVI,2026-06,2026-06-21,12,6282,289,0.0460,5828,6279,68363,105423
REVO,MOVI,2026-06,2026-06-21,12,1830,128,0.0699,1714,1829,53156,69280
MEL0,GSM_PERS,2026-06,2026-06-21,13,3279,272,0.0830,2977,3277,53014,84080
MEL0,MOVI,2026-06,2026-06-21,13,6293,297,0.0472,5857,6286,68363,105423
REVO,MOVI,2026-06,2026-06-21,13,1854,104,0.0561,1738,1853,53156,69280
MEL0,MOVI,2026-06,2026-06-21,14,5361,267,0.0498,5003,5356,68363,105423
REVO,MOVI,2026-06,2026-06-21,14,1556,88,0.0566,1464,1556,53156,69280
ADT0,GSM_MOVI,2026-06,2026-06-22,8,1821,122,0.0670,689,1700,13837,38513
AUSO,GSM_MOVI,2026-06,2026-06-22,8,1182,135,0.1142,946,1178,5511,10065
AYS3,GSM_MOVI,2026-06,2026-06-22,8,30,2,0.0667,18,30,6141,9176
AYS3,GSM_PERS,2026-06,2026-06-22,8,44,4,0.0909,43,44,9501,15029
AYSA,GSM_MOVI,2026-06,2026-06-22,8,550,92,0.1673,514,549,21631,33163
AYSA,GSM_PERS,2026-06,2026-06-22,8,322,42,0.1304,311,322,16879,25757
AYSE,GSM_PERS,2026-06,2026-06-22,8,534,98,0.1835,518,532,9389,14671
OEST,GSM_PERS,2026-06,2026-06-22,8,999,97,0.0971,859,995,5773,8506
ADT0,GSM_MOVI,2026-06,2026-06-22,9,2163,203,0.0939,900,2038,13837,38513
AUSO,GSM_MOVI,2026-06,2026-06-22,9,2128,311,0.1461,1643,2124,5511,10065
AYS3,GSM_MOVI,2026-06,2026-06-22,9,690,49,0.0710,548,682,8539,13620
AYS3,GSM_PERS,2026-06,2026-06-22,9,577,24,0.0416,423,568,10177,15784
AYS3,MOVI,2026-06,2026-06-22,9,50,1,0.0200,32,50,1580,2131
AYSA,GSM_MOVI,2026-06,2026-06-22,9,251,23,0.0916,245,251,13655,21597
AYSA,GSM_PERS,2026-06,2026-06-22,9,693,87,0.1255,659,675,16879,25757
AYSA,MOVI,2026-06,2026-06-22,9,208,13,0.0625,131,208,3497,4179
AYSC,MOVI,2026-06,2026-06-22,9,1279,63,0.0493,586,1260,586,1262
AYSE,GSM_PERS,2026-06,2026-06-22,9,2146,275,0.1281,1769,2140,9389,14671
DRPW,GSM_MOVI,2026-06,2026-06-22,9,3910,186,0.0476,2244,3909,5051,9565
DRTV,GSM_PERS,2026-06,2026-06-22,9,168,8,0.0476,153,168,6598,10871
DRTW,GSM_MOVI,2026-06,2026-06-22,9,515,40,0.0777,422,515,5408,6908
OEST,GSM_MOVI,2026-06,2026-06-22,9,583,101,0.1732,519,583,5478,7908
OEST,GSM_PERS,2026-06,2026-06-22,9,1834,181,0.0987,1566,1826,5773,8506
ADT0,GSM_MOVI,2026-06,2026-06-22,10,1151,100,0.0869,555,1103,15637,43251
AYS3,GSM_MOVI,2026-06,2026-06-22,10,659,35,0.0531,552,648,8539,13620
AYS3,GSM_PERS,2026-06,2026-06-22,10,1424,75,0.0527,1208,1420,10177,15784
AYSA,GSM_MOVI,2026-06,2026-06-22,10,126,23,0.1825,122,126,13655,21597
AYSA,GSM_PERS,2026-06,2026-06-22,10,308,29,0.0942,292,305,16879,25757
AYSA,MOVI,2026-06,2026-06-22,10,221,56,0.2534,220,221,14576,23395
AYSE,GSM_PERS,2026-06,2026-06-22,10,1780,260,0.1461,1461,1776,9389,14671
DRPW,GSM_MOVI,2026-06,2026-06-22,10,3401,184,0.0541,2094,3398,5051,9565
DRTV,GSM_PERS,2026-06,2026-06-22,10,199,16,0.0804,178,199,6598,10871
DRTV,MOVI,2026-06,2026-06-22,10,569,43,0.0756,564,569,7823,9367
DRTW,GSM_MOVI,2026-06,2026-06-22,10,558,52,0.0932,450,558,5408,6908
DRTW,MOVI,2026-06,2026-06-22,10,651,22,0.0338,640,651,8947,11355
FIME,GSM_MOVI,2026-06,2026-06-22,10,3181,132,0.0415,3097,3180,11522,12038
MEL0,GSM_MOVI,2026-06,2026-06-22,10,250,25,0.1000,233,250,58422,86190
MEL0,GSM_PERS,2026-06,2026-06-22,10,129,14,0.1085,118,129,53014,84080
MEL0,MOVI,2026-06,2026-06-22,10,364,54,0.1484,360,364,68363,105423
OEST,GSM_MOVI,2026-06,2026-06-22,10,894,148,0.1655,814,891,5478,7908
OEST,GSM_PERS,2026-06,2026-06-22,10,1074,122,0.1136,951,1073,5773,8506
OEST,Sin proveedor,2026-06,2026-06-22,10,1,1,1.0000,1,1,1,1
ADT0,GSM_MOVI,2026-06,2026-06-22,11,624,59,0.0946,384,605,15637,43251
AYS3,GSM_MOVI,2026-06,2026-06-22,11,230,19,0.0826,194,230,8539,13620
AYS3,GSM_PERS,2026-06,2026-06-22,11,701,33,0.0471,458,693,9501,15029
AYSA,GSM_MOVI,2026-06,2026-06-22,11,69,8,0.1159,68,69,13655,21597
AYSA,GSM_PERS,2026-06,2026-06-22,11,396,70,0.1768,367,394,16879,25757
AYSA,MOVI,2026-06,2026-06-22,11,328,76,0.2317,325,328,14576,23395
AYSJ,GSM_MOVI,2026-06,2026-06-22,11,167,7,0.0419,128,162,929,1295
DRPW,GSM_MOVI,2026-06,2026-06-22,11,2191,129,0.0589,1425,2191,5051,9565
DRTV,GSM_PERS,2026-06,2026-06-22,11,166,17,0.1024,146,166,6598,10871
DRTV,MOVI,2026-06,2026-06-22,11,408,33,0.0809,404,408,7823,9367
DRTW,GSM_MOVI,2026-06,2026-06-22,11,313,24,0.0767,275,313,5408,6908
DRTW,MOVI,2026-06,2026-06-22,11,455,22,0.0484,450,455,8947,11355
FIME,GSM_MOVI,2026-06,2026-06-22,11,4534,211,0.0465,4405,4527,11522,12038
MEL0,GSM_MOVI,2026-06,2026-06-22,11,1150,118,0.1026,1076,1150,58422,86190
MEL0,GSM_PERS,2026-06,2026-06-22,11,3343,229,0.0685,2851,3338,53014,84080
MEL0,MOVI,2026-06,2026-06-22,11,1649,208,0.1261,1588,1648,68363,105423
OEST,GSM_MOVI,2026-06,2026-06-22,11,587,118,0.2010,530,587,5478,7908
ADT0,GSM_MOVI,2026-06,2026-06-22,12,860,75,0.0872,450,819,15637,43251
AYS3,GSM_MOVI,2026-06,2026-06-22,12,248,8,0.0323,224,242,14680,22796
AYS3,GSM_PERS,2026-06,2026-06-22,12,799,48,0.0601,532,793,9501,15029
AYSA,GSM_MOVI,2026-06,2026-06-22,12,77,5,0.0649,74,77,13655,21597
AYSA,GSM_PERS,2026-06,2026-06-22,12,359,59,0.1643,334,355,16879,25757
AYSA,MOVI,2026-06,2026-06-22,12,306,85,0.2778,304,306,14576,23395
AYSJ,GSM_MOVI,2026-06,2026-06-22,12,152,6,0.0395,117,148,929,1295
DRPW,GSM_MOVI,2026-06,2026-06-22,12,2,0,0.0000,2,2,5051,9565
DRTV,GSM_PERS,2026-06,2026-06-22,12,240,19,0.0792,201,240,6598,10871
DRTV,MOVI,2026-06,2026-06-22,12,407,28,0.0688,405,407,7823,9367
DRTW,GSM_MOVI,2026-06,2026-06-22,12,431,37,0.0858,368,431,5408,6908
DRTW,MOVI,2026-06,2026-06-22,12,487,24,0.0493,483,487,8947,11355
FIME,GSM_MOVI,2026-06,2026-06-22,12,4341,227,0.0523,4214,4338,11522,12038
MEL0,GSM_MOVI,2026-06,2026-06-22,12,699,80,0.1144,648,699,58422,86190
MEL0,GSM_PERS,2026-06,2026-06-22,12,1029,81,0.0787,919,1029,53014,84080
MEL0,MOVI,2026-06,2026-06-22,12,1198,221,0.1845,1155,1198,68363,105423
ADT0,GSM_MOVI,2026-06,2026-06-22,13,1849,222,0.1201,1153,1796,15637,43251
ADT1,GSM_MOVI,2026-06,2026-06-22,13,49,2,0.0408,29,48,339,709
AYS3,GSM_MOVI,2026-06,2026-06-22,13,1810,119,0.0657,1516,1805,14680,22796
AYS3,GSM_PERS,2026-06,2026-06-22,13,901,48,0.0533,643,890,9501,15029
AYSA,GSM_MOVI,2026-06,2026-06-22,13,304,39,0.1283,298,304,13655,21597
AYSA,GSM_PERS,2026-06,2026-06-22,13,424,69,0.1627,397,421,16879,25757
AYSA,MOVI,2026-06,2026-06-22,13,329,69,0.2097,327,327,14576,23395
AYSJ,GSM_MOVI,2026-06,2026-06-22,13,331,12,0.0363,234,310,929,1295
DRTV,GSM_PERS,2026-06,2026-06-22,13,836,71,0.0849,757,836,6598,10871
DRTV,MOVI,2026-06,2026-06-22,13,242,13,0.0537,239,242,7823,9367
DRTW,GSM_MOVI,2026-06,2026-06-22,13,512,47,0.0918,445,512,5408,6908
DRTW,MOVI,2026-06,2026-06-22,13,260,11,0.0423,258,260,8947,11355
MEL0,GSM_MOVI,2026-06,2026-06-22,13,724,79,0.1091,663,724,58422,86190
MEL0,GSM_PERS,2026-06,2026-06-22,13,1494,122,0.0817,1404,1494,53014,84080
MEL0,MOVI,2026-06,2026-06-22,13,606,196,0.3234,599,606,68363,105423
ADT0,GSM_MOVI,2026-06,2026-06-22,14,4101,369,0.0900,2049,3881,15637,43251
ADT1,GSM_MOVI,2026-06,2026-06-22,14,494,29,0.0587,236,468,339,709
AYS3,GSM_MOVI,2026-06,2026-06-22,14,1983,133,0.0671,1659,1979,14680,22796
AYS3,GSM_PERS,2026-06,2026-06-22,14,699,29,0.0415,556,691,9501,15029
AYSA,GSM_MOVI,2026-06,2026-06-22,14,636,75,0.1179,626,635,13655,21597
AYSA,GSM_PERS,2026-06,2026-06-22,14,341,49,0.1437,332,339,16879,25757
AYSJ,GSM_MOVI,2026-06,2026-06-22,14,390,13,0.0333,288,360,929,1295
DRTV,GSM_PERS,2026-06,2026-06-22,14,1617,105,0.0649,1457,1617,6598,10871
DRTW,GSM_MOVI,2026-06,2026-06-22,14,827,85,0.1028,683,827,5408,6908
MEL0,GSM_MOVI,2026-06,2026-06-22,14,922,79,0.0857,845,922,58422,86190
MEL0,GSM_PERS,2026-06,2026-06-22,14,2606,198,0.0760,2437,2605,53014,84080
MEL0,MOVI,2026-06,2026-06-22,14,557,390,0.7002,552,557,68363,105423
ADT0,GSM_MOVI,2026-06,2026-06-22,15,3210,259,0.0807,1653,3076,13837,38513
AYS3,GSM_MOVI,2026-06,2026-06-22,15,455,40,0.0879,437,453,6141,9176
AYS3,GSM_PERS,2026-06,2026-06-22,15,716,29,0.0405,556,698,9501,15029
AYSA,GSM_PERS,2026-06,2026-06-22,15,703,82,0.1166,677,693,16879,25757
AYSJ,GSM_MOVI,2026-06,2026-06-22,15,519,11,0.0212,385,479,929,1295
DRTV,GSM_PERS,2026-06,2026-06-22,15,1337,107,0.0800,1197,1336,6598,10871
DRTW,GSM_MOVI,2026-06,2026-06-22,15,2769,207,0.0748,2318,2768,5408,6908
MEL0,GSM_MOVI,2026-06,2026-06-22,15,3011,254,0.0844,2613,3011,58422,86190
MEL0,GSM_PERS,2026-06,2026-06-22,15,2445,171,0.0699,2295,2445,53014,84080
MEL0,MOVI,2026-06,2026-06-22,15,254,167,0.6575,254,254,68363,105423
ADT0,GSM_MOVI,2026-06,2026-06-22,16,753,67,0.0890,505,734,13837,38513
AYS3,GSM_MOVI,2026-06,2026-06-22,16,275,14,0.0509,191,269,8539,13620
AYS3,GSM_PERS,2026-06,2026-06-22,16,2157,111,0.0515,1451,2140,9501,15029
AYSA,GSM_PERS,2026-06,2026-06-22,16,1137,164,0.1442,1059,1114,16879,25757
AYSA,MOVI,2026-06,2026-06-22,16,38,8,0.2105,38,38,14576,23395
AYSE,GSM_MOVI,2026-06,2026-06-22,16,106,12,0.1132,74,106,4705,7555
AYSJ,GSM_MOVI,2026-06,2026-06-22,16,1045,35,0.0335,638,851,929,1295
DRTW,GSM_MOVI,2026-06,2026-06-22,16,716,64,0.0894,645,716,5408,6908
MEL0,GSM_MOVI,2026-06,2026-06-22,16,2320,269,0.1159,2102,2320,58422,86190
MEL0,GSM_PERS,2026-06,2026-06-22,16,684,46,0.0673,664,684,53014,84080
MEL0,MOVI,2026-06,2026-06-22,16,1736,61,0.0351,1623,1736,68363,105423
AYS3,GSM_MOVI,2026-06,2026-06-22,17,3230,148,0.0458,2172,3183,8539,13620
AYS3,GSM_PERS,2026-06,2026-06-22,17,3339,114,0.0341,2273,3298,8911,14428
AYSA,GSM_PERS,2026-06,2026-06-22,17,1764,243,0.1378,1676,1755,16879,25757
AYSA,MOVI,2026-06,2026-06-22,17,37,3,0.0811,37,37,14576,23395
AYSE,GSM_MOVI,2026-06,2026-06-22,17,1872,186,0.0994,1310,1865,4705,7555
MEL0,MOVI,2026-06,2026-06-22,17,6808,321,0.0472,6257,6808,68363,105423
AYS3,GSM_MOVI,2026-06,2026-06-22,18,1977,91,0.0460,1469,1953,8539,13620
AYS3,GSM_PERS,2026-06,2026-06-22,18,1784,66,0.0370,1283,1764,8911,14428
AYSA,GSM_PERS,2026-06,2026-06-22,18,559,73,0.1306,510,557,14425,23147
AYSA,MOVI,2026-06,2026-06-22,18,111,22,0.1982,111,111,14576,23395
AYSE,GSM_MOVI,2026-06,2026-06-22,18,1767,145,0.0821,1283,1762,4705,7555
CVIA,GSM_MOVI,2026-06,2026-06-22,18,1691,291,0.1721,1669,1690,7343,9361
CVIA,GSM_PERS,2026-06,2026-06-22,18,2622,298,0.1137,2479,2621,11912,18738
MEL0,MOVI,2026-06,2026-06-22,18,6846,330,0.0482,6291,6844,68363,105423
AYS3,GSM_MOVI,2026-06,2026-06-22,19,1039,65,0.0626,807,1037,8539,13620
AYS3,GSM_PERS,2026-06,2026-06-22,19,1468,65,0.0443,1110,1450,8911,14428
AYSA,GSM_PERS,2026-06,2026-06-22,19,446,50,0.1121,417,446,14425,23147
AYSA,MOVI,2026-06,2026-06-22,19,97,15,0.1546,97,97,14576,23395
AYSE,GSM_MOVI,2026-06,2026-06-22,19,1617,151,0.0934,1275,1616,4705,7555
CVIA,GSM_MOVI,2026-06,2026-06-22,19,2677,447,0.1670,2643,2673,7343,9361
CVIA,GSM_PERS,2026-06,2026-06-22,19,3145,355,0.1129,2986,3139,11912,18738
DRTV,Sin proveedor,2026-06,2026-06-22,19,2,2,1.0000,2,2,7,7
MEL0,MOVI,2026-06,2026-06-22,19,179,12,0.0670,178,179,68363,105423
AYS3,GSM_MOVI,2026-06,2026-06-22,20,3549,164,0.0462,2522,3488,8539,13620
AYS3,GSM_PERS,2026-06,2026-06-22,20,1171,45,0.0384,930,1161,8911,14428
AYSA,GSM_PERS,2026-06,2026-06-22,20,434,55,0.1267,405,431,14425,23147
AYSA,MOVI,2026-06,2026-06-22,20,80,19,0.2375,80,80,14576,23395
AYSE,GSM_MOVI,2026-06,2026-06-22,20,1433,130,0.0907,1134,1433,4705,7555
CVIA,GSM_MOVI,2026-06,2026-06-22,20,684,104,0.1520,676,684,7343,9361
CVIA,GSM_PERS,2026-06,2026-06-22,20,4052,414,0.1022,3819,4041,11912,18738
AYS3,GSM_MOVI,2026-06,2026-06-22,21,12,0,0.0000,10,12,8539,13620
CVIA,GSM_PERS,2026-06,2026-06-22,21,2,0,0.0000,2,2,11912,18738
ADT0,GSM_MOVI,2026-06,2026-06-23,8,567,39,0.0688,286,542,13837,38513
AUSO,GSM_MOVI,2026-06,2026-06-23,8,766,116,0.1514,677,766,12690,16995
AUSO,GSM_PERS,2026-06,2026-06-23,8,448,44,0.0982,410,448,3705,4649
AYS3,GSM_MOVI,2026-06,2026-06-23,8,270,15,0.0556,217,266,8539,13620
AYS3,GSM_PERS,2026-06,2026-06-23,8,41,1,0.0244,38,39,9501,15029
AYSA,GSM_MOVI,2026-06,2026-06-23,8,28,3,0.1071,28,28,13655,21597
AYSA,GSM_PERS,2026-06,2026-06-23,8,227,26,0.1145,223,226,16879,25757
AYSE,GSM_MOVI,2026-06,2026-06-23,8,252,53,0.2103,228,252,10085,15643
AYSE,GSM_PERS,2026-06,2026-06-23,8,107,20,0.1869,105,107,8910,14090
CVIA,GSM_MOVI,2026-06,2026-06-23,8,2085,266,0.1276,1848,2083,13952,17647
CVIA,GSM_PERS,2026-06,2026-06-23,8,1648,146,0.0886,1395,1647,22995,35387
OEST,GSM_MOVI,2026-06,2026-06-23,8,554,66,0.1191,486,554,6150,8347
ADT0,GSM_MOVI,2026-06,2026-06-23,9,558,48,0.0860,351,536,13837,38513
AUSO,GSM_MOVI,2026-06,2026-06-23,9,1297,236,0.1820,1195,1297,21389,29005
AUSO,GSM_PERS,2026-06,2026-06-23,9,787,72,0.0915,696,754,3705,4649
AYS3,GSM_MOVI,2026-06,2026-06-23,9,315,11,0.0349,272,311,11876,18317
AYS3,GSM_PERS,2026-06,2026-06-23,9,690,30,0.0435,593,682,10177,15784
AYS3,MOVI,2026-06,2026-06-23,9,50,3,0.0600,32,50,1580,2131
AYSA,GSM_MOVI,2026-06,2026-06-23,9,134,19,0.1418,130,133,21631,33163
AYSA,GSM_PERS,2026-06,2026-06-23,9,402,52,0.1294,387,399,16879,25757
AYSA,MOVI,2026-06,2026-06-23,9,208,13,0.0625,131,208,3497,4179
AYSC,MOVI,2026-06,2026-06-23,9,1281,54,0.0422,586,1262,586,1262
AYSE,GSM_MOVI,2026-06,2026-06-23,9,180,53,0.2944,158,178,10895,16991
AYSE,GSM_PERS,2026-06,2026-06-23,9,310,36,0.1161,286,310,8910,14090
CVIA,GSM_MOVI,2026-06,2026-06-23,9,1903,272,0.1429,1772,1899,13947,17641
CVIA,GSM_PERS,2026-06,2026-06-23,9,2934,258,0.0879,2540,2906,22995,35387
DRPW,GSM_MOVI,2026-06,2026-06-23,9,675,26,0.0385,504,675,5051,9565
DRTV,GSM_MOVI,2026-06,2026-06-23,9,90,7,0.0778,83,90,4109,4994
DRTW,GSM_PERS,2026-06,2026-06-23,9,83,8,0.0964,78,83,5285,8827
OEST,GSM_MOVI,2026-06,2026-06-23,9,1107,156,0.1409,1014,1105,10007,13544
ADT0,GSM_MOVI,2026-06,2026-06-23,10,711,60,0.0844,421,691,13837,38513
AUSO,GSM_MOVI,2026-06,2026-06-23,10,1807,296,0.1638,1640,1805,21389,29005
AUSO,GSM_PERS,2026-06,2026-06-23,10,777,67,0.0862,670,729,3683,4622
AYS3,GSM_MOVI,2026-06,2026-06-23,10,439,17,0.0387,364,436,11343,18099
AYS3,GSM_PERS,2026-06,2026-06-23,10,1111,58,0.0522,953,1101,10177,15784
AYS3,MOVI,2026-06,2026-06-23,10,68,68,1.0000,68,68,2304,2686
AYSA,GSM_MOVI,2026-06,2026-06-23,10,153,27,0.1765,145,153,21631,33163
AYSA,GSM_PERS,2026-06,2026-06-23,10,245,23,0.0939,232,243,16879,25757
AYSE,GSM_PERS,2026-06,2026-06-23,10,432,60,0.1389,398,429,8910,14090
CVIA,GSM_MOVI,2026-06,2026-06-23,10,1949,322,0.1652,1811,1945,13952,17647
CVIA,GSM_PERS,2026-06,2026-06-23,10,2332,203,0.0870,2029,2331,22995,35387
DRPW,GSM_MOVI,2026-06,2026-06-23,10,1100,65,0.0591,785,1100,5051,9565
DRTV,GSM_MOVI,2026-06,2026-06-23,10,177,12,0.0678,160,177,4109,4994
DRTW,GSM_PERS,2026-06,2026-06-23,10,203,9,0.0443,173,203,5285,8827
DRTW,MOVI,2026-06,2026-06-23,10,530,31,0.0585,521,530,8947,11355
FIME,GSM_MOVI,2026-06,2026-06-23,10,1181,48,0.0406,1162,1181,11522,12038
MEL0,GSM_MOVI,2026-06,2026-06-23,10,95,6,0.0632,90,95,58422,86190
MEL0,MOVI,2026-06,2026-06-23,10,785,39,0.0497,779,784,68363,105423
OEST,GSM_MOVI,2026-06,2026-06-23,10,1091,189,0.1732,996,1091,10119,13964
ADT0,GSM_MOVI,2026-06,2026-06-23,11,540,42,0.0778,332,517,15637,43251
AUSO,GSM_MOVI,2026-06,2026-06-23,11,1836,356,0.1939,1672,1836,21389,29005
AUSO,GSM_PERS,2026-06,2026-06-23,11,875,84,0.0960,754,833,3705,4649
AYS3,GSM_MOVI,2026-06,2026-06-23,11,314,21,0.0669,270,312,14680,22796
AYS3,GSM_PERS,2026-06,2026-06-23,11,623,27,0.0433,460,606,9501,15029
AYS3,MOVI,2026-06,2026-06-23,11,64,64,1.0000,64,64,2304,2686
AYSA,GSM_MOVI,2026-06,2026-06-23,11,258,70,0.2713,231,257,21631,33163
AYSA,GSM_PERS,2026-06,2026-06-23,11,275,37,0.1345,265,274,16879,25757
AYSE,GSM_PERS,2026-06,2026-06-23,11,516,62,0.1202,459,513,8910,14090
AYSJ,GSM_MOVI,2026-06,2026-06-23,11,97,4,0.0412,79,97,929,1295
CVIA,GSM_MOVI,2026-06,2026-06-23,11,1497,237,0.1583,1406,1497,13952,17647
CVIA,GSM_PERS,2026-06,2026-06-23,11,2550,258,0.1012,2229,2547,22995,35387
DRPW,GSM_MOVI,2026-06,2026-06-23,11,1077,59,0.0548,777,1077,5051,9565
DRTV,GSM_MOVI,2026-06,2026-06-23,11,221,9,0.0407,205,221,4109,4994
DRTW,GSM_PERS,2026-06,2026-06-23,11,236,20,0.0847,205,236,5285,8827
DRTW,MOVI,2026-06,2026-06-23,11,878,41,0.0467,858,878,8947,11355
FIME,GSM_MOVI,2026-06,2026-06-23,11,1572,57,0.0363,1543,1569,11522,12038
MEL0,GSM_MOVI,2026-06,2026-06-23,11,552,60,0.1087,515,552,58422,86190
MEL0,MOVI,2026-06,2026-06-23,11,2116,93,0.0440,2085,2116,68363,105423
OEST,GSM_MOVI,2026-06,2026-06-23,11,1019,163,0.1600,920,1019,10119,13964
ADT0,GSM_MOVI,2026-06,2026-06-23,12,591,59,0.0998,392,580,15637,43251
AUSO,GSM_MOVI,2026-06,2026-06-23,12,1885,348,0.1846,1726,1883,21389,29005
AUSO,GSM_PERS,2026-06,2026-06-23,12,886,100,0.1129,753,836,3705,4649
AYS3,GSM_MOVI,2026-06,2026-06-23,12,306,13,0.0425,250,300,14680,22796
AYS3,GSM_PERS,2026-06,2026-06-23,12,700,24,0.0343,513,692,9501,15029
AYS3,MOVI,2026-06,2026-06-23,12,59,59,1.0000,59,59,2304,2686
AYSA,GSM_MOVI,2026-06,2026-06-23,12,101,13,0.1287,97,101,13655,21597
AYSA,GSM_PERS,2026-06,2026-06-23,12,354,43,0.1215,335,349,16879,25757
AYSE,GSM_PERS,2026-06,2026-06-23,12,305,45,0.1475,268,305,8910,14090
AYSJ,GSM_MOVI,2026-06,2026-06-23,12,58,2,0.0345,43,57,929,1295
CVIA,GSM_MOVI,2026-06,2026-06-23,12,1197,197,0.1646,1138,1196,13947,17641
CVIA,GSM_PERS,2026-06,2026-06-23,12,2692,266,0.0988,2339,2690,22995,35387
DRPW,GSM_MOVI,2026-06,2026-06-23,12,1105,65,0.0588,825,1105,5051,9565
DRTV,GSM_MOVI,2026-06,2026-06-23,12,187,15,0.0802,172,187,4109,4994
DRTW,GSM_PERS,2026-06,2026-06-23,12,163,9,0.0552,140,163,5285,8827
DRTW,MOVI,2026-06,2026-06-23,12,859,33,0.0384,840,859,8947,11355
FIME,GSM_MOVI,2026-06,2026-06-23,12,1808,79,0.0437,1766,1808,11522,12038
MEL0,GSM_MOVI,2026-06,2026-06-23,12,540,59,0.1093,505,540,58422,86190
MEL0,MOVI,2026-06,2026-06-23,12,3327,184,0.0553,3237,3327,68363,105423
OEST,GSM_MOVI,2026-06,2026-06-23,12,1308,246,0.1881,1187,1307,10119,13964
ADT0,GSM_MOVI,2026-06,2026-06-23,13,624,57,0.0913,384,605,15637,43251
ADT1,GSM_MOVI,2026-06,2026-06-23,13,35,1,0.0286,25,34,339,709
AUSO,GSM_MOVI,2026-06,2026-06-23,13,1823,368,0.2019,1704,1823,21389,29005
AUSO,GSM_PERS,2026-06,2026-06-23,13,858,97,0.1131,755,821,3705,4649
AYS3,GSM_MOVI,2026-06,2026-06-23,13,790,94,0.1190,727,789,14680,22796
AYS3,GSM_PERS,2026-06,2026-06-23,13,629,30,0.0477,470,623,9501,15029
AYS3,MOVI,2026-06,2026-06-23,13,57,57,1.0000,56,57,2304,2686
AYSA,GSM_MOVI,2026-06,2026-06-23,13,36,0,0.0000,36,36,13655,21597
AYSA,GSM_PERS,2026-06,2026-06-23,13,330,48,0.1455,315,329,16879,25757
AYSE,GSM_PERS,2026-06,2026-06-23,13,409,50,0.1222,359,408,8910,14090
AYSJ,GSM_MOVI,2026-06,2026-06-23,13,95,3,0.0316,76,95,929,1295
CVIA,GSM_MOVI,2026-06,2026-06-23,13,1314,205,0.1560,1253,1314,13947,17641
CVIA,GSM_PERS,2026-06,2026-06-23,13,2656,278,0.1047,2366,2654,22995,35387
DRPW,GSM_MOVI,2026-06,2026-06-23,13,994,53,0.0533,758,994,5051,9565
DRTV,GSM_MOVI,2026-06,2026-06-23,13,163,12,0.0736,150,163,4109,4994
DRTW,GSM_PERS,2026-06,2026-06-23,13,158,15,0.0949,135,158,5285,8827
DRTW,MOVI,2026-06,2026-06-23,13,890,35,0.0393,873,890,8947,11355
FIME,GSM_MOVI,2026-06,2026-06-23,13,1676,87,0.0519,1649,1676,11522,12038
MEL0,GSM_MOVI,2026-06,2026-06-23,13,352,38,0.1080,335,352,58422,86190
MEL0,MOVI,2026-06,2026-06-23,13,3333,159,0.0477,3260,3331,68363,105423
OEST,GSM_MOVI,2026-06,2026-06-23,13,1097,172,0.1568,1007,1096,10119,13964
ADT0,GSM_MOVI,2026-06,2026-06-23,14,487,44,0.0903,311,475,15637,43251
ADT1,GSM_MOVI,2026-06,2026-06-23,14,17,0,0.0000,11,17,339,709
AUSO,GSM_MOVI,2026-06,2026-06-23,14,1918,367,0.1913,1789,1918,21389,29005
AUSO,GSM_PERS,2026-06,2026-06-23,14,860,88,0.1023,739,802,3705,4649
AYS3,GSM_MOVI,2026-06,2026-06-23,14,359,29,0.0808,320,359,14680,22796
AYS3,GSM_PERS,2026-06,2026-06-23,14,643,30,0.0467,470,641,9501,15029
AYS3,MOVI,2026-06,2026-06-23,14,65,65,1.0000,64,65,2304,2686
AYSA,GSM_MOVI,2026-06,2026-06-23,14,71,13,0.1831,69,71,13655,21597
AYSA,GSM_PERS,2026-06,2026-06-23,14,307,40,0.1303,295,306,16879,25757
AYSE,GSM_PERS,2026-06,2026-06-23,14,378,48,0.1270,322,378,8910,14090
AYSJ,GSM_MOVI,2026-06,2026-06-23,14,114,1,0.0088,94,112,899,1257
CVIA,GSM_MOVI,2026-06,2026-06-23,14,1241,204,0.1644,1171,1240,13947,17641
CVIA,GSM_PERS,2026-06,2026-06-23,14,2738,270,0.0986,2428,2731,22995,35387
DRPW,GSM_MOVI,2026-06,2026-06-23,14,1084,55,0.0507,825,1084,5051,9565
DRTV,GSM_MOVI,2026-06,2026-06-23,14,262,22,0.0840,237,262,4109,4994
DRTW,GSM_PERS,2026-06,2026-06-23,14,210,18,0.0857,188,210,5285,8827
DRTW,MOVI,2026-06,2026-06-23,14,841,54,0.0642,815,841,8947,11355
FIME,GSM_MOVI,2026-06,2026-06-23,14,1849,111,0.0600,1817,1849,11522,12038
MEL0,GSM_MOVI,2026-06,2026-06-23,14,491,43,0.0876,467,491,58422,86190
MEL0,MOVI,2026-06,2026-06-23,14,3081,131,0.0425,2996,3079,68363,105423
OEST,GSM_MOVI,2026-06,2026-06-23,14,1133,186,0.1642,1056,1133,10119,13964
ADT0,GSM_MOVI,2026-06,2026-06-23,15,557,44,0.0790,385,549,15637,43251
ADT1,GSM_MOVI,2026-06,2026-06-23,15,63,1,0.0159,50,62,339,709
AUSO,GSM_MOVI,2026-06,2026-06-23,15,2070,383,0.1850,1911,2070,21389,29005
AUSO,GSM_PERS,2026-06,2026-06-23,15,844,67,0.0794,752,803,3705,4649
AYS3,GSM_MOVI,2026-06,2026-06-23,15,259,10,0.0386,232,259,8539,13620
AYS3,GSM_PERS,2026-06,2026-06-23,15,612,19,0.0310,481,608,9501,15029
AYS3,MOVI,2026-06,2026-06-23,15,65,65,1.0000,65,65,2304,2686
AYSA,GSM_MOVI,2026-06,2026-06-23,15,43,4,0.0930,42,43,13655,21597
AYSA,GSM_PERS,2026-06,2026-06-23,15,294,44,0.1497,279,292,16879,25757
AYSE,GSM_PERS,2026-06,2026-06-23,15,463,52,0.1123,400,463,8910,14090
AYSJ,GSM_MOVI,2026-06,2026-06-23,15,57,2,0.0351,51,57,929,1295
CVIA,GSM_MOVI,2026-06,2026-06-23,15,1379,216,0.1566,1330,1378,13947,17641
CVIA,GSM_PERS,2026-06,2026-06-23,15,2684,271,0.1010,2372,2679,22995,35387
DRPW,GSM_MOVI,2026-06,2026-06-23,15,1091,61,0.0559,850,1091,5051,9565
DRTV,GSM_MOVI,2026-06,2026-06-23,15,167,9,0.0539,155,167,4109,4994
DRTW,GSM_PERS,2026-06,2026-06-23,15,188,17,0.0904,160,188,5285,8827
DRTW,MOVI,2026-06,2026-06-23,15,868,37,0.0426,843,868,8947,11355
FIME,GSM_MOVI,2026-06,2026-06-23,15,1938,107,0.0552,1905,1935,11522,12038
MEL0,GSM_MOVI,2026-06,2026-06-23,15,518,59,0.1139,492,518,58422,86190
MEL0,MOVI,2026-06,2026-06-23,15,3061,120,0.0392,2993,3059,68363,105423
OEST,GSM_MOVI,2026-06,2026-06-23,15,989,167,0.1689,923,989,10119,13964
ADT0,GSM_MOVI,2026-06,2026-06-23,16,537,57,0.1061,357,532,15637,43251
ADT1,GSM_MOVI,2026-06,2026-06-23,16,25,2,0.0800,11,25,339,709
AUSO,GSM_MOVI,2026-06,2026-06-23,16,2022,398,0.1968,1896,2021,21389,29005
AUSO,GSM_PERS,2026-06,2026-06-23,16,848,68,0.0802,746,796,3705,4649
AYS3,GSM_MOVI,2026-06,2026-06-23,16,232,12,0.0517,203,231,8539,13620
AYS3,GSM_PERS,2026-06,2026-06-23,16,619,27,0.0436,473,614,9501,15029
AYS3,MOVI,2026-06,2026-06-23,16,643,32,0.0498,628,643,2304,2686
AYSA,GSM_MOVI,2026-06,2026-06-23,16,83,11,0.1325,82,83,13655,21597
AYSA,GSM_PERS,2026-06,2026-06-23,16,284,28,0.0986,271,284,16879,25757
AYSE,GSM_MOVI,2026-06,2026-06-23,16,60,6,0.1000,53,60,9313,14581
AYSE,GSM_PERS,2026-06,2026-06-23,16,343,44,0.1283,298,343,8910,14090
AYSJ,GSM_MOVI,2026-06,2026-06-23,16,137,4,0.0292,119,135,929,1295
CVIA,GSM_MOVI,2026-06,2026-06-23,16,1287,205,0.1593,1224,1286,13947,17641
CVIA,GSM_PERS,2026-06,2026-06-23,16,2837,278,0.0980,2567,2835,22995,35387
DRPW,GSM_MOVI,2026-06,2026-06-23,16,1021,39,0.0382,832,1021,5051,9565
DRTV,GSM_MOVI,2026-06,2026-06-23,16,166,13,0.0783,150,166,4109,4994
DRTW,GSM_PERS,2026-06,2026-06-23,16,205,16,0.0780,172,205,5285,8827
DRTW,MOVI,2026-06,2026-06-23,16,881,40,0.0454,865,881,8947,11355
FIME,GSM_MOVI,2026-06,2026-06-23,16,1990,112,0.0563,1957,1988,11522,12038
MEL0,GSM_MOVI,2026-06,2026-06-23,16,437,42,0.0961,405,437,58422,86190
MEL0,MOVI,2026-06,2026-06-23,16,3062,137,0.0447,2984,3061,68363,105423
OEST,GSM_MOVI,2026-06,2026-06-23,16,1127,170,0.1508,1059,1126,10119,13964
ADT0,GSM_MOVI,2026-06,2026-06-23,17,792,64,0.0808,432,758,15637,43251
ADT1,GSM_MOVI,2026-06,2026-06-23,17,44,3,0.0682,21,42,339,709
AUSO,GSM_MOVI,2026-06,2026-06-23,17,2781,547,0.1967,2579,2779,21389,29005
AUSO,GSM_PERS,2026-06,2026-06-23,17,435,49,0.1126,395,414,3705,4649
AYS3,GSM_MOVI,2026-06,2026-06-23,17,414,27,0.0652,339,406,8539,13620
AYS3,GSM_PERS,2026-06,2026-06-23,17,808,27,0.0334,614,804,9501,15029
AYS3,MOVI,2026-06,2026-06-23,17,843,27,0.0320,816,841,2304,2686
AYSA,GSM_MOVI,2026-06,2026-06-23,17,97,9,0.0928,96,97,13655,21597
AYSA,GSM_PERS,2026-06,2026-06-23,17,412,48,0.1165,392,409,16879,25757
AYSE,GSM_MOVI,2026-06,2026-06-23,17,692,66,0.0954,509,692,9313,14581
AYSE,GSM_PERS,2026-06,2026-06-23,17,516,78,0.1512,460,515,8910,14090
AYSJ,GSM_MOVI,2026-06,2026-06-23,17,175,9,0.0514,139,175,929,1295
CVIA,GSM_MOVI,2026-06,2026-06-23,17,47,7,0.1489,46,47,13947,17641
CVIA,GSM_PERS,2026-06,2026-06-23,17,2605,265,0.1017,2360,2603,22995,35387
DRPW,GSM_MOVI,2026-06,2026-06-23,17,1332,56,0.0420,1049,1332,5051,9565
DRTV,GSM_MOVI,2026-06,2026-06-23,17,324,16,0.0494,276,324,4109,4994
DRTW,GSM_PERS,2026-06,2026-06-23,17,238,25,0.1050,209,238,5285,8827
DRTW,MOVI,2026-06,2026-06-23,17,869,35,0.0403,852,869,8947,11355
FIME,GSM_MOVI,2026-06,2026-06-23,17,42,2,0.0476,41,42,11522,12038
MEL0,GSM_MOVI,2026-06,2026-06-23,17,541,56,0.1035,500,541,58422,86190
MEL0,MOVI,2026-06,2026-06-23,17,3127,137,0.0438,3042,3127,68363,105423
OEST,GSM_MOVI,2026-06,2026-06-23,17,791,153,0.1934,724,790,9496,12501
ADT0,GSM_MOVI,2026-06,2026-06-23,18,497,57,0.1147,320,485,15637,43251
ADT1,GSM_MOVI,2026-06,2026-06-23,18,9,0,0.0000,8,9,339,709
AUSO,GSM_MOVI,2026-06,2026-06-23,18,746,145,0.1944,688,745,8699,12010
AYS3,GSM_MOVI,2026-06,2026-06-23,18,1201,59,0.0491,950,1180,8539,13620
AYS3,GSM_PERS,2026-06,2026-06-23,18,722,27,0.0374,535,719,9501,15029
AYS3,MOVI,2026-06,2026-06-23,18,25,3,0.1200,25,25,2304,2686
AYSA,GSM_MOVI,2026-06,2026-06-23,18,100,13,0.1300,100,100,13655,21597
AYSA,GSM_PERS,2026-06,2026-06-23,18,397,58,0.1461,380,394,16879,25757
AYSE,GSM_MOVI,2026-06,2026-06-23,18,492,52,0.1057,400,490,9313,14581
AYSJ,GSM_MOVI,2026-06,2026-06-23,18,140,8,0.0571,116,140,929,1295
CVIA,GSM_MOVI,2026-06,2026-06-23,18,4645,731,0.1574,4018,4628,13151,16742
CVIA,GSM_PERS,2026-06,2026-06-23,18,3707,327,0.0882,2756,3706,20510,32208
DRTV,GSM_MOVI,2026-06,2026-06-23,18,222,27,0.1216,201,222,4109,4994
DRTW,GSM_PERS,2026-06,2026-06-23,18,270,15,0.0556,233,270,5285,8827
DRTW,MOVI,2026-06,2026-06-23,18,885,48,0.0542,860,885,8947,11355
MEL0,GSM_MOVI,2026-06,2026-06-23,18,343,35,0.1020,315,343,58422,86190
MEL0,MOVI,2026-06,2026-06-23,18,1171,56,0.0478,1155,1171,68363,105423
OEST,GSM_MOVI,2026-06,2026-06-23,18,623,105,0.1685,575,623,3969,5617
ADT0,GSM_MOVI,2026-06,2026-06-23,19,888,98,0.1104,621,871,15637,43251
ADT1,GSM_MOVI,2026-06,2026-06-23,19,41,0,0.0000,24,41,339,709
AUSO,GSM_MOVI,2026-06,2026-06-23,19,81,12,0.1481,80,81,8401,11624
AYS3,GSM_MOVI,2026-06,2026-06-23,19,223,14,0.0628,197,221,8539,13620
AYS3,GSM_PERS,2026-06,2026-06-23,19,676,36,0.0533,530,671,9501,15029
AYSA,GSM_MOVI,2026-06,2026-06-23,19,668,99,0.1482,660,665,13655,21597
AYSA,GSM_PERS,2026-06,2026-06-23,19,720,86,0.1194,695,714,16879,25757
AYSE,GSM_MOVI,2026-06,2026-06-23,19,448,42,0.0938,360,448,9313,14581
AYSJ,GSM_MOVI,2026-06,2026-06-23,19,129,1,0.0078,105,121,929,1295
CVIA,GSM_MOVI,2026-06,2026-06-23,19,4986,809,0.1623,4307,4973,13151,16742
CVIA,GSM_PERS,2026-06,2026-06-23,19,3678,355,0.0965,2768,3676,20510,32208
DRTV,GSM_MOVI,2026-06,2026-06-23,19,281,27,0.0961,250,281,4109,4994
DRTW,GSM_PERS,2026-06,2026-06-23,19,260,20,0.0769,227,260,5285,8827
DRTW,MOVI,2026-06,2026-06-23,19,855,46,0.0538,844,855,8947,11355
MEL0,GSM_MOVI,2026-06,2026-06-23,19,1519,168,0.1106,1350,1519,58422,86190
OEST,GSM_MOVI,2026-06,2026-06-23,19,58,6,0.1034,57,58,3647,4673
ADT0,GSM_MOVI,2026-06,2026-06-23,20,962,103,0.1071,646,950,15637,43251
ADT1,GSM_MOVI,2026-06,2026-06-23,20,41,1,0.0244,28,40,339,709
AYS3,GSM_MOVI,2026-06,2026-06-23,20,283,16,0.0565,253,280,8539,13620
AYS3,GSM_PERS,2026-06,2026-06-23,20,746,34,0.0456,582,735,9501,15029
AYSA,GSM_MOVI,2026-06,2026-06-23,20,184,26,0.1413,183,184,13655,21597
AYSA,GSM_PERS,2026-06,2026-06-23,20,645,84,0.1302,620,641,16879,25757
AYSE,GSM_MOVI,2026-06,2026-06-23,20,555,57,0.1027,458,554,9313,14581
AYSJ,GSM_MOVI,2026-06,2026-06-23,20,177,4,0.0226,144,168,929,1295
CVIA,GSM_MOVI,2026-06,2026-06-23,20,6099,936,0.1535,5255,6071,13151,16742
CVIA,GSM_PERS,2026-06,2026-06-23,20,3714,358,0.0964,2853,3712,20510,32208
DRTV,GSM_MOVI,2026-06,2026-06-23,20,331,35,0.1057,288,331,4109,4994
DRTW,GSM_PERS,2026-06,2026-06-23,20,222,18,0.0811,205,222,5285,8827
DRTW,MOVI,2026-06,2026-06-23,20,891,40,0.0449,874,891,8947,11355
MEL0,GSM_MOVI,2026-06,2026-06-23,20,605,58,0.0959,582,605,58422,86190
AYS3,GSM_PERS,2026-06,2026-06-23,21,3,0,0.0000,3,3,8911,14428
AYSA,GSM_PERS,2026-06,2026-06-23,21,1,0,0.0000,1,1,14425,23147
AYSE,GSM_MOVI,2026-06,2026-06-23,21,4,0,0.0000,4,4,4425,6987
CVIA,GSM_MOVI,2026-06,2026-06-23,21,12,2,0.1667,12,12,13151,16742
CVIA,GSM_PERS,2026-06,2026-06-23,21,6,0,0.0000,6,6,20510,32208
DRTW,MOVI,2026-06,2026-06-23,21,8,2,0.2500,8,8,8947,11355
ADT0,GSM_MOVI,2026-06,2026-06-24,8,422,33,0.0782,249,405,13837,38513
ADT1,GSM_MOVI,2026-06,2026-06-24,8,59,6,0.1017,51,59,339,709
AUSO,GSM_MOVI,2026-06,2026-06-24,8,466,61,0.1309,389,466,5511,10065
AYS3,GSM_MOVI,2026-06,2026-06-24,8,110,8,0.0727,95,109,8539,13620
AYS3,GSM_PERS,2026-06,2026-06-24,8,354,13,0.0367,294,352,9501,15029
AYSA,GSM_PERS,2026-06,2026-06-24,8,196,16,0.0816,191,193,16879,25757
AYSE,GSM_MOVI,2026-06,2026-06-24,8,274,22,0.0803,233,274,9313,14581
AYSE,GSM_PERS,2026-06,2026-06-24,8,87,9,0.1034,87,87,8910,14090
AYSJ,GSM_MOVI,2026-06,2026-06-24,8,78,3,0.0385,59,77,929,1295
CVIA,GSM_MOVI,2026-06,2026-06-24,8,2928,391,0.1335,2510,2904,13151,16742
CVIA,GSM_PERS,2026-06,2026-06-24,8,1853,155,0.0836,1413,1838,20510,32208
DRTV,GSM_MOVI,2026-06,2026-06-24,8,58,6,0.1034,53,58,4109,4994
DRTW,GSM_PERS,2026-06,2026-06-24,8,90,4,0.0444,84,90,5285,8827
MEL0,GSM_MOVI,2026-06,2026-06-24,8,81,4,0.0494,79,81,58422,86190
OEST,GSM_PERS,2026-06,2026-06-24,8,5,0,0.0000,5,5,4577,6702
ADT0,GSM_MOVI,2026-06,2026-06-24,9,740,57,0.0770,475,716,13837,38513
ADT1,GSM_MOVI,2026-06,2026-06-24,9,182,4,0.0220,101,175,339,709
AUSO,GSM_MOVI,2026-06,2026-06-24,9,1095,183,0.1671,947,1090,5511,10065
AYS3,GSM_MOVI,2026-06,2026-06-24,9,269,13,0.0483,247,265,8539,13620
AYS3,GSM_PERS,2026-06,2026-06-24,9,801,24,0.0300,602,787,10177,15784
AYS3,MOVI,2026-06,2026-06-24,9,51,2,0.0392,32,51,1580,2131
AYSA,GSM_PERS,2026-06,2026-06-24,9,239,26,0.1088,226,233,16879,25757
AYSA,MOVI,2026-06,2026-06-24,9,826,73,0.0884,724,826,18073,27574
AYSC,MOVI,2026-06,2026-06-24,9,1281,59,0.0461,586,1262,586,1262
AYSE,GSM_MOVI,2026-06,2026-06-24,9,623,99,0.1589,543,613,9313,14581
AYSE,GSM_PERS,2026-06,2026-06-24,9,739,103,0.1394,662,738,8910,14090
AYSJ,GSM_MOVI,2026-06,2026-06-24,9,61,4,0.0656,54,59,929,1295
CVIA,GSM_MOVI,2026-06,2026-06-24,9,4310,596,0.1383,3722,4219,13151,16742
CVIA,GSM_PERS,2026-06,2026-06-24,9,3054,274,0.0897,2309,3024,20510,32208
DRPW,GSM_MOVI,2026-06,2026-06-24,9,1674,77,0.0460,1221,1674,5051,9565
DRTV,GSM_MOVI,2026-06,2026-06-24,9,63,2,0.0317,59,63,4109,4994
DRTV,GSM_PERS,2026-06,2026-06-24,9,139,8,0.0576,124,139,6598,10871
DRTV,MOVI,2026-06,2026-06-24,9,13,0,0.0000,13,13,7823,9367
DRTW,GSM_MOVI,2026-06,2026-06-24,9,116,5,0.0431,108,116,5408,6908
DRTW,GSM_PERS,2026-06,2026-06-24,9,98,4,0.0408,87,98,5285,8827
DRTW,MOVI,2026-06,2026-06-24,9,823,41,0.0498,804,822,8947,11355
MEL0,GSM_MOVI,2026-06,2026-06-24,9,123,12,0.0976,118,123,58422,86190
OEST,GSM_MOVI,2026-06,2026-06-24,9,313,63,0.2013,294,313,5478,7908
OEST,GSM_PERS,2026-06,2026-06-24,9,273,46,0.1685,236,272,5773,8506
ADT0,GSM_MOVI,2026-06,2026-06-24,10,778,61,0.0784,463,738,15637,43251
AUSO,GSM_MOVI,2026-06,2026-06-24,10,1063,207,0.1947,919,1062,5511,10065
AYS3,GSM_MOVI,2026-06,2026-06-24,10,214,11,0.0514,191,213,8539,13620
AYS3,GSM_PERS,2026-06,2026-06-24,10,825,38,0.0461,620,819,10177,15784
AYSA,GSM_PERS,2026-06,2026-06-24,10,224,28,0.1250,206,219,16879,25757
AYSA,MOVI,2026-06,2026-06-24,10,576,74,0.1285,557,576,18073,27574
AYSE,GSM_MOVI,2026-06,2026-06-24,10,264,41,0.1553,239,262,9313,14581
AYSE,GSM_PERS,2026-06,2026-06-24,10,287,33,0.1150,244,287,8910,14090
AYSJ,GSM_MOVI,2026-06,2026-06-24,10,83,4,0.0482,75,83,929,1295
CVIA,GSM_MOVI,2026-06,2026-06-24,10,2566,366,0.1426,2290,2535,13151,16742
CVIA,GSM_PERS,2026-06,2026-06-24,10,2934,271,0.0924,2201,2932,20510,32208
DRPW,GSM_MOVI,2026-06,2026-06-24,10,1969,74,0.0376,1418,1967,5051,9565
DRTV,GSM_MOVI,2026-06,2026-06-24,10,37,7,0.1892,36,37,4109,4994
DRTV,GSM_PERS,2026-06,2026-06-24,10,89,6,0.0674,76,89,6598,10871
DRTV,MOVI,2026-06,2026-06-24,10,352,26,0.0739,349,352,7823,9367
DRTW,GSM_MOVI,2026-06,2026-06-24,10,186,7,0.0376,171,186,5408,6908
DRTW,GSM_PERS,2026-06,2026-06-24,10,107,6,0.0561,96,107,5285,8827
DRTW,MOVI,2026-06,2026-06-24,10,454,23,0.0507,447,453,8947,11355
FIME,GSM_MOVI,2026-06,2026-06-24,10,1358,57,0.0420,1318,1357,11522,12038
MEL0,GSM_MOVI,2026-06,2026-06-24,10,201,23,0.1144,200,201,58422,86190
MEL0,GSM_PERS,2026-06,2026-06-24,10,104,8,0.0769,96,104,53014,84080
MEL0,MOVI,2026-06,2026-06-24,10,1458,89,0.0610,1442,1458,68363,105423
OEST,GSM_MOVI,2026-06,2026-06-24,10,465,102,0.2194,432,465,5478,7908
OEST,GSM_PERS,2026-06,2026-06-24,10,419,59,0.1408,373,419,5773,8506
ADT0,GSM_MOVI,2026-06,2026-06-24,11,549,62,0.1129,347,537,15637,43251
AUSO,GSM_MOVI,2026-06,2026-06-24,11,1012,205,0.2026,868,1012,5511,10065
AYS3,GSM_MOVI,2026-06,2026-06-24,11,275,12,0.0436,239,272,8539,13620
AYS3,GSM_PERS,2026-06,2026-06-24,11,528,22,0.0417,420,515,10177,15784
AYSA,GSM_PERS,2026-06,2026-06-24,11,177,26,0.1469,171,176,16879,25757
AYSA,MOVI,2026-06,2026-06-24,11,324,41,0.1265,317,323,18073,27574
AYSE,GSM_MOVI,2026-06,2026-06-24,11,99,16,0.1616,90,99,9313,14581
AYSE,GSM_PERS,2026-06,2026-06-24,11,252,36,0.1429,217,252,8910,14090
AYSJ,GSM_MOVI,2026-06,2026-06-24,11,43,1,0.0233,39,43,899,1257
CVIA,GSM_MOVI,2026-06,2026-06-24,11,1662,251,0.1510,1509,1656,13151,16742
CVIA,GSM_PERS,2026-06,2026-06-24,11,2059,178,0.0864,1644,2058,20510,32208
DRPW,GSM_MOVI,2026-06,2026-06-24,11,1869,90,0.0482,1372,1869,5051,9565
DRTV,GSM_MOVI,2026-06,2026-06-24,11,68,7,0.1029,65,68,4109,4994
DRTV,GSM_PERS,2026-06,2026-06-24,11,95,5,0.0526,86,95,6598,10871
DRTV,MOVI,2026-06,2026-06-24,11,409,29,0.0709,406,409,7823,9367
DRTW,GSM_MOVI,2026-06,2026-06-24,11,199,11,0.0553,177,199,5408,6908
DRTW,GSM_PERS,2026-06,2026-06-24,11,32,4,0.1250,29,32,5285,8827
DRTW,MOVI,2026-06,2026-06-24,11,410,19,0.0463,403,410,8947,11355
FIME,GSM_MOVI,2026-06,2026-06-24,11,2411,96,0.0398,2341,2410,11522,12038
MEL0,GSM_MOVI,2026-06,2026-06-24,11,541,58,0.1072,513,541,58422,86190
MEL0,GSM_PERS,2026-06,2026-06-24,11,1657,122,0.0736,1477,1654,53014,84080
MEL0,MOVI,2026-06,2026-06-24,11,3115,221,0.0709,3036,3114,68363,105423
OEST,GSM_MOVI,2026-06,2026-06-24,11,558,137,0.2455,522,557,5478,7908
OEST,GSM_PERS,2026-06,2026-06-24,11,264,46,0.1742,247,263,5773,8506
ADT0,GSM_MOVI,2026-06,2026-06-24,12,600,64,0.1067,357,573,15637,43251
AUSO,GSM_MOVI,2026-06,2026-06-24,12,1,1,1.0000,1,1,4358,7653
AYS3,GSM_MOVI,2026-06,2026-06-24,12,290,19,0.0655,246,284,8539,13620
AYS3,GSM_PERS,2026-06,2026-06-24,12,524,24,0.0458,419,518,10177,15784
AYSA,GSM_PERS,2026-06,2026-06-24,12,404,60,0.1485,393,398,16879,25757
AYSA,MOVI,2026-06,2026-06-24,12,282,24,0.0851,272,282,18073,27574
AYSE,GSM_MOVI,2026-06,2026-06-24,12,120,14,0.1167,106,120,9313,14581
AYSE,GSM_PERS,2026-06,2026-06-24,12,244,28,0.1148,220,244,8910,14090
AYSJ,GSM_MOVI,2026-06,2026-06-24,12,56,3,0.0536,49,55,929,1295
CVIA,GSM_MOVI,2026-06,2026-06-24,12,1836,297,0.1618,1649,1813,13151,16742
CVIA,GSM_PERS,2026-06,2026-06-24,12,1914,195,0.1019,1543,1914,20510,32208
DRPW,GSM_MOVI,2026-06,2026-06-24,12,2200,97,0.0441,1616,2199,5051,9565
DRTV,GSM_MOVI,2026-06,2026-06-24,12,97,10,0.1031,91,97,4109,4994
DRTV,GSM_PERS,2026-06,2026-06-24,12,94,11,0.1170,87,94,6598,10871
DRTV,MOVI,2026-06,2026-06-24,12,373,24,0.0643,371,373,7823,9367
DRTW,GSM_MOVI,2026-06,2026-06-24,12,206,12,0.0583,178,206,5408,6908
DRTW,GSM_PERS,2026-06,2026-06-24,12,43,2,0.0465,40,43,5285,8827
DRTW,MOVI,2026-06,2026-06-24,12,460,26,0.0565,456,459,8947,11355
FIME,GSM_MOVI,2026-06,2026-06-24,12,2618,142,0.0542,2560,2618,11522,12038
MEL0,GSM_MOVI,2026-06,2026-06-24,12,768,92,0.1198,709,757,58422,86190
MEL0,GSM_PERS,2026-06,2026-06-24,12,1635,144,0.0881,1476,1634,53014,84080
MEL0,MOVI,2026-06,2026-06-24,12,3141,228,0.0726,3067,3141,68363,105423
OEST,GSM_MOVI,2026-06,2026-06-24,12,659,161,0.2443,615,657,5478,7908
OEST,GSM_PERS,2026-06,2026-06-24,12,244,37,0.1516,224,243,5773,8506
ADT0,GSM_MOVI,2026-06,2026-06-24,13,707,63,0.0891,433,687,15637,43251
ADT1,GSM_MOVI,2026-06,2026-06-24,13,10,0,0.0000,7,10,339,709
AYS3,GSM_MOVI,2026-06,2026-06-24,13,270,23,0.0852,236,267,14680,22796
AYS3,GSM_PERS,2026-06,2026-06-24,13,639,25,0.0391,490,626,10177,15784
AYSA,GSM_PERS,2026-06,2026-06-24,13,478,78,0.1632,465,473,16879,25757
AYSA,MOVI,2026-06,2026-06-24,13,273,35,0.1282,269,273,18073,27574
AYSE,GSM_MOVI,2026-06,2026-06-24,13,217,23,0.1060,194,216,9313,14581
AYSE,GSM_PERS,2026-06,2026-06-24,13,307,31,0.1010,247,307,8910,14090
AYSJ,GSM_MOVI,2026-06,2026-06-24,13,50,2,0.0400,44,50,929,1295
CVIA,GSM_MOVI,2026-06,2026-06-24,13,2339,400,0.1710,2122,2315,13151,16742
CVIA,GSM_PERS,2026-06,2026-06-24,13,2607,242,0.0928,2077,2606,20510,32208
DRPW,GSM_MOVI,2026-06,2026-06-24,13,1703,94,0.0552,1292,1703,5051,9565
DRTV,GSM_MOVI,2026-06,2026-06-24,13,86,6,0.0698,75,86,4109,4994
DRTV,GSM_PERS,2026-06,2026-06-24,13,104,11,0.1058,95,104,6598,10871
DRTV,MOVI,2026-06,2026-06-24,13,403,28,0.0695,400,403,7823,9367
DRTW,GSM_MOVI,2026-06,2026-06-24,13,193,12,0.0622,175,193,5408,6908
DRTW,GSM_PERS,2026-06,2026-06-24,13,52,5,0.0962,49,52,5285,8827
DRTW,MOVI,2026-06,2026-06-24,13,461,17,0.0369,453,460,8947,11355
FIME,GSM_MOVI,2026-06,2026-06-24,13,2711,132,0.0487,2648,2709,11522,12038
MEL0,GSM_MOVI,2026-06,2026-06-24,13,714,85,0.1190,676,714,58422,86190
MEL0,GSM_PERS,2026-06,2026-06-24,13,557,47,0.0844,526,557,53014,84080
MEL0,MOVI,2026-06,2026-06-24,13,2865,234,0.0817,2803,2865,68363,105423
OEST,GSM_MOVI,2026-06,2026-06-24,13,387,85,0.2196,365,386,5478,7908
OEST,GSM_PERS,2026-06,2026-06-24,13,317,60,0.1893,287,317,5773,8506
ADT0,GSM_MOVI,2026-06,2026-06-24,14,1111,106,0.0954,570,1022,15637,43251
ADT1,GSM_MOVI,2026-06,2026-06-24,14,37,4,0.1081,20,36,339,709
AYS3,GSM_MOVI,2026-06,2026-06-24,14,468,41,0.0876,387,461,14680,22796
AYS3,GSM_PERS,2026-06,2026-06-24,14,735,33,0.0449,566,724,10177,15784
AYSA,GSM_PERS,2026-06,2026-06-24,14,208,25,0.1202,203,206,16879,25757
AYSA,MOVI,2026-06,2026-06-24,14,256,30,0.1172,251,256,18073,27574
AYSE,GSM_MOVI,2026-06,2026-06-24,14,337,35,0.1039,270,337,9313,14581
AYSE,GSM_PERS,2026-06,2026-06-24,14,374,46,0.1230,314,372,8910,14090
AYSJ,GSM_MOVI,2026-06,2026-06-24,14,132,10,0.0758,103,131,929,1295
CVIA,GSM_MOVI,2026-06,2026-06-24,14,1818,277,0.1524,1658,1809,13151,16742
CVIA,GSM_PERS,2026-06,2026-06-24,14,3204,287,0.0896,2536,3200,20510,32208
DRTV,GSM_MOVI,2026-06,2026-06-24,14,143,10,0.0699,125,143,4109,4994
DRTV,GSM_PERS,2026-06,2026-06-24,14,129,8,0.0620,122,129,6598,10871
DRTV,MOVI,2026-06,2026-06-24,14,409,34,0.0831,405,409,7823,9367
DRTW,GSM_MOVI,2026-06,2026-06-24,14,214,8,0.0374,179,214,5408,6908
DRTW,GSM_PERS,2026-06,2026-06-24,14,31,1,0.0323,30,31,5285,8827
DRTW,MOVI,2026-06,2026-06-24,14,412,21,0.0510,409,412,8947,11355
FIME,GSM_MOVI,2026-06,2026-06-24,14,2958,151,0.0510,2874,2958,11522,12038
MEL0,GSM_MOVI,2026-06,2026-06-24,14,997,118,0.1184,881,989,58422,86190
MEL0,GSM_PERS,2026-06,2026-06-24,14,279,32,0.1147,263,279,53014,84080
MEL0,MOVI,2026-06,2026-06-24,14,2837,226,0.0797,2774,2837,68363,105423
OEST,GSM_PERS,2026-06,2026-06-24,14,299,56,0.1873,269,299,5773,8506
ADT0,GSM_MOVI,2026-06,2026-06-24,15,2704,238,0.0880,1492,2517,15637,43251
ADT1,GSM_MOVI,2026-06,2026-06-24,15,56,2,0.0357,23,54,339,709
AYS3,GSM_MOVI,2026-06,2026-06-24,15,1217,68,0.0559,986,1139,14680,22796
AYS3,GSM_PERS,2026-06,2026-06-24,15,906,35,0.0386,744,891,10177,15784
AYSA,GSM_PERS,2026-06,2026-06-24,15,234,31,0.1325,220,228,16879,25757
AYSA,MOVI,2026-06,2026-06-24,15,270,35,0.1296,267,270,18073,27574
AYSE,GSM_MOVI,2026-06,2026-06-24,15,495,62,0.1253,412,495,9313,14581
AYSE,GSM_PERS,2026-06,2026-06-24,15,355,50,0.1408,314,355,8910,14090
AYSJ,GSM_MOVI,2026-06,2026-06-24,15,73,6,0.0822,64,73,929,1295
CVIA,GSM_PERS,2026-06,2026-06-24,15,3310,300,0.0906,2751,3307,20510,32208
DRTV,GSM_MOVI,2026-06,2026-06-24,15,161,16,0.0994,142,161,4109,4994
DRTV,GSM_PERS,2026-06,2026-06-24,15,138,9,0.0652,129,138,6598,10871
DRTV,MOVI,2026-06,2026-06-24,15,392,32,0.0816,391,392,7823,9367
DRTW,GSM_MOVI,2026-06,2026-06-24,15,541,30,0.0555,451,541,5408,6908
DRTW,GSM_PERS,2026-06,2026-06-24,15,81,12,0.1481,72,81,5285,8827
DRTW,MOVI,2026-06,2026-06-24,15,483,30,0.0621,475,482,8947,11355
MEL0,GSM_MOVI,2026-06,2026-06-24,15,959,105,0.1095,862,952,58422,86190
MEL0,GSM_PERS,2026-06,2026-06-24,15,271,16,0.0590,255,271,53014,84080
MEL0,MOVI,2026-06,2026-06-24,15,2886,208,0.0721,2809,2886,68363,105423
OEST,GSM_PERS,2026-06,2026-06-24,15,366,51,0.1393,334,366,5773,8506
ADT0,GSM_MOVI,2026-06,2026-06-24,16,3938,308,0.0782,2098,3629,15637,43251
ADT1,GSM_MOVI,2026-06,2026-06-24,16,32,0,0.0000,20,31,339,709
AYS3,GSM_MOVI,2026-06,2026-06-24,16,1594,95,0.0596,1268,1491,14680,22796
AYS3,GSM_PERS,2026-06,2026-06-24,16,1134,69,0.0608,986,1118,10177,15784
AYSA,GSM_PERS,2026-06,2026-06-24,16,203,28,0.1379,198,202,16879,25757
AYSA,MOVI,2026-06,2026-06-24,16,217,24,0.1106,213,217,18073,27574
AYSE,GSM_MOVI,2026-06,2026-06-24,16,452,42,0.0929,368,452,9313,14581
AYSE,GSM_PERS,2026-06,2026-06-24,16,357,52,0.1457,319,354,8910,14090
AYSJ,GSM_MOVI,2026-06,2026-06-24,16,56,1,0.0179,49,55,929,1295
CVIA,GSM_PERS,2026-06,2026-06-24,16,2956,297,0.1005,2465,2952,20510,32208
DRTV,GSM_MOVI,2026-06,2026-06-24,16,205,14,0.0683,186,205,4109,4994
DRTV,GSM_PERS,2026-06,2026-06-24,16,164,11,0.0671,146,164,6598,10871
DRTV,MOVI,2026-06,2026-06-24,16,365,33,0.0904,363,365,7823,9367
DRTW,GSM_MOVI,2026-06,2026-06-24,16,299,8,0.0268,266,299,5408,6908
DRTW,GSM_PERS,2026-06,2026-06-24,16,63,5,0.0794,55,63,5285,8827
DRTW,MOVI,2026-06,2026-06-24,16,481,21,0.0437,475,480,8947,11355
MEL0,GSM_MOVI,2026-06,2026-06-24,16,963,107,0.1111,867,955,58422,86190
MEL0,GSM_PERS,2026-06,2026-06-24,16,255,19,0.0745,237,255,53014,84080
MEL0,MOVI,2026-06,2026-06-24,16,2944,219,0.0744,2866,2943,68363,105423
OEST,GSM_PERS,2026-06,2026-06-24,16,277,53,0.1913,257,277,5773,8506
ADT0,GSM_MOVI,2026-06,2026-06-24,17,1418,122,0.0860,826,1375,15637,43251
ADT1,GSM_MOVI,2026-06,2026-06-24,17,36,2,0.0556,22,36,339,709
AYS3,GSM_MOVI,2026-06,2026-06-24,17,442,33,0.0747,389,441,14680,22796
AYS3,GSM_PERS,2026-06,2026-06-24,17,580,21,0.0362,425,568,9501,15029
AYSA,GSM_PERS,2026-06,2026-06-24,17,195,22,0.1128,191,194,16879,25757
AYSA,MOVI,2026-06,2026-06-24,17,290,25,0.0862,286,290,18073,27574
AYSE,GSM_MOVI,2026-06,2026-06-24,17,1668,186,0.1115,1411,1662,9313,14581
AYSE,GSM_PERS,2026-06,2026-06-24,17,755,100,0.1325,650,753,8910,14090
AYSJ,GSM_MOVI,2026-06,2026-06-24,17,731,30,0.0410,497,619,929,1295
CVIA,GSM_PERS,2026-06,2026-06-24,17,3038,296,0.0974,2568,3038,20510,32208
DRTV,GSM_MOVI,2026-06,2026-06-24,17,1310,104,0.0794,1169,1310,4109,4994
DRTV,GSM_PERS,2026-06,2026-06-24,17,114,13,0.1140,105,114,6598,10871
DRTV,MOVI,2026-06,2026-06-24,17,389,31,0.0797,387,389,7823,9367
DRTW,GSM_MOVI,2026-06,2026-06-24,17,490,29,0.0592,421,490,5408,6908
DRTW,GSM_PERS,2026-06,2026-06-24,17,51,3,0.0588,46,51,5285,8827
DRTW,MOVI,2026-06,2026-06-24,17,425,24,0.0565,415,425,8947,11355
MEL0,GSM_MOVI,2026-06,2026-06-24,17,2093,250,0.1194,1832,1990,58422,86190
MEL0,GSM_PERS,2026-06,2026-06-24,17,257,22,0.0856,243,257,53014,84080
MEL0,MOVI,2026-06,2026-06-24,17,2920,210,0.0719,2849,2920,68363,105423
OEST,GSM_PERS,2026-06,2026-06-24,17,318,46,0.1447,301,318,5773,8506
ADT0,GSM_MOVI,2026-06,2026-06-24,18,4563,444,0.0973,2384,4388,15637,43251
ADT1,GSM_MOVI,2026-06,2026-06-24,18,345,15,0.0435,158,323,339,709
AYS3,GSM_MOVI,2026-06,2026-06-24,18,650,39,0.0600,577,647,14680,22796
AYS3,GSM_PERS,2026-06,2026-06-24,18,558,17,0.0305,416,548,9501,15029
AYSA,GSM_PERS,2026-06,2026-06-24,18,203,16,0.0788,198,202,16879,25757
AYSA,MOVI,2026-06,2026-06-24,18,255,33,0.1294,250,255,18073,27574
AYSE,GSM_MOVI,2026-06,2026-06-24,18,1554,160,0.1030,1278,1552,9313,14581
AYSE,GSM_PERS,2026-06,2026-06-24,18,48,6,0.1250,47,48,8910,14090
AYSJ,GSM_MOVI,2026-06,2026-06-24,18,62,4,0.0645,57,62,929,1295
CVIA,GSM_PERS,2026-06,2026-06-24,18,3358,305,0.0908,2842,3357,20510,32208
DRTV,GSM_PERS,2026-06,2026-06-24,18,146,16,0.1096,132,146,6598,10871
DRTV,MOVI,2026-06,2026-06-24,18,401,33,0.0823,397,401,7823,9367
DRTW,GSM_MOVI,2026-06,2026-06-24,18,640,53,0.0828,562,640,5408,6908
DRTW,GSM_PERS,2026-06,2026-06-24,18,44,1,0.0227,43,44,5285,8827
DRTW,MOVI,2026-06,2026-06-24,18,459,25,0.0545,456,459,8947,11355
MEL0,GSM_MOVI,2026-06,2026-06-24,18,1207,135,0.1118,1080,1207,58422,86190
MEL0,GSM_PERS,2026-06,2026-06-24,18,298,27,0.0906,283,298,53014,84080
MEL0,MOVI,2026-06,2026-06-24,18,1645,130,0.0790,1619,1645,68363,105423
OEST,GSM_PERS,2026-06,2026-06-24,18,483,73,0.1511,459,482,5773,8506
ADT0,GSM_MOVI,2026-06,2026-06-24,19,1674,165,0.0986,910,1630,13837,38513
AYS3,GSM_MOVI,2026-06,2026-06-24,19,1809,139,0.0768,1532,1805,14680,22796
AYS3,GSM_PERS,2026-06,2026-06-24,19,750,28,0.0373,535,739,9501,15029
AYSA,GSM_PERS,2026-06,2026-06-24,19,233,31,0.1330,226,230,16879,25757
AYSA,MOVI,2026-06,2026-06-24,19,278,18,0.0647,274,278,18073,27574
CVIA,GSM_PERS,2026-06,2026-06-24,19,1630,165,0.1012,1452,1629,20510,32208
DRTV,GSM_PERS,2026-06,2026-06-24,19,209,29,0.1388,184,209,6598,10871
DRTV,MOVI,2026-06,2026-06-24,19,402,26,0.0647,399,402,7823,9367
DRTW,GSM_MOVI,2026-06,2026-06-24,19,2804,191,0.0681,2378,2804,5408,6908
DRTW,GSM_PERS,2026-06,2026-06-24,19,1447,117,0.0809,1237,1447,5285,8827
DRTW,MOVI,2026-06,2026-06-24,19,480,27,0.0563,472,480,8947,11355
DRTW,Sin proveedor,2026-06,2026-06-24,19,1,1,1.0000,1,1,12,14
MEL0,GSM_MOVI,2026-06,2026-06-24,19,2285,268,0.1173,2048,2285,58422,86190
MEL0,GSM_PERS,2026-06,2026-06-24,19,389,45,0.1157,358,389,53014,84080
AYS3,GSM_PERS,2026-06,2026-06-24,20,1322,68,0.0514,1000,1270,9501,15029
AYSA,GSM_PERS,2026-06,2026-06-24,20,3423,452,0.1320,3254,3371,16879,25757
AYSA,MOVI,2026-06,2026-06-24,20,331,23,0.0695,324,331,18073,27574
DRTV,GSM_PERS,2026-06,2026-06-24,20,316,19,0.0601,290,316,6598,10871
DRTV,MOVI,2026-06,2026-06-24,20,363,21,0.0579,362,363,7823,9367
DRTW,MOVI,2026-06,2026-06-24,20,469,35,0.0746,461,469,8947,11355
MEL0,GSM_MOVI,2026-06,2026-06-24,20,1900,237,0.1247,1698,1900,58422,86190
MEL0,GSM_PERS,2026-06,2026-06-24,20,508,54,0.1063,477,508,53014,84080
DRTV,MOVI,2026-06,2026-06-24,21,4,1,0.2500,4,4,3961,4778
DRTW,MOVI,2026-06,2026-06-24,21,1,0,0.0000,1,1,2213,2843
ADT0,GSM_MOVI,2026-06,2026-06-25,8,1330,80,0.0602,730,1290,13837,38513
AUSO,GSM_MOVI,2026-06,2026-06-25,8,876,84,0.0959,809,876,12690,16995
AYS3,GSM_PERS,2026-06,2026-06-25,8,747,29,0.0388,525,729,9501,15029
AYSA,GSM_PERS,2026-06,2026-06-25,8,125,18,0.1440,119,123,16879,25757
AYSE,GSM_MOVI,2026-06,2026-06-25,8,375,94,0.2507,328,375,9313,14581
AYSE,GSM_PERS,2026-06,2026-06-25,8,8,0,0.0000,8,8,6167,9708
DRTV,GSM_PERS,2026-06,2026-06-25,8,208,14,0.0673,188,208,6598,10871
MEL0,GSM_PERS,2026-06,2026-06-25,8,283,23,0.0813,257,283,53014,84080
OEST,GSM_MOVI,2026-06,2026-06-25,8,1502,161,0.1072,1345,1501,6150,8347
ADT0,GSM_MOVI,2026-06,2026-06-25,9,1234,82,0.0665,735,1202,13837,38513
AUSO,GSM_MOVI,2026-06,2026-06-25,9,1867,174,0.0932,1716,1864,12690,16995
AYS3,GSM_MOVI,2026-06,2026-06-25,9,205,43,0.2098,192,204,8539,13620
AYS3,GSM_PERS,2026-06,2026-06-25,9,934,29,0.0310,667,914,10177,15784
AYS3,MOVI,2026-06,2026-06-25,9,51,2,0.0392,32,51,1580,2131
AYSA,GSM_PERS,2026-06,2026-06-25,9,184,25,0.1359,176,184,16879,25757
AYSA,MOVI,2026-06,2026-06-25,9,461,35,0.0759,378,461,18073,27574
AYSC,MOVI,2026-06,2026-06-25,9,1281,44,0.0343,586,1262,586,1262
AYSE,GSM_PERS,2026-06,2026-06-25,9,3036,361,0.1189,2421,3019,8910,14090
DRPW,GSM_MOVI,2026-06,2026-06-25,9,1495,49,0.0328,1015,1495,5051,9565
DRTV,GSM_MOVI,2026-06,2026-06-25,9,597,23,0.0385,530,597,4109,4994
DRTV,GSM_PERS,2026-06,2026-06-25,9,80,12,0.1500,72,80,6598,10871
DRTW,GSM_PERS,2026-06,2026-06-25,9,75,3,0.0400,61,75,5285,8827
MEL0,GSM_PERS,2026-06,2026-06-25,9,283,22,0.0777,258,283,53014,84080
OEST,GSM_MOVI,2026-06,2026-06-25,9,4587,558,0.1216,3902,4565,6150,8347
ADT0,GSM_MOVI,2026-06,2026-06-25,10,1441,117,0.0812,823,1394,13837,38513
AUSO,GSM_MOVI,2026-06,2026-06-25,10,2400,281,0.1171,2166,2397,12690,16995
AYS3,GSM_MOVI,2026-06,2026-06-25,10,240,55,0.2292,224,240,8539,13620
AYS3,GSM_PERS,2026-06,2026-06-25,10,1008,47,0.0466,673,973,10177,15784
AYSA,GSM_PERS,2026-06,2026-06-25,10,276,23,0.0833,266,274,16879,25757
AYSA,MOVI,2026-06,2026-06-25,10,288,25,0.0868,285,288,18073,27574
AYSE,GSM_PERS,2026-06,2026-06-25,10,239,25,0.1046,212,239,8910,14090
DRPW,GSM_MOVI,2026-06,2026-06-25,10,1941,89,0.0459,1247,1939,5051,9565
DRTV,GSM_MOVI,2026-06,2026-06-25,10,780,52,0.0667,682,780,4109,4994
DRTV,GSM_PERS,2026-06,2026-06-25,10,120,11,0.0917,112,120,6598,10871
DRTW,GSM_PERS,2026-06,2026-06-25,10,196,17,0.0867,173,196,5285,8827
DRTW,MOVI,2026-06,2026-06-25,10,468,21,0.0449,462,468,8947,11355
FIME,GSM_MOVI,2026-06,2026-06-25,10,3141,157,0.0500,3047,3140,11522,12038
MEL0,GSM_MOVI,2026-06,2026-06-25,10,256,25,0.0977,243,256,58422,86190
MEL0,GSM_PERS,2026-06,2026-06-25,10,294,23,0.0782,273,294,53014,84080
MEL0,MOVI,2026-06,2026-06-25,10,772,34,0.0440,767,772,68363,105423
ADT0,GSM_MOVI,2026-06,2026-06-25,11,521,49,0.0940,343,510,15637,43251
AUSO,GSM_MOVI,2026-06,2026-06-25,11,1173,138,0.1176,1073,1172,12690,16995
AUSO,Sin proveedor,2026-06,2026-06-25,11,1,1,1.0000,1,1,7,7
AYS3,GSM_MOVI,2026-06,2026-06-25,11,58,12,0.2069,56,58,8539,13620
AYS3,GSM_PERS,2026-06,2026-06-25,11,884,37,0.0419,619,875,10177,15784
AYSA,GSM_PERS,2026-06,2026-06-25,11,185,29,0.1568,179,185,16879,25757
AYSA,MOVI,2026-06,2026-06-25,11,262,28,0.1069,255,262,18073,27574
AYSE,GSM_PERS,2026-06,2026-06-25,11,32,11,0.3438,32,32,8910,14090
DRPW,GSM_MOVI,2026-06,2026-06-25,11,1731,85,0.0491,1180,1731,5051,9565
DRTV,GSM_MOVI,2026-06,2026-06-25,11,317,17,0.0536,295,317,4109,4994
DRTV,GSM_PERS,2026-06,2026-06-25,11,88,6,0.0682,78,88,6598,10871
DRTW,GSM_PERS,2026-06,2026-06-25,11,161,16,0.0994,134,161,5285,8827
DRTW,MOVI,2026-06,2026-06-25,11,867,36,0.0415,845,867,8947,11355
FIME,GSM_MOVI,2026-06,2026-06-25,11,4412,208,0.0471,4282,4406,11522,12038
MEL0,GSM_MOVI,2026-06,2026-06-25,11,1321,145,0.1098,1231,1321,58422,86190
MEL0,GSM_PERS,2026-06,2026-06-25,11,512,74,0.1445,465,506,53014,84080
MEL0,MOVI,2026-06,2026-06-25,11,1678,89,0.0530,1662,1678,68363,105423
REVO,Sin proveedor,2026-06,2026-06-25,11,1,1,1.0000,1,1,8,8
ADT0,GSM_MOVI,2026-06,2026-06-25,12,581,52,0.0895,392,570,15637,43251
AUSO,GSM_MOVI,2026-06,2026-06-25,12,1383,183,0.1323,1274,1383,12690,16995
AYS3,GSM_MOVI,2026-06,2026-06-25,12,540,135,0.2500,511,538,14680,22796
AYS3,GSM_PERS,2026-06,2026-06-25,12,1969,105,0.0533,1483,1895,10177,15784
AYSA,GSM_PERS,2026-06,2026-06-25,12,181,19,0.1050,176,180,16879,25757
AYSA,MOVI,2026-06,2026-06-25,12,331,31,0.0937,323,331,18073,27574
AYSE,GSM_PERS,2026-06,2026-06-25,12,156,36,0.2308,153,156,8910,14090
DRPW,GSM_MOVI,2026-06,2026-06-25,12,1304,54,0.0414,940,1304,5051,9565
DRTV,GSM_MOVI,2026-06,2026-06-25,12,289,17,0.0588,267,289,4109,4994
DRTV,GSM_PERS,2026-06,2026-06-25,12,642,46,0.0717,594,642,6598,10871
DRTW,GSM_PERS,2026-06,2026-06-25,12,68,8,0.1176,61,68,5285,8827
DRTW,MOVI,2026-06,2026-06-25,12,857,44,0.0513,838,857,8947,11355
FIME,GSM_MOVI,2026-06,2026-06-25,12,4030,204,0.0506,3928,4028,11522,12038
MEL0,GSM_MOVI,2026-06,2026-06-25,12,1141,117,0.1025,1065,1141,58422,86190
MEL0,GSM_PERS,2026-06,2026-06-25,12,491,55,0.1120,441,473,53014,84080
MEL0,MOVI,2026-06,2026-06-25,12,2791,178,0.0638,2715,2791,68363,105423
ADT0,GSM_MOVI,2026-06,2026-06-25,13,3690,394,0.1068,2218,3580,15637,43251
ADT1,GSM_MOVI,2026-06,2026-06-25,13,25,0,0.0000,15,24,339,709
AUSO,GSM_MOVI,2026-06,2026-06-25,13,1238,166,0.1341,1162,1235,12690,16995
AYS3,GSM_MOVI,2026-06,2026-06-25,13,228,44,0.1930,220,227,14680,22796
AYS3,GSM_PERS,2026-06,2026-06-25,13,3070,110,0.0358,2433,2969,10177,15784
AYSA,GSM_PERS,2026-06,2026-06-25,13,110,8,0.0727,105,108,16879,25757
AYSA,MOVI,2026-06,2026-06-25,13,312,29,0.0929,299,312,18073,27574
AYSE,GSM_PERS,2026-06,2026-06-25,13,351,68,0.1937,342,351,8910,14090
DRPW,GSM_MOVI,2026-06,2026-06-25,13,1625,71,0.0437,1171,1624,5051,9565
DRTV,GSM_MOVI,2026-06,2026-06-25,13,377,22,0.0584,344,377,4109,4994
DRTV,GSM_PERS,2026-06,2026-06-25,13,1426,100,0.0701,1266,1426,6598,10871
DRTW,GSM_PERS,2026-06,2026-06-25,13,111,11,0.0991,101,111,5285,8827
DRTW,MOVI,2026-06,2026-06-25,13,824,43,0.0522,811,824,8947,11355
DRTW,Sin proveedor,2026-06,2026-06-25,13,1,1,1.0000,1,1,4,4
FIME,GSM_MOVI,2026-06,2026-06-25,13,473,19,0.0402,468,473,11522,12038
MEL0,GSM_MOVI,2026-06,2026-06-25,13,1006,115,0.1143,919,1006,58422,86190
MEL0,GSM_PERS,2026-06,2026-06-25,13,366,31,0.0847,339,362,53014,84080
MEL0,MOVI,2026-06,2026-06-25,13,3309,167,0.0505,3227,3308,68363,105423
ADT0,GSM_MOVI,2026-06,2026-06-25,14,617,44,0.0713,465,609,15637,43251
ADT1,GSM_MOVI,2026-06,2026-06-25,14,175,7,0.0400,93,169,339,709
AUSO,GSM_MOVI,2026-06,2026-06-25,14,1222,159,0.1301,1152,1220,12690,16995
AUSO,Sin proveedor,2026-06,2026-06-25,14,3,3,1.0000,2,2,2,2
AYS3,GSM_MOVI,2026-06,2026-06-25,14,196,21,0.1071,190,195,6141,9176
AYS3,GSM_PERS,2026-06,2026-06-25,14,4827,166,0.0344,3382,4586,9501,15029
AYSA,GSM_PERS,2026-06,2026-06-25,14,193,22,0.1140,189,193,16879,25757
AYSA,MOVI,2026-06,2026-06-25,14,354,30,0.0847,336,354,18073,27574
DRPW,GSM_MOVI,2026-06,2026-06-25,14,1262,50,0.0396,947,1262,5051,9565
DRTV,GSM_MOVI,2026-06,2026-06-25,14,732,43,0.0587,642,732,4109,4994
DRTV,GSM_PERS,2026-06,2026-06-25,14,126,8,0.0635,124,126,6598,10871
DRTW,GSM_PERS,2026-06,2026-06-25,14,186,8,0.0430,162,186,5285,8827
DRTW,MOVI,2026-06,2026-06-25,14,799,41,0.0513,784,799,8947,11355
MEL0,GSM_MOVI,2026-06,2026-06-25,14,2085,216,0.1036,1866,2085,58422,86190
MEL0,GSM_PERS,2026-06,2026-06-25,14,450,30,0.0667,410,446,53014,84080
MEL0,MOVI,2026-06,2026-06-25,14,3066,158,0.0515,2981,3065,68363,105423
OEST,Sin proveedor,2026-06,2026-06-25,14,1,1,1.0000,1,1,1,1
ADT1,GSM_MOVI,2026-06,2026-06-25,15,79,4,0.0506,46,76,339,709
AYS3,GSM_MOVI,2026-06,2026-06-25,15,433,28,0.0647,368,429,14680,22796
AYS3,GSM_PERS,2026-06,2026-06-25,15,868,44,0.0507,623,846,9501,15029
AYSA,GSM_MOVI,2026-06,2026-06-25,15,278,27,0.0971,213,278,21631,33163
AYSA,GSM_PERS,2026-06,2026-06-25,15,412,65,0.1578,400,410,16879,25757
AYSA,MOVI,2026-06,2026-06-25,15,261,17,0.0651,254,261,18073,27574
AYSE,GSM_MOVI,2026-06,2026-06-25,15,228,9,0.0395,177,228,8331,13114
DRTV,GSM_MOVI,2026-06,2026-06-25,15,384,13,0.0339,347,384,4109,4994
DRTW,GSM_PERS,2026-06,2026-06-25,15,152,12,0.0789,119,152,5285,8827
DRTW,MOVI,2026-06,2026-06-25,15,916,39,0.0426,898,916,8947,11355
MEL0,GSM_MOVI,2026-06,2026-06-25,15,934,89,0.0953,851,934,58422,86190
MEL0,GSM_PERS,2026-06,2026-06-25,15,718,82,0.1142,667,709,53014,84080
MEL0,MOVI,2026-06,2026-06-25,15,3032,147,0.0485,2954,3030,68363,105423
ADT1,GSM_MOVI,2026-06,2026-06-25,16,215,9,0.0419,112,206,339,709
AYS3,GSM_MOVI,2026-06,2026-06-25,16,1269,68,0.0536,1040,1264,14680,22796
AYS3,GSM_PERS,2026-06,2026-06-25,16,766,28,0.0366,604,760,9501,15029
AYSA,GSM_MOVI,2026-06,2026-06-25,16,1832,100,0.0546,1453,1831,21631,33163
AYSA,GSM_PERS,2026-06,2026-06-25,16,333,56,0.1682,325,332,16879,25757
AYSA,MOVI,2026-06,2026-06-25,16,525,33,0.0629,501,525,18073,27574
AYSE,GSM_MOVI,2026-06,2026-06-25,16,909,35,0.0385,701,909,8331,13114
DRTV,GSM_MOVI,2026-06,2026-06-25,16,916,52,0.0568,823,916,4109,4994
DRTW,GSM_PERS,2026-06,2026-06-25,16,1469,70,0.0477,1272,1469,5285,8827
DRTW,MOVI,2026-06,2026-06-25,16,689,29,0.0421,677,689,8947,11355
MEL0,GSM_MOVI,2026-06,2026-06-25,16,2199,202,0.0919,1993,2199,58422,86190
MEL0,GSM_PERS,2026-06,2026-06-25,16,2617,203,0.0776,2380,2552,53014,84080
MEL0,MOVI,2026-06,2026-06-25,16,3053,149,0.0488,2983,3052,68363,105423
MEL0,Sin proveedor,2026-06,2026-06-25,16,1,0,0.0000,1,1,6,6
AYS3,GSM_MOVI,2026-06,2026-06-25,17,2237,109,0.0487,1861,2225,14680,22796
AYS3,GSM_PERS,2026-06,2026-06-25,17,671,28,0.0417,540,647,9501,15029
AYSA,GSM_MOVI,2026-06,2026-06-25,17,3756,219,0.0583,2967,3751,21631,33163
AYSA,GSM_PERS,2026-06,2026-06-25,17,837,137,0.1637,807,825,16879,25757
AYSA,MOVI,2026-06,2026-06-25,17,684,45,0.0658,644,683,18073,27574
AYSE,GSM_MOVI,2026-06,2026-06-25,17,1391,57,0.0410,1122,1387,8331,13114
DRTV,Sin proveedor,2026-06,2026-06-25,17,1,1,1.0000,1,1,7,7
DRTW,GSM_PERS,2026-06,2026-06-25,17,1567,79,0.0504,1352,1567,5285,8827
DRTW,MOVI,2026-06,2026-06-25,17,516,24,0.0465,507,516,8947,11355
MEL0,GSM_PERS,2026-06,2026-06-25,17,2113,170,0.0805,1927,2061,53014,84080
MEL0,MOVI,2026-06,2026-06-25,17,3078,155,0.0504,3009,3077,68363,105423
AYS3,GSM_MOVI,2026-06,2026-06-25,18,2324,122,0.0525,1932,2314,14680,22796
AYS3,GSM_PERS,2026-06,2026-06-25,18,2325,77,0.0331,1641,2247,9501,15029
AYSA,GSM_MOVI,2026-06,2026-06-25,18,3291,195,0.0593,2625,3280,21631,33163
AYSA,GSM_PERS,2026-06,2026-06-25,18,818,144,0.1760,773,802,16879,25757
AYSA,MOVI,2026-06,2026-06-25,18,331,22,0.0665,323,331,18073,27574
AYSE,GSM_MOVI,2026-06,2026-06-25,18,1435,52,0.0362,1181,1432,8331,13114
DRTW,GSM_PERS,2026-06,2026-06-25,18,5,2,0.4000,5,5,2048,2663
DRTW,MOVI,2026-06,2026-06-25,18,530,17,0.0321,522,530,8947,11355
DRTW,Sin proveedor,2026-06,2026-06-25,18,1,1,1.0000,1,1,4,4
MEL0,GSM_PERS,2026-06,2026-06-25,18,1291,107,0.0829,1212,1291,53014,84080
MEL0,MOVI,2026-06,2026-06-25,18,2670,140,0.0524,2618,2670,68363,105423
AYS3,GSM_MOVI,2026-06,2026-06-25,19,2381,131,0.0550,1966,2361,14680,22796
AYS3,GSM_PERS,2026-06,2026-06-25,19,3330,96,0.0288,2405,3191,8911,14428
AYSA,GSM_PERS,2026-06,2026-06-25,19,565,70,0.1239,551,558,16879,25757
AYSE,GSM_MOVI,2026-06,2026-06-25,19,2017,80,0.0397,1649,2014,8331,13114
DRTW,MOVI,2026-06,2026-06-25,19,555,23,0.0414,549,555,8947,11355
MEL0,GSM_PERS,2026-06,2026-06-25,19,1747,178,0.1019,1640,1747,53014,84080
MEL0,MOVI,2026-06,2026-06-25,19,2194,139,0.0634,2169,2194,68363,105423
AYS3,GSM_PERS,2026-06,2026-06-25,20,3973,119,0.0300,2942,3797,8911,14428
AYSA,GSM_PERS,2026-06,2026-06-25,20,667,85,0.1274,644,654,16879,25757
DRTW,MOVI,2026-06,2026-06-25,20,539,22,0.0408,533,539,8947,11355
MEL0,GSM_PERS,2026-06,2026-06-25,20,1956,184,0.0941,1862,1956,53014,84080
AYS3,GSM_PERS,2026-06,2026-06-25,21,3,0,0.0000,3,3,8911,14428
DRTW,MOVI,2026-06,2026-06-25,21,2,0,0.0000,2,2,1985,2536
MEL0,GSM_PERS,2026-06,2026-06-25,21,1,0,0.0000,1,1,53014,84080
ADT0,GSM_MOVI,2026-06,2026-06-26,8,1639,143,0.0872,872,1591,13837,38513
AUSO,GSM_MOVI,2026-06,2026-06-26,8,978,145,0.1483,786,973,5511,10065
AYS3,GSM_MOVI,2026-06,2026-06-26,8,5,0,0.0000,5,5,11876,18317
AYS3,GSM_PERS,2026-06,2026-06-26,8,914,23,0.0252,796,906,9501,15029
AYSA,GSM_MOVI,2026-06,2026-06-26,8,58,16,0.2759,50,58,21631,33163
AYSA,GSM_PERS,2026-06,2026-06-26,8,451,37,0.0820,440,450,16879,25757
AYSE,GSM_MOVI,2026-06,2026-06-26,8,314,67,0.2134,270,314,9313,14581
AYSE,GSM_PERS,2026-06,2026-06-26,8,48,7,0.1458,48,48,8910,14090
MEL0,GSM_PERS,2026-06,2026-06-26,8,914,43,0.0470,890,914,53014,84080
OEST,GSM_PERS,2026-06,2026-06-26,8,661,111,0.1679,607,660,5773,8506
ADT0,GSM_MOVI,2026-06,2026-06-26,9,1586,162,0.1021,907,1541,13837,38513
AUSO,GSM_MOVI,2026-06,2026-06-26,9,1226,217,0.1770,986,1226,5511,10065
AYS3,GSM_MOVI,2026-06,2026-06-26,9,231,41,0.1775,223,231,11343,18099
AYS3,GSM_PERS,2026-06,2026-06-26,9,1074,31,0.0289,863,1040,10177,15784
AYS3,MOVI,2026-06,2026-06-26,9,44,3,0.0682,30,44,1580,2131
AYSA,GSM_MOVI,2026-06,2026-06-26,9,40,7,0.1750,38,40,21631,33163
AYSA,GSM_PERS,2026-06,2026-06-26,9,457,52,0.1138,451,457,16879,25757
AYSA,MOVI,2026-06,2026-06-26,9,670,97,0.1448,584,670,18073,27574
AYSC,MOVI,2026-06,2026-06-26,9,1281,55,0.0429,586,1262,586,1262
AYSE,GSM_MOVI,2026-06,2026-06-26,9,9,1,0.1111,9,9,6812,10638
AYSE,GSM_PERS,2026-06,2026-06-26,9,1943,216,0.1112,1513,1935,11185,17747
CVIA,GSM_MOVI,2026-06,2026-06-26,9,51,4,0.0784,46,51,19755,25022
CVIA,GSM_PERS,2026-06,2026-06-26,9,230,21,0.0913,170,230,31593,48857
DRPW,GSM_MOVI,2026-06,2026-06-26,9,1935,69,0.0357,1162,1935,5051,9565
DRTV,GSM_PERS,2026-06,2026-06-26,9,120,8,0.0667,101,120,6598,10871
MEL0,GSM_PERS,2026-06,2026-06-26,9,445,29,0.0652,434,445,53014,84080
OEST,GSM_MOVI,2026-06,2026-06-26,9,205,45,0.2195,184,204,5478,7908
OEST,GSM_PERS,2026-06,2026-06-26,9,1160,198,0.1707,1059,1157,5773,8506
ADT0,GSM_MOVI,2026-06,2026-06-26,10,512,60,0.1172,371,503,15637,43251
AUSO,GSM_MOVI,2026-06,2026-06-26,10,473,86,0.1818,419,472,5511,10065
AYS3,GSM_MOVI,2026-06,2026-06-26,10,112,31,0.2768,105,111,14680,22796
AYS3,GSM_PERS,2026-06,2026-06-26,10,1241,70,0.0564,1029,1228,10177,15784
AYSA,GSM_MOVI,2026-06,2026-06-26,10,146,54,0.3699,137,146,21631,33163
AYSA,GSM_PERS,2026-06,2026-06-26,10,486,69,0.1420,464,471,16879,25757
AYSA,MOVI,2026-06,2026-06-26,10,515,104,0.2019,508,515,18073,27574
AYSE,GSM_PERS,2026-06,2026-06-26,10,312,49,0.1571,244,312,11185,17747
CVIA,GSM_MOVI,2026-06,2026-06-26,10,1531,216,0.1411,1363,1530,19755,25022
CVIA,GSM_PERS,2026-06,2026-06-26,10,2647,279,0.1054,2004,2646,31593,48857
DRPW,GSM_MOVI,2026-06,2026-06-26,10,870,33,0.0379,650,870,5051,9565
DRPW,Sin proveedor,2026-06,2026-06-26,10,1,1,1.0000,1,1,1,1
DRTV,GSM_PERS,2026-06,2026-06-26,10,152,13,0.0855,136,152,6598,10871
DRTW,Sin proveedor,2026-06,2026-06-26,10,1,1,1.0000,1,1,5,5
FIME,GSM_MOVI,2026-06,2026-06-26,10,504,28,0.0556,492,504,11522,12038
MEL0,GSM_MOVI,2026-06,2026-06-26,10,119,17,0.1429,115,119,58422,86190
MEL0,GSM_PERS,2026-06,2026-06-26,10,62,0,0.0000,58,62,53014,84080
MEL0,MOVI,2026-06,2026-06-26,10,1485,86,0.0579,1466,1485,68363,105423
OEST,GSM_MOVI,2026-06,2026-06-26,10,239,47,0.1967,221,239,5478,7908
OEST,GSM_PERS,2026-06,2026-06-26,10,44,4,0.0909,38,44,5773,8506
ADT0,GSM_MOVI,2026-06,2026-06-26,11,277,32,0.1155,200,273,15637,43251
AUSO,GSM_MOVI,2026-06,2026-06-26,11,659,133,0.2018,579,659,5511,10065
AYS3,GSM_MOVI,2026-06,2026-06-26,11,43,8,0.1860,38,43,14680,22796
AYS3,GSM_PERS,2026-06,2026-06-26,11,747,50,0.0669,652,743,10177,15784
AYSA,GSM_MOVI,2026-06,2026-06-26,11,32,9,0.2813,30,32,21631,33163
AYSA,GSM_PERS,2026-06,2026-06-26,11,372,55,0.1478,359,361,16879,25757
AYSA,MOVI,2026-06,2026-06-26,11,357,77,0.2157,348,357,18073,27574
AYSE,GSM_PERS,2026-06,2026-06-26,11,237,33,0.1392,192,237,11185,17747
AYSJ,GSM_MOVI,2026-06,2026-06-26,11,170,11,0.0647,128,165,929,1295
CVIA,GSM_MOVI,2026-06,2026-06-26,11,1865,261,0.1399,1582,1862,19755,25022
CVIA,GSM_PERS,2026-06,2026-06-26,11,2032,198,0.0974,1664,2032,31593,48857
DRPW,GSM_MOVI,2026-06,2026-06-26,11,1314,46,0.0350,897,1314,5051,9565
DRTV,GSM_PERS,2026-06,2026-06-26,11,100,11,0.1100,90,100,6598,10871
FIME,GSM_MOVI,2026-06,2026-06-26,11,926,46,0.0497,904,926,11522,12038
MEL0,GSM_MOVI,2026-06,2026-06-26,11,579,55,0.0950,529,579,58422,86190
MEL0,GSM_PERS,2026-06,2026-06-26,11,1569,126,0.0803,1416,1568,53014,84080
MEL0,MOVI,2026-06,2026-06-26,11,3157,216,0.0684,3063,3157,68363,105423
OEST,GSM_MOVI,2026-06,2026-06-26,11,324,72,0.2222,301,324,5478,7908
OEST,GSM_PERS,2026-06,2026-06-26,11,40,6,0.1500,37,40,5773,8506
ADT0,GSM_MOVI,2026-06,2026-06-26,12,356,48,0.1348,262,353,15637,43251
AUSO,GSM_MOVI,2026-06,2026-06-26,12,263,50,0.1901,232,263,5511,10065
AYS3,GSM_MOVI,2026-06,2026-06-26,12,102,19,0.1863,99,102,14680,22796
AYS3,GSM_PERS,2026-06,2026-06-26,12,432,15,0.0347,341,432,9501,15029
AYSA,GSM_PERS,2026-06,2026-06-26,12,160,24,0.1500,156,160,16879,25757
AYSE,GSM_MOVI,2026-06,2026-06-26,12,5,3,0.6000,5,5,5830,9171
AYSE,GSM_PERS,2026-06,2026-06-26,12,221,25,0.1131,182,220,11185,17747
AYSJ,GSM_MOVI,2026-06,2026-06-26,12,268,8,0.0299,204,254,929,1295
CVIA,GSM_MOVI,2026-06,2026-06-26,12,2987,462,0.1547,2621,2980,19755,25022
CVIA,GSM_PERS,2026-06,2026-06-26,12,2315,241,0.1041,1858,2315,31593,48857
DRPW,GSM_MOVI,2026-06,2026-06-26,12,1943,82,0.0422,1346,1943,5051,9565
DRTV,GSM_PERS,2026-06,2026-06-26,12,175,8,0.0457,161,175,6598,10871
FIME,GSM_MOVI,2026-06,2026-06-26,12,1360,79,0.0581,1324,1360,11522,12038
MEL0,GSM_MOVI,2026-06,2026-06-26,12,973,114,0.1172,900,973,58422,86190
MEL0,GSM_PERS,2026-06,2026-06-26,12,1859,144,0.0775,1678,1859,53014,84080
MEL0,MOVI,2026-06,2026-06-26,12,3042,182,0.0598,2988,3042,68363,105423
OEST,GSM_MOVI,2026-06,2026-06-26,12,655,141,0.2153,588,654,5478,7908
OEST,GSM_PERS,2026-06,2026-06-26,12,37,3,0.0811,33,37,5773,8506
ADT0,GSM_MOVI,2026-06,2026-06-26,13,305,42,0.1377,220,303,15637,43251
ADT1,GSM_MOVI,2026-06,2026-06-26,13,57,2,0.0351,32,57,339,709
AYS3,GSM_MOVI,2026-06,2026-06-26,13,165,17,0.1030,159,165,14680,22796
AYS3,GSM_PERS,2026-06,2026-06-26,13,634,24,0.0379,478,627,9501,15029
AYSA,GSM_PERS,2026-06,2026-06-26,13,202,23,0.1139,201,202,16879,25757
AYSE,GSM_PERS,2026-06,2026-06-26,13,256,44,0.1719,215,256,11185,17747
AYSJ,GSM_MOVI,2026-06,2026-06-26,13,372,16,0.0430,290,353,929,1295
CVIA,GSM_MOVI,2026-06,2026-06-26,13,3091,511,0.1653,2697,3084,19755,25022
CVIA,GSM_PERS,2026-06,2026-06-26,13,3127,284,0.0908,2418,3126,31593,48857
DRPW,GSM_MOVI,2026-06,2026-06-26,13,1992,85,0.0427,1419,1991,5051,9565
DRTV,GSM_PERS,2026-06,2026-06-26,13,186,10,0.0538,168,186,6598,10871
DRTW,Sin proveedor,2026-06,2026-06-26,13,1,1,1.0000,1,1,12,14
FIME,GSM_MOVI,2026-06,2026-06-26,13,1432,72,0.0503,1399,1429,11522,12038
MEL0,GSM_MOVI,2026-06,2026-06-26,13,847,94,0.1110,794,847,58422,86190
MEL0,GSM_PERS,2026-06,2026-06-26,13,562,51,0.0907,527,562,53014,84080
MEL0,MOVI,2026-06,2026-06-26,13,2736,159,0.0581,2655,2736,68363,105423
OEST,GSM_MOVI,2026-06,2026-06-26,13,627,140,0.2233,587,625,5478,7908
OEST,GSM_PERS,2026-06,2026-06-26,13,161,35,0.2174,148,161,5773,8506
ADT0,GSM_MOVI,2026-06,2026-06-26,14,366,50,0.1366,271,362,15637,43251
ADT1,GSM_MOVI,2026-06,2026-06-26,14,104,8,0.0769,57,97,339,709
AYS3,GSM_MOVI,2026-06,2026-06-26,14,117,15,0.1282,114,117,14680,22796
AYS3,GSM_PERS,2026-06,2026-06-26,14,616,25,0.0406,454,615,9501,15029
AYSA,GSM_PERS,2026-06,2026-06-26,14,185,24,0.1297,181,181,16879,25757
AYSE,GSM_PERS,2026-06,2026-06-26,14,344,47,0.1366,277,344,11185,17747
AYSJ,GSM_MOVI,2026-06,2026-06-26,14,257,7,0.0272,198,248,929,1295
CVIA,GSM_MOVI,2026-06,2026-06-26,14,2915,445,0.1527,2569,2908,19755,25022
CVIA,GSM_PERS,2026-06,2026-06-26,14,3320,305,0.0919,2510,3320,31593,48857
DRPW,GSM_MOVI,2026-06,2026-06-26,14,1232,50,0.0406,924,1232,5051,9565
DRTV,GSM_PERS,2026-06,2026-06-26,14,188,17,0.0904,169,188,6598,10871
FIME,GSM_MOVI,2026-06,2026-06-26,14,1302,67,0.0515,1274,1302,11522,12038
MEL0,GSM_MOVI,2026-06,2026-06-26,14,967,87,0.0900,895,967,58422,86190
MEL0,GSM_PERS,2026-06,2026-06-26,14,314,22,0.0701,292,314,53014,84080
MEL0,MOVI,2026-06,2026-06-26,14,2807,160,0.0570,2732,2807,68363,105423
OEST,GSM_MOVI,2026-06,2026-06-26,14,310,81,0.2613,284,308,5478,7908
OEST,GSM_PERS,2026-06,2026-06-26,14,71,11,0.1549,69,71,5773,8506
OEST,Sin proveedor,2026-06,2026-06-26,14,1,1,1.0000,1,1,2,2
ADT0,GSM_MOVI,2026-06,2026-06-26,15,429,31,0.0723,339,425,15637,43251
ADT1,GSM_MOVI,2026-06,2026-06-26,15,149,5,0.0336,91,144,339,709
AYS3,GSM_MOVI,2026-06,2026-06-26,15,334,66,0.1976,325,334,14680,22796
AYS3,GSM_PERS,2026-06,2026-06-26,15,655,25,0.0382,484,644,9501,15029
AYSA,GSM_PERS,2026-06,2026-06-26,15,315,51,0.1619,310,314,16879,25757
AYSE,GSM_PERS,2026-06,2026-06-26,15,404,58,0.1436,347,404,11185,17747
AYSJ,GSM_MOVI,2026-06,2026-06-26,15,274,12,0.0438,221,266,929,1295
CVIA,GSM_MOVI,2026-06,2026-06-26,15,3060,460,0.1503,2649,3053,19755,25022
CVIA,GSM_PERS,2026-06,2026-06-26,15,3024,302,0.0999,2368,3023,31593,48857
DRTV,GSM_PERS,2026-06,2026-06-26,15,177,13,0.0734,162,177,6598,10871
DRTV,Sin proveedor,2026-06,2026-06-26,15,1,1,1.0000,1,1,4,4
FIME,GSM_MOVI,2026-06,2026-06-26,15,1640,82,0.0500,1599,1639,11522,12038
MEL0,GSM_MOVI,2026-06,2026-06-26,15,1198,141,0.1177,1122,1198,58422,86190
MEL0,GSM_PERS,2026-06,2026-06-26,15,332,14,0.0422,312,332,53014,84080
MEL0,MOVI,2026-06,2026-06-26,15,2737,166,0.0607,2671,2737,68363,105423
OEST,GSM_PERS,2026-06,2026-06-26,15,76,15,0.1974,73,76,5773,8506
ADT0,GSM_MOVI,2026-06,2026-06-26,16,545,68,0.1248,436,540,15637,43251
ADT1,GSM_MOVI,2026-06,2026-06-26,16,186,11,0.0591,111,180,339,709
AYS3,GSM_MOVI,2026-06,2026-06-26,16,391,56,0.1432,380,390,14680,22796
AYS3,GSM_PERS,2026-06,2026-06-26,16,549,23,0.0419,452,545,9501,15029
AYSA,GSM_PERS,2026-06,2026-06-26,16,945,143,0.1513,925,942,16879,25757
AYSE,GSM_MOVI,2026-06,2026-06-26,16,7,3,0.4286,6,7,5687,9022
AYSE,GSM_PERS,2026-06,2026-06-26,16,404,74,0.1832,382,404,11185,17747
AYSJ,GSM_MOVI,2026-06,2026-06-26,16,576,24,0.0417,402,498,929,1295
CVIA,GSM_MOVI,2026-06,2026-06-26,16,2338,358,0.1531,2131,2331,19755,25022
CVIA,GSM_PERS,2026-06,2026-06-26,16,2139,207,0.0968,1745,2136,31593,48857
DRTV,GSM_PERS,2026-06,2026-06-26,16,586,38,0.0648,542,586,6598,10871
FIME,GSM_MOVI,2026-06,2026-06-26,16,1278,68,0.0532,1253,1278,11522,12038
MEL0,GSM_MOVI,2026-06,2026-06-26,16,2588,297,0.1148,2433,2588,58422,86190
MEL0,GSM_PERS,2026-06,2026-06-26,16,347,26,0.0749,330,347,53014,84080
MEL0,MOVI,2026-06,2026-06-26,16,2790,178,0.0638,2724,2790,68363,105423
OEST,GSM_PERS,2026-06,2026-06-26,16,67,9,0.1343,64,67,5773,8506
ADT0,GSM_MOVI,2026-06,2026-06-26,17,1169,129,0.1104,867,1149,15637,43251
AYS3,GSM_MOVI,2026-06,2026-06-26,17,128,13,0.1016,126,128,6141,9176
AYS3,GSM_PERS,2026-06,2026-06-26,17,569,19,0.0334,441,561,8911,14428
AYSA,GSM_PERS,2026-06,2026-06-26,17,125,21,0.1680,124,125,16879,25757
AYSE,GSM_PERS,2026-06,2026-06-26,17,305,38,0.1246,261,304,11185,17747
AYSJ,GSM_MOVI,2026-06,2026-06-26,17,525,17,0.0324,410,479,929,1295
CVIA,GSM_MOVI,2026-06,2026-06-26,17,2875,430,0.1496,2597,2870,19755,25022
CVIA,GSM_PERS,2026-06,2026-06-26,17,2231,231,0.1035,1840,2231,31593,48857
DRTV,GSM_PERS,2026-06,2026-06-26,17,1503,103,0.0685,1376,1502,6598,10871
FIME,GSM_MOVI,2026-06,2026-06-26,17,1625,108,0.0665,1579,1625,11522,12038
MEL0,GSM_MOVI,2026-06,2026-06-26,17,1067,83,0.0778,986,1067,58422,86190
MEL0,GSM_PERS,2026-06,2026-06-26,17,294,23,0.0782,284,294,53014,84080
MEL0,MOVI,2026-06,2026-06-26,17,2798,164,0.0586,2725,2797,68363,105423
OEST,GSM_PERS,2026-06,2026-06-26,17,69,16,0.2319,65,69,5773,8506
ADT0,GSM_MOVI,2026-06,2026-06-26,18,77,11,0.1429,68,77,1800,4738
AYS3,GSM_PERS,2026-06,2026-06-26,18,695,19,0.0273,544,691,8911,14428
AYSA,GSM_PERS,2026-06,2026-06-26,18,116,16,0.1379,116,116,16879,25757
AYSE,GSM_PERS,2026-06,2026-06-26,18,292,34,0.1164,253,292,11185,17747
AYSJ,GSM_MOVI,2026-06,2026-06-26,18,162,10,0.0617,142,162,929,1295
CVIA,GSM_MOVI,2026-06,2026-06-26,18,3983,622,0.1562,3600,3977,19755,25022
CVIA,GSM_PERS,2026-06,2026-06-26,18,2687,257,0.0956,2201,2687,31593,48857
DRTV,GSM_PERS,2026-06,2026-06-26,18,1134,75,0.0661,1047,1134,6598,10871
FIME,GSM_MOVI,2026-06,2026-06-26,18,1989,148,0.0744,1953,1989,11522,12038
MEL0,GSM_MOVI,2026-06,2026-06-26,18,461,38,0.0824,424,461,58422,86190
MEL0,GSM_PERS,2026-06,2026-06-26,18,386,18,0.0466,366,386,53014,84080
MEL0,MOVI,2026-06,2026-06-26,18,216,14,0.0648,214,216,68363,105423
OEST,GSM_PERS,2026-06,2026-06-26,18,121,25,0.2066,110,121,5773,8506
AYS3,GSM_PERS,2026-06,2026-06-26,19,994,31,0.0312,796,981,8911,14428
AYSA,GSM_PERS,2026-06,2026-06-26,19,160,16,0.1000,157,160,16879,25757
AYSE,GSM_PERS,2026-06,2026-06-26,19,327,35,0.1070,278,325,11185,17747
CVIA,GSM_PERS,2026-06,2026-06-26,19,3784,379,0.1002,3202,3776,31593,48857
MEL0,GSM_PERS,2026-06,2026-06-26,19,529,34,0.0643,507,529,53014,84080
OEST,GSM_PERS,2026-06,2026-06-26,19,111,32,0.2883,104,111,5773,8506
AYS3,GSM_PERS,2026-06,2026-06-26,20,1003,28,0.0279,853,993,8911,14428
AYSA,GSM_PERS,2026-06,2026-06-26,20,192,19,0.0990,191,192,16879,25757
AYSE,GSM_PERS,2026-06,2026-06-26,20,319,35,0.1097,288,319,11185,17747
CVIA,GSM_PERS,2026-06,2026-06-26,20,4235,401,0.0947,3678,4232,31593,48857
MEL0,GSM_PERS,2026-06,2026-06-26,20,487,32,0.0657,475,487,53014,84080
OEST,GSM_PERS,2026-06,2026-06-26,20,157,35,0.2229,144,157,5773,8506
AYSA,GSM_PERS,2026-06,2026-06-26,21,3,2,0.6667,3,3,16879,25757
CVIA,GSM_PERS,2026-06,2026-06-26,21,17,2,0.1176,16,17,31593,48857
ADT0,GSM_MOVI,2026-06,2026-06-27,8,2256,162,0.0718,1463,2193,13837,38513
AUSO,GSM_PERS,2026-06,2026-06-27,8,502,40,0.0797,469,502,3705,4649
AYS3,GSM_PERS,2026-06,2026-06-27,8,474,11,0.0232,415,471,8911,14428
AYSA,GSM_PERS,2026-06,2026-06-27,8,68,6,0.0882,67,68,16879,25757
AYSE,GSM_MOVI,2026-06,2026-06-27,8,338,52,0.1538,291,338,9313,14581
AYSE,GSM_PERS,2026-06,2026-06-27,8,230,21,0.0913,210,230,11185,17747
CVIA,GSM_PERS,2026-06,2026-06-27,8,1457,90,0.0618,1319,1457,31593,48857
MEL0,GSM_PERS,2026-06,2026-06-27,8,244,7,0.0287,239,244,53014,84080
OEST,GSM_PERS,2026-06,2026-06-27,8,53,8,0.1509,51,53,5773,8506
ADT0,GSM_MOVI,2026-06,2026-06-27,9,886,78,0.0880,619,863,13837,38513
AUSO,GSM_MOVI,2026-06,2026-06-27,9,2455,297,0.1210,2192,2448,13025,18331
AUSO,GSM_PERS,2026-06,2026-06-27,9,891,82,0.0920,762,841,3705,4649
AYS3,GSM_PERS,2026-06,2026-06-27,9,701,23,0.0328,570,688,8911,14428
AYSA,GSM_PERS,2026-06,2026-06-27,9,79,7,0.0886,79,79,16879,25757
AYSE,GSM_MOVI,2026-06,2026-06-27,9,23,8,0.3478,21,23,7378,11617
AYSE,GSM_PERS,2026-06,2026-06-27,9,212,22,0.1038,185,212,11185,17747
CVIA,GSM_MOVI,2026-06,2026-06-27,9,150,13,0.0867,132,150,19755,25022
CVIA,GSM_PERS,2026-06,2026-06-27,9,2896,214,0.0739,2498,2887,31593,48857
DRPW,GSM_MOVI,2026-06,2026-06-27,9,1208,39,0.0323,845,1208,5051,9565
DRTV,GSM_PERS,2026-06,2026-06-27,9,103,2,0.0194,89,103,6598,10871
DRTW,GSM_PERS,2026-06,2026-06-27,9,107,9,0.0841,96,107,5285,8827
MEL0,GSM_PERS,2026-06,2026-06-27,9,280,18,0.0643,269,280,53014,84080
OEST,GSM_MOVI,2026-06,2026-06-27,9,4644,511,0.1100,4138,4636,13206,17531
OEST,GSM_PERS,2026-06,2026-06-27,9,56,11,0.1964,55,56,5773,8506
REVO,MOVI,2026-06,2026-06-27,9,2962,332,0.1121,2855,2961,53156,69280
ADT0,GSM_MOVI,2026-06,2026-06-27,10,575,67,0.1165,441,563,15637,43251
AUSO,GSM_MOVI,2026-06,2026-06-27,10,2303,322,0.1398,2071,2300,13025,18331
AUSO,GSM_PERS,2026-06,2026-06-27,10,804,98,0.1219,703,776,3705,4649
AYS3,GSM_PERS,2026-06,2026-06-27,10,323,6,0.0186,269,321,8911,14428
AYSA,GSM_PERS,2026-06,2026-06-27,10,82,9,0.1098,80,82,16879,25757
AYSE,GSM_PERS,2026-06,2026-06-27,10,82,10,0.1220,76,82,11185,17747
CVIA,GSM_MOVI,2026-06,2026-06-27,10,2491,248,0.0996,2170,2487,19755,25022
CVIA,GSM_PERS,2026-06,2026-06-27,10,2746,238,0.0867,2173,2712,31593,48857
DRPW,GSM_MOVI,2026-06,2026-06-27,10,1272,35,0.0275,884,1272,5051,9565
DRTV,GSM_PERS,2026-06,2026-06-27,10,167,10,0.0599,154,167,6598,10871
DRTW,GSM_PERS,2026-06,2026-06-27,10,269,12,0.0446,245,269,5285,8827
FIME,GSM_MOVI,2026-06,2026-06-27,10,781,26,0.0333,766,780,11522,12038
MEL0,GSM_MOVI,2026-06,2026-06-27,10,355,28,0.0789,339,355,58422,86190
MEL0,GSM_PERS,2026-06,2026-06-27,10,245,12,0.0490,235,243,53014,84080
MEL0,MOVI,2026-06,2026-06-27,10,452,30,0.0664,450,452,68363,105423
OEST,GSM_MOVI,2026-06,2026-06-27,10,1937,265,0.1368,1735,1935,13206,17531
OEST,GSM_PERS,2026-06,2026-06-27,10,351,55,0.1567,337,351,5773,8506
OEST,Sin proveedor,2026-06,2026-06-27,10,1,1,1.0000,1,1,1,1
REVO,MOVI,2026-06,2026-06-27,10,1394,166,0.1191,1364,1394,53156,69280
ADT0,GSM_MOVI,2026-06,2026-06-27,11,265,42,0.1585,217,264,15637,43251
AUSO,GSM_MOVI,2026-06,2026-06-27,11,1410,198,0.1404,1281,1409,13025,18331
AUSO,GSM_PERS,2026-06,2026-06-27,11,673,93,0.1382,597,644,3705,4649
AYS3,GSM_PERS,2026-06,2026-06-27,11,196,2,0.0102,174,195,8911,14428
AYSA,GSM_PERS,2026-06,2026-06-27,11,62,10,0.1613,61,62,16879,25757
AYSE,GSM_PERS,2026-06,2026-06-27,11,80,7,0.0875,74,80,11185,17747
CVIA,GSM_MOVI,2026-06,2026-06-27,11,2447,297,0.1214,2113,2445,19755,25022
CVIA,GSM_PERS,2026-06,2026-06-27,11,2166,190,0.0877,1802,2140,31593,48857
DRPW,GSM_MOVI,2026-06,2026-06-27,11,1483,49,0.0330,1013,1482,5051,9565
DRTV,GSM_PERS,2026-06,2026-06-27,11,154,12,0.0779,146,154,6598,10871
DRTW,GSM_PERS,2026-06,2026-06-27,11,159,11,0.0692,138,159,5285,8827
FIME,GSM_MOVI,2026-06,2026-06-27,11,1230,54,0.0439,1193,1228,11522,12038
MEL0,GSM_MOVI,2026-06,2026-06-27,11,1409,127,0.0901,1292,1409,58422,86190
MEL0,GSM_PERS,2026-06,2026-06-27,11,1764,124,0.0703,1597,1760,53014,84080
MEL0,MOVI,2026-06,2026-06-27,11,1173,61,0.0520,1160,1173,68363,105423
OEST,GSM_MOVI,2026-06,2026-06-27,11,1628,215,0.1321,1430,1624,13206,17531
REVO,MOVI,2026-06,2026-06-27,11,499,59,0.1182,496,499,53156,69280
ADT0,GSM_MOVI,2026-06,2026-06-27,12,111,16,0.1441,92,111,1800,4738
AUSO,GSM_MOVI,2026-06,2026-06-27,12,1732,246,0.1420,1565,1730,13025,18331
AUSO,GSM_PERS,2026-06,2026-06-27,12,658,93,0.1413,587,634,3705,4649
AUSO,Sin proveedor,2026-06,2026-06-27,12,1,1,1.0000,1,1,1,1
AYS3,GSM_PERS,2026-06,2026-06-27,12,187,8,0.0428,168,186,8911,14428
AYSA,GSM_PERS,2026-06,2026-06-27,12,55,3,0.0545,54,55,16879,25757
AYSE,GSM_PERS,2026-06,2026-06-27,12,37,2,0.0541,34,37,9394,14891
CVIA,GSM_MOVI,2026-06,2026-06-27,12,2442,318,0.1302,2071,2437,19755,25022
CVIA,GSM_PERS,2026-06,2026-06-27,12,2253,195,0.0866,1889,2237,31593,48857
DRPW,GSM_MOVI,2026-06,2026-06-27,12,1374,54,0.0393,971,1374,5051,9565
DRTV,GSM_PERS,2026-06,2026-06-27,12,140,9,0.0643,132,140,6598,10871
DRTW,GSM_PERS,2026-06,2026-06-27,12,111,12,0.1081,98,111,5285,8827
FIME,GSM_MOVI,2026-06,2026-06-27,12,1599,74,0.0463,1553,1599,11522,12038
MEL0,GSM_MOVI,2026-06,2026-06-27,12,1575,172,0.1092,1466,1575,58422,86190
MEL0,GSM_PERS,2026-06,2026-06-27,12,1727,126,0.0730,1597,1726,53014,84080
MEL0,MOVI,2026-06,2026-06-27,12,1171,78,0.0666,1156,1171,68363,105423
OEST,GSM_MOVI,2026-06,2026-06-27,12,1012,171,0.1690,923,1008,13206,17531
REVO,MOVI,2026-06,2026-06-27,12,441,61,0.1383,437,441,52792,68910
ADT0,GSM_MOVI,2026-06,2026-06-27,13,132,17,0.1288,109,132,1800,4738
ADT1,GSM_MOVI,2026-06,2026-06-27,13,51,3,0.0588,29,51,339,709
AUSO,GSM_MOVI,2026-06,2026-06-27,13,1528,195,0.1276,1417,1528,13025,18331
AUSO,GSM_PERS,2026-06,2026-06-27,13,775,88,0.1135,679,741,3705,4649
AYS3,GSM_PERS,2026-06,2026-06-27,13,248,7,0.0282,217,248,8911,14428
AYSA,GSM_PERS,2026-06,2026-06-27,13,50,6,0.1200,50,50,16879,25757
AYSE,GSM_PERS,2026-06,2026-06-27,13,44,3,0.0682,42,44,11185,17747
CVIA,GSM_MOVI,2026-06,2026-06-27,13,2982,399,0.1338,2621,2977,19755,25022
CVIA,GSM_PERS,2026-06,2026-06-27,13,2742,252,0.0919,2260,2736,31593,48857
DRPW,GSM_MOVI,2026-06,2026-06-27,13,1613,67,0.0415,1172,1612,5051,9565
DRTV,GSM_PERS,2026-06,2026-06-27,13,102,7,0.0686,95,102,6598,10871
DRTW,GSM_PERS,2026-06,2026-06-27,13,158,11,0.0696,142,158,5285,8827
FIME,GSM_MOVI,2026-06,2026-06-27,13,1152,64,0.0556,1133,1151,11522,12038
MEL0,GSM_MOVI,2026-06,2026-06-27,13,1537,153,0.0995,1427,1537,58422,86190
MEL0,GSM_PERS,2026-06,2026-06-27,13,982,79,0.0804,933,974,53014,84080
MEL0,MOVI,2026-06,2026-06-27,13,1157,61,0.0527,1147,1157,68363,105423
OEST,GSM_MOVI,2026-06,2026-06-27,13,874,129,0.1476,817,873,10336,13812
REVO,MOVI,2026-06,2026-06-27,13,524,52,0.0992,520,524,52792,68910
ADT0,GSM_MOVI,2026-06,2026-06-27,14,138,21,0.1522,112,138,1800,4738
AUSO,GSM_MOVI,2026-06,2026-06-27,14,1689,274,0.1622,1579,1689,13025,18331
AUSO,GSM_PERS,2026-06,2026-06-27,14,851,101,0.1187,749,816,3705,4649
AYS3,GSM_PERS,2026-06,2026-06-27,14,238,5,0.0210,204,235,8911,14428
AYSA,GSM_PERS,2026-06,2026-06-27,14,50,4,0.0800,50,50,16879,25757
AYSE,GSM_PERS,2026-06,2026-06-27,14,100,14,0.1400,93,100,11185,17747
CVIA,GSM_MOVI,2026-06,2026-06-27,14,2858,367,0.1284,2577,2847,19755,25022
CVIA,GSM_PERS,2026-06,2026-06-27,14,2922,273,0.0934,2360,2890,31593,48857
DRPW,GSM_MOVI,2026-06,2026-06-27,14,1539,45,0.0292,1151,1537,5051,9565
DRTV,GSM_PERS,2026-06,2026-06-27,14,180,9,0.0500,162,180,6598,10871
DRTW,GSM_PERS,2026-06,2026-06-27,14,200,12,0.0600,179,200,5285,8827
FIME,GSM_MOVI,2026-06,2026-06-27,14,1448,79,0.0546,1413,1448,11522,12038
MEL0,GSM_MOVI,2026-06,2026-06-27,14,1514,153,0.1011,1420,1513,58422,86190
MEL0,GSM_PERS,2026-06,2026-06-27,14,489,32,0.0654,454,482,53014,84080
MEL0,MOVI,2026-06,2026-06-27,14,1100,55,0.0500,1090,1100,68363,105423
OEST,GSM_MOVI,2026-06,2026-06-27,14,749,108,0.1442,712,749,10336,13812
REVO,MOVI,2026-06,2026-06-27,14,597,68,0.1139,594,597,53156,69280
ADT0,GSM_MOVI,2026-06,2026-06-27,15,220,28,0.1273,171,220,1800,4738
AUSO,GSM_MOVI,2026-06,2026-06-27,15,1086,147,0.1354,1026,1086,13025,18331
AUSO,GSM_PERS,2026-06,2026-06-27,15,870,110,0.1264,763,837,3705,4649
AYS3,GSM_PERS,2026-06,2026-06-27,15,317,8,0.0252,257,313,8911,14428
AYSA,GSM_PERS,2026-06,2026-06-27,15,71,8,0.1127,70,71,16879,25757
AYSE,GSM_PERS,2026-06,2026-06-27,15,91,21,0.2308,84,91,11185,17747
CVIA,GSM_MOVI,2026-06,2026-06-27,15,3386,423,0.1249,2995,3382,19755,25022
CVIA,GSM_PERS,2026-06,2026-06-27,15,2974,259,0.0871,2402,2951,31593,48857
DRPW,GSM_MOVI,2026-06,2026-06-27,15,707,37,0.0523,573,707,5051,9565
DRTV,GSM_PERS,2026-06,2026-06-27,15,164,6,0.0366,150,164,6598,10871
DRTW,GSM_PERS,2026-06,2026-06-27,15,194,9,0.0464,172,194,5285,8827
FIME,GSM_MOVI,2026-06,2026-06-27,15,1783,91,0.0510,1738,1783,11522,12038
MEL0,GSM_MOVI,2026-06,2026-06-27,15,1856,202,0.1088,1750,1856,58422,86190
MEL0,GSM_PERS,2026-06,2026-06-27,15,410,43,0.1049,383,405,53014,84080
MEL0,MOVI,2026-06,2026-06-27,15,4425,262,0.0592,4171,4425,68363,105423
OEST,GSM_MOVI,2026-06,2026-06-27,15,873,117,0.1340,813,872,10336,13812
REVO,MOVI,2026-06,2026-06-27,15,2451,252,0.1028,2268,2451,53156,69280
ADT0,GSM_MOVI,2026-06,2026-06-27,16,1,0,0.0000,1,1,1800,4738
AUSO,GSM_MOVI,2026-06,2026-06-27,16,34,7,0.2059,34,34,3697,5300
AUSO,GSM_PERS,2026-06,2026-06-27,16,823,103,0.1252,730,783,3705,4649
AYS3,GSM_PERS,2026-06,2026-06-27,16,267,6,0.0225,227,267,8911,14428
AYSA,GSM_PERS,2026-06,2026-06-27,16,42,4,0.0952,41,42,16879,25757
AYSE,GSM_PERS,2026-06,2026-06-27,16,16,4,0.2500,13,16,10326,16325
CVIA,GSM_MOVI,2026-06,2026-06-27,16,5529,670,0.1212,4777,5514,19755,25022
CVIA,GSM_PERS,2026-06,2026-06-27,16,3088,259,0.0839,2514,3052,31593,48857
DRTV,GSM_PERS,2026-06,2026-06-27,16,155,10,0.0645,144,155,6598,10871
DRTW,GSM_PERS,2026-06,2026-06-27,16,143,8,0.0559,121,143,5285,8827
FIME,GSM_MOVI,2026-06,2026-06-27,16,2534,124,0.0489,2470,2533,11522,12038
MEL0,GSM_MOVI,2026-06,2026-06-27,16,182,16,0.0879,177,182,58422,86190
MEL0,GSM_PERS,2026-06,2026-06-27,16,553,51,0.0922,527,545,53014,84080
MEL0,MOVI,2026-06,2026-06-27,16,4499,269,0.0598,4206,4497,68363,105423
OEST,GSM_MOVI,2026-06,2026-06-27,16,1583,208,0.1314,1462,1580,10336,13812
REVO,MOVI,2026-06,2026-06-27,16,3304,351,0.1062,3035,3303,53156,69280
AUSO,GSM_PERS,2026-06,2026-06-27,17,938,107,0.1141,841,881,3705,4649
AYS3,GSM_PERS,2026-06,2026-06-27,17,276,7,0.0254,248,276,8911,14428
AYSA,GSM_PERS,2026-06,2026-06-27,17,33,4,0.1212,33,33,16879,25757
AYSE,GSM_PERS,2026-06,2026-06-27,17,82,9,0.1098,76,82,11185,17747
CVIA,GSM_MOVI,2026-06,2026-06-27,17,2216,270,0.1218,1935,2207,19755,25022
CVIA,GSM_PERS,2026-06,2026-06-27,17,3430,286,0.0834,2912,3384,31593,48857
DRTV,GSM_PERS,2026-06,2026-06-27,17,235,13,0.0553,224,235,6598,10871
DRTW,GSM_PERS,2026-06,2026-06-27,17,190,13,0.0684,165,190,5285,8827
FIME,GSM_MOVI,2026-06,2026-06-27,17,1529,78,0.0510,1487,1529,11522,12038
MEL0,GSM_MOVI,2026-06,2026-06-27,17,17,0,0.0000,17,17,58422,86190
MEL0,GSM_PERS,2026-06,2026-06-27,17,544,58,0.1066,523,538,53014,84080
MEL0,MOVI,2026-06,2026-06-27,17,4439,242,0.0545,4138,4437,68363,105423
OEST,GSM_MOVI,2026-06,2026-06-27,17,819,110,0.1343,758,819,10336,13812
REVO,MOVI,2026-06,2026-06-27,17,3280,364,0.1110,3034,3280,53156,69280
AUSO,GSM_PERS,2026-06,2026-06-27,18,1030,131,0.1272,898,959,3705,4649
AYS3,GSM_PERS,2026-06,2026-06-27,18,323,16,0.0495,286,323,8911,14428
AYSA,GSM_PERS,2026-06,2026-06-27,18,107,15,0.1402,105,107,16879,25757
AYSE,GSM_PERS,2026-06,2026-06-27,18,47,4,0.0851,44,47,11185,17747
CVIA,GSM_PERS,2026-06,2026-06-27,18,3769,354,0.0939,3301,3715,31593,48857
DRTV,GSM_PERS,2026-06,2026-06-27,18,220,19,0.0864,209,220,6598,10871
DRTW,GSM_PERS,2026-06,2026-06-27,18,201,14,0.0697,189,201,5285,8827
MEL0,GSM_PERS,2026-06,2026-06-27,18,551,60,0.1089,526,544,53014,84080
MEL0,MOVI,2026-06,2026-06-27,18,4503,268,0.0595,4239,4501,68363,105423
REVO,MOVI,2026-06,2026-06-27,18,3331,413,0.1240,3103,3331,53156,69280
AUSO,GSM_PERS,2026-06,2026-06-27,19,120,18,0.1500,117,119,3304,4144
AYS3,GSM_PERS,2026-06,2026-06-27,19,368,8,0.0217,308,367,8911,14428
AYSA,GSM_PERS,2026-06,2026-06-27,19,94,10,0.1064,94,93,16879,25757
AYSE,GSM_PERS,2026-06,2026-06-27,19,94,12,0.1277,86,94,11185,17747
CVIA,GSM_PERS,2026-06,2026-06-27,19,4493,414,0.0921,3874,4414,31593,48857
DRTV,GSM_PERS,2026-06,2026-06-27,19,222,15,0.0676,211,222,6598,10871
DRTW,GSM_PERS,2026-06,2026-06-27,19,225,24,0.1067,208,225,5285,8827
MEL0,GSM_PERS,2026-06,2026-06-27,19,706,68,0.0963,679,700,53014,84080
MEL0,MOVI,2026-06,2026-06-27,19,1576,103,0.0654,1518,1576,68363,105423
REVO,MOVI,2026-06,2026-06-27,19,1095,139,0.1269,1053,1095,52792,68910
AYS3,GSM_PERS,2026-06,2026-06-27,20,416,8,0.0192,369,411,8911,14428
AYSA,GSM_PERS,2026-06,2026-06-27,20,63,8,0.1270,63,63,16879,25757
AYSE,GSM_PERS,2026-06,2026-06-27,20,106,15,0.1415,100,106,11185,17747
CVIA,GSM_PERS,2026-06,2026-06-27,20,4492,439,0.0977,3911,4422,31593,48857
DRTV,GSM_PERS,2026-06,2026-06-27,20,241,20,0.0830,229,241,6598,10871
DRTW,GSM_PERS,2026-06,2026-06-27,20,257,23,0.0895,239,257,5285,8827
MEL0,GSM_PERS,2026-06,2026-06-27,20,764,75,0.0982,715,741,53014,84080
AYS3,GSM_PERS,2026-06,2026-06-27,21,1,0,0.0000,1,1,8911,14428
CVIA,GSM_PERS,2026-06,2026-06-27,21,6,0,0.0000,6,6,31593,48857
ADT0,GSM_MOVI,2026-06,2026-06-28,8,1987,132,0.0664,1288,1920,13837,38513
AUSO,GSM_MOVI,2026-06,2026-06-28,8,1034,107,0.1035,809,1030,5511,10065
AYS3,GSM_PERS,2026-06,2026-06-28,8,171,1,0.0058,145,170,8911,14428
AYSA,GSM_PERS,2026-06,2026-06-28,8,41,1,0.0244,41,41,16879,25757
AYSE,GSM_PERS,2026-06,2026-06-28,8,29,2,0.0690,29,29,11185,17747
CVIA,GSM_MOVI,2026-06,2026-06-28,8,515,31,0.0602,451,515,19755,25022
CVIA,GSM_PERS,2026-06,2026-06-28,8,1866,104,0.0557,1593,1856,31593,48857
DRTV,GSM_PERS,2026-06,2026-06-28,8,83,2,0.0241,81,83,6598,10871
DRTW,GSM_PERS,2026-06,2026-06-28,8,95,3,0.0316,89,95,5285,8827
MEL0,GSM_PERS,2026-06,2026-06-28,8,302,11,0.0364,294,300,53014,84080
OEST,GSM_PERS,2026-06,2026-06-28,8,97,8,0.0825,89,97,5773,8506
ADT0,GSM_MOVI,2026-06,2026-06-28,9,1853,126,0.0680,1232,1802,13837,38513
AUSO,GSM_MOVI,2026-06,2026-06-28,9,1341,145,0.1081,1124,1338,5511,10065
AYS3,GSM_PERS,2026-06,2026-06-28,9,295,6,0.0203,251,293,8911,14428
AYSA,GSM_PERS,2026-06,2026-06-28,9,63,14,0.2222,63,63,16879,25757
AYSE,GSM_PERS,2026-06,2026-06-28,9,27,2,0.0741,26,27,11185,17747
CVIA,GSM_MOVI,2026-06,2026-06-28,9,5388,336,0.0624,4703,5373,19755,25022
CVIA,GSM_PERS,2026-06,2026-06-28,9,3939,240,0.0609,3049,3871,31593,48857
DRTV,GSM_PERS,2026-06,2026-06-28,9,242,12,0.0496,229,242,6598,10871
DRTW,GSM_PERS,2026-06,2026-06-28,9,215,9,0.0419,190,215,5285,8827
MEL0,GSM_PERS,2026-06,2026-06-28,9,638,31,0.0486,598,620,53014,84080
OEST,GSM_MOVI,2026-06,2026-06-28,9,1502,168,0.1119,1337,1498,5478,7908
OEST,GSM_PERS,2026-06,2026-06-28,9,129,13,0.1008,116,129,5773,8506
REVO,MOVI,2026-06,2026-06-28,9,8086,432,0.0534,6999,8083,53156,69280
ADT0,GSM_MOVI,2026-06,2026-06-28,10,224,19,0.0848,192,221,15637,43251
AUSO,GSM_MOVI,2026-06,2026-06-28,10,1182,148,0.1252,989,1180,5511,10065
AYS3,GSM_PERS,2026-06,2026-06-28,10,332,8,0.0241,270,332,8911,14428
AYSA,GSM_PERS,2026-06,2026-06-28,10,39,4,0.1026,39,39,16879,25757
AYSE,GSM_PERS,2026-06,2026-06-28,10,17,1,0.0588,17,17,7087,11190
CVIA,GSM_MOVI,2026-06,2026-06-28,10,6784,584,0.0861,5817,6759,19755,25022
CVIA,GSM_PERS,2026-06,2026-06-28,10,3583,244,0.0681,2771,3507,31593,48857
DRTV,GSM_PERS,2026-06,2026-06-28,10,147,6,0.0408,139,147,6598,10871
DRTW,GSM_PERS,2026-06,2026-06-28,10,170,11,0.0647,156,170,5285,8827
MEL0,GSM_MOVI,2026-06,2026-06-28,10,757,56,0.0740,722,757,58422,86190
MEL0,GSM_PERS,2026-06,2026-06-28,10,695,34,0.0489,645,673,53014,84080
MEL0,MOVI,2026-06,2026-06-28,10,3730,188,0.0504,3496,3730,68363,105423
OEST,GSM_MOVI,2026-06,2026-06-28,10,841,113,0.1344,775,839,5478,7908
OEST,GSM_PERS,2026-06,2026-06-28,10,223,26,0.1166,198,223,5773,8506
REVO,MOVI,2026-06,2026-06-28,10,4892,292,0.0597,4391,4892,53156,69280
ADT0,GSM_MOVI,2026-06,2026-06-28,11,188,18,0.0957,147,188,1800,4738
AYS3,GSM_PERS,2026-06,2026-06-28,11,160,7,0.0438,144,160,8911,14428
AYSA,GSM_PERS,2026-06,2026-06-28,11,44,4,0.0909,43,44,16879,25757
AYSE,GSM_PERS,2026-06,2026-06-28,11,25,3,0.1200,22,25,11185,17747
CVIA,GSM_MOVI,2026-06,2026-06-28,11,6853,593,0.0865,5954,6828,19755,25022
CVIA,GSM_PERS,2026-06,2026-06-28,11,2616,233,0.0891,2137,2563,31593,48857
DRTV,GSM_PERS,2026-06,2026-06-28,11,101,7,0.0693,100,101,6598,10871
DRTW,GSM_PERS,2026-06,2026-06-28,11,87,6,0.0690,80,87,5285,8827
MEL0,GSM_MOVI,2026-06,2026-06-28,11,2861,224,0.0783,2639,2860,58422,86190
MEL0,GSM_PERS,2026-06,2026-06-28,11,2143,135,0.0630,1942,2136,53014,84080
MEL0,MOVI,2026-06,2026-06-28,11,5902,262,0.0444,5479,5902,68363,105423
OEST,GSM_PERS,2026-06,2026-06-28,11,141,26,0.1844,127,141,5773,8506
REVO,MOVI,2026-06,2026-06-28,11,1985,159,0.0801,1832,1985,53156,69280
ADT0,GSM_MOVI,2026-06,2026-06-28,12,300,19,0.0633,226,297,1800,4738
AYS3,GSM_PERS,2026-06,2026-06-28,12,116,4,0.0345,101,116,8911,14428
AYSA,GSM_PERS,2026-06,2026-06-28,12,57,6,0.1053,57,57,16879,25757
CVIA,GSM_MOVI,2026-06,2026-06-28,12,4919,536,0.1090,4295,4910,19755,25022
CVIA,GSM_PERS,2026-06,2026-06-28,12,2755,216,0.0784,2316,2697,31593,48857
DRTV,GSM_PERS,2026-06,2026-06-28,12,91,8,0.0879,88,91,6598,10871
DRTW,GSM_PERS,2026-06,2026-06-28,12,104,13,0.1250,98,104,5285,8827
MEL0,GSM_MOVI,2026-06,2026-06-28,12,3610,347,0.0961,3260,3610,58422,86190
MEL0,GSM_PERS,2026-06,2026-06-28,12,2399,167,0.0696,2165,2383,53014,84080
MEL0,MOVI,2026-06,2026-06-28,12,5841,290,0.0496,5399,5838,68363,105423
OEST,GSM_PERS,2026-06,2026-06-28,12,117,17,0.1453,109,117,5773,8506
REVO,MOVI,2026-06,2026-06-28,12,2039,145,0.0711,1874,2039,53156,69280
ADT0,GSM_MOVI,2026-06,2026-06-28,13,157,22,0.1401,115,156,1800,4738
AYS3,GSM_PERS,2026-06,2026-06-28,13,204,13,0.0637,179,204,8911,14428
AYSA,GSM_PERS,2026-06,2026-06-28,13,43,2,0.0465,43,43,16879,25757
AYSE,GSM_PERS,2026-06,2026-06-28,13,17,3,0.1765,15,17,11185,17747
CVIA,GSM_PERS,2026-06,2026-06-28,13,4576,356,0.0778,3874,4471,31593,48857
DRTV,GSM_PERS,2026-06,2026-06-28,13,150,7,0.0467,146,150,6598,10871
DRTW,GSM_PERS,2026-06,2026-06-28,13,166,13,0.0783,157,166,5285,8827
MEL0,GSM_MOVI,2026-06,2026-06-28,13,1255,109,0.0869,1148,1255,58422,86190
MEL0,GSM_PERS,2026-06,2026-06-28,13,1139,89,0.0781,1050,1083,53014,84080
MEL0,MOVI,2026-06,2026-06-28,13,5877,286,0.0487,5428,5873,68363,105423
OEST,GSM_PERS,2026-06,2026-06-28,13,190,28,0.1474,179,190,5773,8506
REVO,MOVI,2026-06,2026-06-28,13,1993,139,0.0697,1827,1993,52792,68910
AYS3,GSM_PERS,2026-06,2026-06-28,14,196,7,0.0357,182,195,8911,14428
AYSA,GSM_PERS,2026-06,2026-06-28,14,53,3,0.0566,50,53,16879,25757
AYSE,GSM_PERS,2026-06,2026-06-28,14,49,7,0.1429,46,49,11185,17747
CVIA,GSM_PERS,2026-06,2026-06-28,14,4464,359,0.0804,3725,4348,31593,48857
DRTV,GSM_PERS,2026-06,2026-06-28,14,145,9,0.0621,139,145,6598,10871
DRTW,GSM_PERS,2026-06,2026-06-28,14,114,9,0.0789,104,114,5285,8827
MEL0,GSM_PERS,2026-06,2026-06-28,14,1239,108,0.0872,1162,1196,53014,84080
MEL0,MOVI,2026-06,2026-06-28,14,2641,131,0.0496,2516,2641,68363,105423
OEST,GSM_PERS,2026-06,2026-06-28,14,228,40,0.1754,210,228,5773,8506
REVO,MOVI,2026-06,2026-06-28,14,873,68,0.0779,831,873,52792,68910
AYS3,GSM_PERS,2026-06,2026-06-28,15,282,10,0.0355,250,281,8911,14428
AYSA,GSM_PERS,2026-06,2026-06-28,15,58,4,0.0690,58,58,16879,25757
AYSE,GSM_PERS,2026-06,2026-06-28,15,45,3,0.0667,43,45,11185,17747
CVIA,GSM_PERS,2026-06,2026-06-28,15,4560,366,0.0803,3896,4450,31593,48857
DRTV,GSM_PERS,2026-06,2026-06-28,15,158,12,0.0759,151,158,6598,10871
DRTW,GSM_PERS,2026-06,2026-06-28,15,147,9,0.0612,140,147,5285,8827
MEL0,GSM_PERS,2026-06,2026-06-28,15,1098,85,0.0774,1025,1061,53014,84080
OEST,GSM_PERS,2026-06,2026-06-28,15,123,17,0.1382,116,122,5773,8506
AYS3,GSM_PERS,2026-06,2026-06-28,16,262,5,0.0191,239,261,8911,14428
AYSA,GSM_PERS,2026-06,2026-06-28,16,61,4,0.0656,60,61,16879,25757
AYSE,GSM_PERS,2026-06,2026-06-28,16,44,3,0.0682,43,44,11185,17747
CVIA,GSM_PERS,2026-06,2026-06-28,16,4579,348,0.0760,3942,4476,31593,48857
DRTV,GSM_PERS,2026-06,2026-06-28,16,159,10,0.0629,152,159,6598,10871
DRTW,GSM_PERS,2026-06,2026-06-28,16,127,8,0.0630,124,127,5285,8827
MEL0,GSM_PERS,2026-06,2026-06-28,16,1083,89,0.0822,1010,1038,53014,84080
OEST,GSM_PERS,2026-06,2026-06-28,16,154,20,0.1299,140,154,5773,8506
AYS3,GSM_PERS,2026-06,2026-06-28,17,208,4,0.0192,198,207,8911,14428
AYSA,GSM_PERS,2026-06,2026-06-28,17,44,5,0.1136,44,44,16879,25757
AYSE,GSM_PERS,2026-06,2026-06-28,17,8,0,0.0000,8,8,7087,11190
CVIA,GSM_PERS,2026-06,2026-06-28,17,4672,322,0.0689,4000,4562,31593,48857
DRTV,GSM_PERS,2026-06,2026-06-28,17,176,11,0.0625,173,176,6598,10871
DRTW,GSM_PERS,2026-06,2026-06-28,17,144,7,0.0486,138,144,5285,8827
MEL0,GSM_PERS,2026-06,2026-06-28,17,1117,84,0.0752,1042,1081,53014,84080
OEST,GSM_PERS,2026-06,2026-06-28,17,205,25,0.1220,192,205,5773,8506
AYS3,GSM_PERS,2026-06,2026-06-28,18,246,8,0.0325,235,246,8911,14428
AYSA,GSM_PERS,2026-06,2026-06-28,18,50,3,0.0600,50,50,16879,25757
CVIA,GSM_PERS,2026-06,2026-06-28,18,4676,367,0.0785,4066,4572,31593,48857
DRTV,GSM_PERS,2026-06,2026-06-28,18,152,10,0.0658,148,152,6598,10871
DRTW,GSM_PERS,2026-06,2026-06-28,18,139,11,0.0791,136,139,5285,8827
MEL0,GSM_PERS,2026-06,2026-06-28,18,1118,84,0.0751,1051,1078,53014,84080
OEST,GSM_PERS,2026-06,2026-06-28,18,203,42,0.2069,195,203,5773,8506
AYS3,GSM_PERS,2026-06,2026-06-28,19,204,7,0.0343,198,204,8911,14428
AYSA,GSM_PERS,2026-06,2026-06-28,19,35,4,0.1143,35,35,16879,25757
AYSE,GSM_PERS,2026-06,2026-06-28,19,12,4,0.3333,12,12,9301,14787
CVIA,GSM_PERS,2026-06,2026-06-28,19,4659,376,0.0807,4047,4546,31593,48857
DRTV,GSM_PERS,2026-06,2026-06-28,19,192,10,0.0521,185,192,6598,10871
DRTW,GSM_PERS,2026-06,2026-06-28,19,164,7,0.0427,158,164,5285,8827
MEL0,GSM_PERS,2026-06,2026-06-28,19,1182,98,0.0829,1106,1135,53014,84080
OEST,GSM_PERS,2026-06,2026-06-28,19,165,24,0.1455,153,165,5773,8506
AYS3,GSM_PERS,2026-06,2026-06-28,20,215,7,0.0326,200,214,8911,14428
AYSA,GSM_PERS,2026-06,2026-06-28,20,47,9,0.1915,46,47,16879,25757
AYSE,GSM_PERS,2026-06,2026-06-28,20,28,4,0.1429,27,28,7232,11636
CVIA,GSM_PERS,2026-06,2026-06-28,20,4541,406,0.0894,3971,4426,31593,48857
DRTV,GSM_PERS,2026-06,2026-06-28,20,155,8,0.0516,152,155,6598,10871
DRTW,GSM_PERS,2026-06,2026-06-28,20,151,18,0.1192,145,151,5285,8827
MEL0,GSM_PERS,2026-06,2026-06-28,20,1225,109,0.0890,1140,1175,53014,84080
OEST,GSM_PERS,2026-06,2026-06-28,20,242,34,0.1405,225,242,5773,8506
CVIA,GSM_PERS,2026-06,2026-06-28,21,7,0,0.0000,6,7,20510,32208
MEL0,GSM_PERS,2026-06,2026-06-28,21,1,0,0.0000,1,1,53014,84080
ADT0,GSM_MOVI,2026-06,2026-06-29,8,1384,162,0.1171,935,1354,13837,38513
AUSO,GSM_MOVI,2026-06,2026-06-29,8,634,89,0.1404,539,632,5511,10065
AYS3,GSM_MOVI,2026-06,2026-06-29,8,35,7,0.2000,31,35,14680,22796
AYS3,GSM_PERS,2026-06,2026-06-29,8,30,2,0.0667,30,30,9501,15029
AYSA,GSM_MOVI,2026-06,2026-06-29,8,290,73,0.2517,252,290,21631,33163
AYSA,GSM_PERS,2026-06,2026-06-29,8,169,22,0.1302,164,166,16879,25757
AYSE,GSM_PERS,2026-06,2026-06-29,8,39,7,0.1795,37,39,11185,17747
CVIA,GSM_MOVI,2026-06,2026-06-29,8,353,28,0.0793,309,353,19755,25022
CVIA,GSM_PERS,2026-06,2026-06-29,8,1283,108,0.0842,1154,1268,31593,48857
DRPW,GSM_MOVI,2026-06,2026-06-29,8,952,106,0.1113,850,950,5051,9565
DRTV,GSM_PERS,2026-06,2026-06-29,8,233,13,0.0558,231,233,6598,10871
DRTW,GSM_PERS,2026-06,2026-06-29,8,130,5,0.0385,127,130,5285,8827
MEL0,GSM_PERS,2026-06,2026-06-29,8,648,40,0.0617,622,635,53014,84080
OEST,GSM_PERS,2026-06,2026-06-29,8,93,10,0.1075,90,93,5773,8506
ADT0,GSM_MOVI,2026-06,2026-06-29,9,777,84,0.1081,609,759,13837,38513
AUSO,GSM_MOVI,2026-06,2026-06-29,9,1100,152,0.1382,950,1098,5511,10065
AYS3,GSM_MOVI,2026-06,2026-06-29,9,190,34,0.1789,185,190,8539,13620
AYS3,GSM_PERS,2026-06,2026-06-29,9,679,21,0.0309,531,670,10177,15784
AYS3,MOVI,2026-06,2026-06-29,9,51,3,0.0588,32,51,1580,2131
AYSA,GSM_PERS,2026-06,2026-06-29,9,304,37,0.1217,300,303,16879,25757
AYSA,MOVI,2026-06,2026-06-29,9,335,139,0.4149,257,335,18073,27574
AYSC,MOVI,2026-06,2026-06-29,9,1281,56,0.0437,586,1262,586,1262
AYSE,GSM_PERS,2026-06,2026-06-29,9,707,85,0.1202,589,704,11185,17747
CVIA,GSM_MOVI,2026-06,2026-06-29,9,4370,448,0.1025,3852,4362,19755,25022
CVIA,GSM_PERS,2026-06,2026-06-29,9,2638,194,0.0735,2006,2631,31593,48857
DRPW,GSM_MOVI,2026-06,2026-06-29,9,1198,138,0.1152,1049,1198,5051,9565
DRTV,GSM_PERS,2026-06,2026-06-29,9,215,12,0.0558,200,214,6598,10871
DRTW,GSM_MOVI,2026-06,2026-06-29,9,608,51,0.0839,539,608,5408,6908
DRTW,GSM_PERS,2026-06,2026-06-29,9,38,2,0.0526,38,38,5285,8827
MEL0,GSM_PERS,2026-06,2026-06-29,9,144,11,0.0764,143,143,53014,84080
OEST,GSM_MOVI,2026-06,2026-06-29,9,1283,189,0.1473,1160,1281,5478,7908
OEST,GSM_PERS,2026-06,2026-06-29,9,591,77,0.1303,509,563,5773,8506
ADT0,GSM_MOVI,2026-06,2026-06-29,10,339,37,0.1091,278,333,15637,43251
AUSO,GSM_MOVI,2026-06,2026-06-29,10,1160,175,0.1509,992,1158,5511,10065
AYS3,GSM_MOVI,2026-06,2026-06-29,10,110,26,0.2364,109,110,8539,13620
AYS3,GSM_PERS,2026-06,2026-06-29,10,701,30,0.0428,511,697,10177,15784
AYSA,GSM_PERS,2026-06,2026-06-29,10,166,17,0.1024,163,166,16879,25757
AYSA,MOVI,2026-06,2026-06-29,10,96,96,1.0000,96,96,18073,27574
AYSE,GSM_PERS,2026-06,2026-06-29,10,649,75,0.1156,523,648,11185,17747
CVIA,GSM_MOVI,2026-06,2026-06-29,10,3284,397,0.1209,2874,3277,19755,25022
CVIA,GSM_PERS,2026-06,2026-06-29,10,2971,221,0.0744,2266,2971,31593,48857
DRPW,GSM_MOVI,2026-06,2026-06-29,10,61,11,0.1803,60,61,5051,9565
DRTV,GSM_PERS,2026-06,2026-06-29,10,216,11,0.0509,193,216,6598,10871
DRTW,GSM_MOVI,2026-06,2026-06-29,10,1149,89,0.0775,987,1149,5408,6908
FIME,GSM_MOVI,2026-06,2026-06-29,10,1589,85,0.0535,1540,1588,11522,12038
MEL0,GSM_MOVI,2026-06,2026-06-29,10,193,19,0.0984,184,193,58422,86190
MEL0,GSM_PERS,2026-06,2026-06-29,10,177,13,0.0734,168,177,53014,84080
MEL0,MOVI,2026-06,2026-06-29,10,1483,63,0.0425,1462,1483,68363,105423
OEST,GSM_MOVI,2026-06,2026-06-29,10,770,140,0.1818,714,768,5478,7908
OEST,GSM_PERS,2026-06,2026-06-29,10,192,39,0.2031,174,189,5773,8506
OEST,Sin proveedor,2026-06,2026-06-29,10,1,1,1.0000,1,1,8,8
ADT0,GSM_MOVI,2026-06,2026-06-29,11,889,121,0.1361,635,878,15637,43251
AUSO,GSM_MOVI,2026-06,2026-06-29,11,211,33,0.1564,197,211,5511,10065
AYS3,GSM_MOVI,2026-06,2026-06-29,11,128,34,0.2656,126,128,8539,13620
AYS3,GSM_PERS,2026-06,2026-06-29,11,406,15,0.0369,320,404,10177,15784
AYSA,GSM_PERS,2026-06,2026-06-29,11,133,17,0.1278,128,133,16879,25757
AYSA,MOVI,2026-06,2026-06-29,11,84,84,1.0000,84,84,18073,27574
AYSE,GSM_PERS,2026-06,2026-06-29,11,420,55,0.1310,353,419,11185,17747
AYSJ,GSM_MOVI,2026-06,2026-06-29,11,260,21,0.0808,185,237,929,1295
CVIA,GSM_MOVI,2026-06,2026-06-29,11,3277,375,0.1144,2803,3275,19755,25022
CVIA,GSM_PERS,2026-06,2026-06-29,11,2087,193,0.0925,1704,2086,31593,48857
DRTV,GSM_PERS,2026-06,2026-06-29,11,133,16,0.1203,119,133,6598,10871
DRTV,MOVI,2026-06,2026-06-29,11,223,13,0.0583,222,223,7823,9367
DRTW,GSM_MOVI,2026-06,2026-06-29,11,547,49,0.0896,473,547,5408,6908
DRTW,MOVI,2026-06,2026-06-29,11,242,8,0.0331,240,242,8947,11355
FIME,GSM_MOVI,2026-06,2026-06-29,11,2290,94,0.0410,2212,2289,11522,12038
MEL0,GSM_MOVI,2026-06,2026-06-29,11,1100,106,0.0964,1020,1100,58422,86190
MEL0,GSM_PERS,2026-06,2026-06-29,11,1829,120,0.0656,1675,1817,53014,84080
MEL0,MOVI,2026-06,2026-06-29,11,3217,204,0.0634,3135,3216,68363,105423
OEST,GSM_PERS,2026-06,2026-06-29,11,180,36,0.2000,168,179,5773,8506
OEST,Sin proveedor,2026-06,2026-06-29,11,1,1,1.0000,1,1,1,1
ADT0,GSM_MOVI,2026-06,2026-06-29,12,224,40,0.1786,175,221,13837,38513
AYS3,GSM_MOVI,2026-06,2026-06-29,12,497,86,0.1730,478,494,14680,22796
AYS3,GSM_PERS,2026-06,2026-06-29,12,345,10,0.0290,271,342,10177,15784
AYSA,GSM_PERS,2026-06,2026-06-29,12,153,17,0.1111,153,152,16879,25757
AYSA,MOVI,2026-06,2026-06-29,12,58,58,1.0000,58,58,18073,27574
AYSE,GSM_PERS,2026-06,2026-06-29,12,372,42,0.1129,309,372,11185,17747
AYSJ,GSM_MOVI,2026-06,2026-06-29,12,254,16,0.0630,194,245,929,1295
CVIA,GSM_MOVI,2026-06,2026-06-29,12,3507,461,0.1315,3023,3493,19755,25022
CVIA,GSM_PERS,2026-06,2026-06-29,12,1918,178,0.0928,1591,1917,31593,48857
DRTV,GSM_PERS,2026-06,2026-06-29,12,105,7,0.0667,94,105,6598,10871
DRTV,MOVI,2026-06,2026-06-29,12,281,32,0.1139,281,281,7823,9367
DRTW,GSM_MOVI,2026-06,2026-06-29,12,652,64,0.0982,561,652,5408,6908
DRTW,MOVI,2026-06,2026-06-29,12,229,12,0.0524,225,229,8947,11355
FIME,GSM_MOVI,2026-06,2026-06-29,12,2447,125,0.0511,2380,2446,11522,12038
MEL0,GSM_MOVI,2026-06,2026-06-29,12,1023,108,0.1056,943,1023,58422,86190
MEL0,GSM_PERS,2026-06,2026-06-29,12,1547,110,0.0711,1437,1539,53014,84080
MEL0,MOVI,2026-06,2026-06-29,12,3160,216,0.0684,3075,3159,68363,105423
OEST,GSM_PERS,2026-06,2026-06-29,12,677,131,0.1935,618,668,5773,8506
ADT0,GSM_MOVI,2026-06,2026-06-29,13,167,16,0.0958,130,159,13837,38513
ADT1,GSM_MOVI,2026-06,2026-06-29,13,74,3,0.0405,42,71,339,709
AYS3,GSM_MOVI,2026-06,2026-06-29,13,83,12,0.1446,81,83,6141,9176
AYS3,GSM_PERS,2026-06,2026-06-29,13,449,8,0.0178,340,447,10177,15784
AYSA,GSM_PERS,2026-06,2026-06-29,13,157,11,0.0701,152,157,16879,25757
AYSA,MOVI,2026-06,2026-06-29,13,72,72,1.0000,72,72,18073,27574
AYSE,GSM_PERS,2026-06,2026-06-29,13,429,56,0.1305,367,429,11185,17747
AYSJ,GSM_MOVI,2026-06,2026-06-29,13,285,7,0.0246,206,261,929,1295
CVIA,GSM_MOVI,2026-06,2026-06-29,13,3790,512,0.1351,3261,3781,19755,25022
CVIA,GSM_PERS,2026-06,2026-06-29,13,2420,224,0.0926,1968,2415,31593,48857
DRTV,GSM_PERS,2026-06,2026-06-29,13,157,7,0.0446,145,157,6598,10871
DRTV,MOVI,2026-06,2026-06-29,13,238,18,0.0756,237,238,7823,9367
DRTW,GSM_MOVI,2026-06,2026-06-29,13,739,58,0.0785,649,739,5408,6908
DRTW,MOVI,2026-06,2026-06-29,13,270,20,0.0741,268,270,8947,11355
FIME,GSM_MOVI,2026-06,2026-06-29,13,2221,106,0.0477,2146,2221,11522,12038
MEL0,GSM_MOVI,2026-06,2026-06-29,13,1176,141,0.1199,1101,1176,58422,86190
MEL0,GSM_PERS,2026-06,2026-06-29,13,1351,97,0.0718,1259,1342,53014,84080
MEL0,MOVI,2026-06,2026-06-29,13,2966,170,0.0573,2893,2966,68363,105423
OEST,GSM_PERS,2026-06,2026-06-29,13,188,29,0.1543,179,188,5773,8506
ADT0,GSM_MOVI,2026-06,2026-06-29,14,225,26,0.1156,178,222,13837,38513
ADT1,GSM_MOVI,2026-06,2026-06-29,14,89,5,0.0562,54,88,339,709
AYS3,GSM_MOVI,2026-06,2026-06-29,14,77,8,0.1039,74,77,6141,9176
AYS3,GSM_PERS,2026-06,2026-06-29,14,772,22,0.0285,589,766,10177,15784
AYSA,GSM_PERS,2026-06,2026-06-29,14,201,33,0.1642,194,200,16879,25757
AYSA,MOVI,2026-06,2026-06-29,14,77,77,1.0000,77,77,18073,27574
AYSE,GSM_PERS,2026-06,2026-06-29,14,458,71,0.1550,401,457,11185,17747
AYSJ,GSM_MOVI,2026-06,2026-06-29,14,331,10,0.0302,262,321,929,1295
CVIA,GSM_MOVI,2026-06,2026-06-29,14,3666,459,0.1252,3198,3658,19755,25022
CVIA,GSM_PERS,2026-06,2026-06-29,14,3033,246,0.0811,2335,3031,31593,48857
DRTV,GSM_PERS,2026-06,2026-06-29,14,189,15,0.0794,170,189,6598,10871
DRTV,MOVI,2026-06,2026-06-29,14,251,19,0.0757,250,251,7823,9367
DRTW,GSM_MOVI,2026-06,2026-06-29,14,567,43,0.0758,491,567,5408,6908
DRTW,MOVI,2026-06,2026-06-29,14,260,12,0.0462,257,260,8947,11355
FIME,GSM_MOVI,2026-06,2026-06-29,14,2414,134,0.0555,2348,2414,11522,12038
MEL0,GSM_MOVI,2026-06,2026-06-29,14,1004,108,0.1076,934,1004,58422,86190
MEL0,GSM_PERS,2026-06,2026-06-29,14,217,17,0.0783,202,217,53014,84080
MEL0,MOVI,2026-06,2026-06-29,14,2886,168,0.0582,2809,2886,68363,105423
OEST,GSM_PERS,2026-06,2026-06-29,14,310,44,0.1419,279,310,5773,8506
ADT0,GSM_MOVI,2026-06,2026-06-29,15,273,30,0.1099,219,266,13837,38513
ADT1,GSM_MOVI,2026-06,2026-06-29,15,80,5,0.0625,43,73,339,709
AYS3,GSM_MOVI,2026-06,2026-06-29,15,196,25,0.1276,193,195,6141,9176
AYS3,GSM_PERS,2026-06,2026-06-29,15,1216,72,0.0592,1062,1213,10177,15784
AYSA,GSM_PERS,2026-06,2026-06-29,15,151,16,0.1060,147,151,16879,25757
AYSA,MOVI,2026-06,2026-06-29,15,69,69,1.0000,67,69,18073,27574
AYSE,GSM_PERS,2026-06,2026-06-29,15,746,113,0.1515,660,745,11185,17747
AYSJ,GSM_MOVI,2026-06,2026-06-29,15,443,14,0.0316,294,392,929,1295
CVIA,GSM_MOVI,2026-06,2026-06-29,15,2138,285,0.1333,1879,2135,19755,25022
CVIA,GSM_PERS,2026-06,2026-06-29,15,2657,220,0.0828,2174,2655,31593,48857
DRTV,GSM_PERS,2026-06,2026-06-29,15,145,13,0.0897,126,145,6598,10871
DRTV,MOVI,2026-06,2026-06-29,15,245,19,0.0776,244,245,7823,9367
DRTW,GSM_MOVI,2026-06,2026-06-29,15,926,67,0.0724,792,926,5408,6908
DRTW,MOVI,2026-06,2026-06-29,15,267,7,0.0262,267,267,8947,11355
FIME,GSM_MOVI,2026-06,2026-06-29,15,1095,50,0.0457,1058,1095,11522,12038
MEL0,GSM_MOVI,2026-06,2026-06-29,15,935,102,0.1091,848,935,58422,86190
MEL0,GSM_PERS,2026-06,2026-06-29,15,294,24,0.0816,272,294,53014,84080
MEL0,MOVI,2026-06,2026-06-29,15,2837,176,0.0620,2775,2837,68363,105423
OEST,GSM_PERS,2026-06,2026-06-29,15,238,39,0.1639,216,237,5773,8506
ADT0,GSM_MOVI,2026-06,2026-06-29,16,342,46,0.1345,267,338,13837,38513
ADT1,GSM_MOVI,2026-06,2026-06-29,16,181,6,0.0331,88,170,339,709
AYS3,GSM_MOVI,2026-06,2026-06-29,16,138,18,0.1304,133,137,6141,9176
AYS3,GSM_PERS,2026-06,2026-06-29,16,715,19,0.0266,559,705,9501,15029
AYSA,GSM_PERS,2026-06,2026-06-29,16,244,25,0.1025,238,244,16879,25757
AYSA,MOVI,2026-06,2026-06-29,16,285,64,0.2246,280,285,18073,27574
AYSE,GSM_PERS,2026-06,2026-06-29,16,471,65,0.1380,412,470,11185,17747
AYSJ,GSM_MOVI,2026-06,2026-06-29,16,718,30,0.0418,460,599,929,1295
CVIA,GSM_PERS,2026-06,2026-06-29,16,3325,272,0.0818,2809,3322,31593,48857
DRTV,GSM_PERS,2026-06,2026-06-29,16,179,14,0.0782,166,179,6598,10871
DRTV,MOVI,2026-06,2026-06-29,16,234,21,0.0897,233,234,7823,9367
DRTW,GSM_MOVI,2026-06,2026-06-29,16,999,89,0.0891,860,999,5408,6908
DRTW,MOVI,2026-06,2026-06-29,16,273,14,0.0513,272,273,8947,11355
MEL0,GSM_MOVI,2026-06,2026-06-29,16,1553,165,0.1062,1417,1553,58422,86190
MEL0,GSM_PERS,2026-06,2026-06-29,16,352,28,0.0795,337,352,53014,84080
MEL0,MOVI,2026-06,2026-06-29,16,2976,164,0.0551,2896,2976,68363,105423
OEST,GSM_PERS,2026-06,2026-06-29,16,373,64,0.1716,339,373,5773,8506
ADT0,GSM_MOVI,2026-06,2026-06-29,17,141,27,0.1915,118,139,13837,38513
ADT1,GSM_MOVI,2026-06,2026-06-29,17,90,6,0.0667,53,89,339,709
AYS3,GSM_MOVI,2026-06,2026-06-29,17,83,11,0.1325,80,83,6141,9176
AYS3,GSM_PERS,2026-06,2026-06-29,17,754,18,0.0239,622,754,9501,15029
AYSA,GSM_PERS,2026-06,2026-06-29,17,226,27,0.1195,224,226,16879,25757
AYSA,MOVI,2026-06,2026-06-29,17,262,47,0.1794,258,262,18073,27574
AYSE,GSM_PERS,2026-06,2026-06-29,17,509,77,0.1513,447,509,11185,17747
AYSJ,GSM_MOVI,2026-06,2026-06-29,17,313,14,0.0447,224,288,929,1295
CVIA,GSM_PERS,2026-06,2026-06-29,17,3638,326,0.0896,3099,3636,31593,48857
DRTV,GSM_PERS,2026-06,2026-06-29,17,210,18,0.0857,192,210,6598,10871
DRTV,MOVI,2026-06,2026-06-29,17,261,19,0.0728,260,261,7823,9367
DRTW,GSM_MOVI,2026-06,2026-06-29,17,420,32,0.0762,358,420,5408,6908
DRTW,MOVI,2026-06,2026-06-29,17,317,14,0.0442,311,317,8947,11355
MEL0,GSM_MOVI,2026-06,2026-06-29,17,635,71,0.1118,592,635,58422,86190
MEL0,GSM_PERS,2026-06,2026-06-29,17,353,23,0.0652,344,353,53014,84080
MEL0,MOVI,2026-06,2026-06-29,17,1499,101,0.0674,1481,1499,68363,105423
OEST,GSM_PERS,2026-06,2026-06-29,17,188,31,0.1649,180,188,5773,8506
OEST,Sin proveedor,2026-06,2026-06-29,17,1,1,1.0000,1,1,1,1
AYS3,GSM_PERS,2026-06,2026-06-29,18,653,18,0.0276,534,645,9501,15029
AYSA,GSM_PERS,2026-06,2026-06-29,18,262,33,0.1260,258,262,16879,25757
AYSE,GSM_PERS,2026-06,2026-06-29,18,541,71,0.1312,473,541,11185,17747
CVIA,GSM_PERS,2026-06,2026-06-29,18,3618,312,0.0862,3185,3615,31593,48857
DRTV,GSM_PERS,2026-06,2026-06-29,18,215,17,0.0791,210,215,6598,10871
DRTV,MOVI,2026-06,2026-06-29,18,414,32,0.0773,412,414,7823,9367
DRTW,MOVI,2026-06,2026-06-29,18,476,24,0.0504,472,476,8947,11355
MEL0,GSM_PERS,2026-06,2026-06-29,18,444,25,0.0563,432,444,53014,84080
OEST,GSM_PERS,2026-06,2026-06-29,18,364,53,0.1456,343,364,5773,8506
AYS3,GSM_PERS,2026-06,2026-06-29,19,844,25,0.0296,700,830,9501,15029
AYSA,GSM_PERS,2026-06,2026-06-29,19,235,21,0.0894,234,233,16879,25757
AYSE,GSM_PERS,2026-06,2026-06-29,19,659,71,0.1077,593,659,11185,17747
CVIA,GSM_PERS,2026-06,2026-06-29,19,3851,307,0.0797,3381,3848,31593,48857
DRTV,GSM_PERS,2026-06,2026-06-29,19,238,12,0.0504,223,238,6598,10871
DRTV,MOVI,2026-06,2026-06-29,19,438,35,0.0799,435,438,7823,9367
DRTW,MOVI,2026-06,2026-06-29,19,452,20,0.0442,448,452,8947,11355
MEL0,GSM_PERS,2026-06,2026-06-29,19,386,29,0.0751,373,386,53014,84080
OEST,GSM_PERS,2026-06,2026-06-29,19,218,37,0.1697,203,218,5773,8506
AYS3,GSM_PERS,2026-06,2026-06-29,20,1112,27,0.0243,864,1099,9501,15029
AYSA,GSM_PERS,2026-06,2026-06-29,20,378,38,0.1005,370,377,16879,25757
AYSE,GSM_PERS,2026-06,2026-06-29,20,414,44,0.1063,379,414,11185,17747
CVIA,GSM_PERS,2026-06,2026-06-29,20,3048,244,0.0801,2729,3048,31593,48857
DRTV,GSM_PERS,2026-06,2026-06-29,20,323,28,0.0867,303,323,6598,10871
DRTV,MOVI,2026-06,2026-06-29,20,416,37,0.0889,411,415,7823,9367
DRTW,MOVI,2026-06,2026-06-29,20,451,21,0.0466,447,451,8947,11355
MEL0,GSM_PERS,2026-06,2026-06-29,20,751,63,0.0839,712,751,53014,84080
OEST,GSM_PERS,2026-06,2026-06-29,20,192,28,0.1458,182,192,5773,8506
AYS3,GSM_PERS,2026-06,2026-06-29,21,8,0,0.0000,8,8,8911,14428
AYSA,GSM_PERS,2026-06,2026-06-29,21,6,0,0.0000,5,6,14425,23147
DRTV,GSM_PERS,2026-06,2026-06-29,21,2,0,0.0000,2,2,6598,10871
DRTV,MOVI,2026-06,2026-06-29,21,4,1,0.2500,4,4,3961,4778
DRTW,MOVI,2026-06,2026-06-29,21,3,0,0.0000,3,3,1985,2536
ADT0,GSM_MOVI,2026-06,2026-06-30,8,1335,138,0.1034,908,1284,13837,38513
AUSO,GSM_MOVI,2026-06,2026-06-30,8,597,91,0.1524,538,596,12690,16995
AUSO,GSM_PERS,2026-06,2026-06-30,8,840,53,0.0631,737,839,3705,4649
AYS3,GSM_MOVI,2026-06,2026-06-30,8,5,1,0.2000,5,5,8539,13620
AYS3,GSM_PERS,2026-06,2026-06-30,8,461,8,0.0174,338,459,9501,15029
AYSA,GSM_MOVI,2026-06,2026-06-30,8,50,16,0.3200,46,50,21631,33163
AYSA,GSM_PERS,2026-06,2026-06-30,8,258,29,0.1124,248,257,16879,25757
AYSE,GSM_MOVI,2026-06,2026-06-30,8,255,64,0.2510,220,253,11479,18051
AYSE,GSM_PERS,2026-06,2026-06-30,8,45,8,0.1778,45,45,9116,14596
CVIA,GSM_MOVI,2026-06,2026-06-30,8,341,29,0.0850,309,341,19755,25022
CVIA,GSM_PERS,2026-06,2026-06-30,8,438,39,0.0890,351,438,31593,48857
DRPW,GSM_MOVI,2026-06,2026-06-30,8,247,21,0.0850,222,247,5051,9565
DRTV,GSM_PERS,2026-06,2026-06-30,8,157,11,0.0701,145,157,6598,10871
MEL0,GSM_PERS,2026-06,2026-06-30,8,202,7,0.0347,194,202,53014,84080
OEST,GSM_MOVI,2026-06,2026-06-30,8,1078,115,0.1067,975,1077,6150,8347
ADT0,GSM_MOVI,2026-06,2026-06-30,9,796,96,0.1206,610,787,13837,38513
AUSO,GSM_MOVI,2026-06,2026-06-30,9,2468,409,0.1657,2246,2466,22545,30526
AUSO,GSM_PERS,2026-06,2026-06-30,9,832,80,0.0962,745,796,3705,4649
AYS3,GSM_MOVI,2026-06,2026-06-30,9,294,46,0.1565,282,294,14680,22796
AYS3,GSM_PERS,2026-06,2026-06-30,9,592,29,0.0490,448,568,10177,15784
AYS3,MOVI,2026-06,2026-06-30,9,51,6,0.1176,32,51,1580,2131
AYSA,GSM_MOVI,2026-06,2026-06-30,9,144,35,0.2431,128,144,21631,33163
AYSA,GSM_PERS,2026-06,2026-06-30,9,176,27,0.1534,173,173,16879,25757
AYSA,MOVI,2026-06,2026-06-30,9,208,13,0.0625,131,208,3497,4179
AYSC,MOVI,2026-06,2026-06-30,9,1281,48,0.0375,586,1262,586,1262
AYSE,GSM_PERS,2026-06,2026-06-30,9,765,125,0.1634,676,763,9116,14596
AYSE,MOVI,2026-06,2026-06-30,9,375,43,0.1147,351,375,2878,3844
CVIA,GSM_MOVI,2026-06,2026-06-30,9,3449,360,0.1044,3046,3442,19755,25022
CVIA,GSM_PERS,2026-06,2026-06-30,9,2663,226,0.0849,2114,2661,31593,48857
DRPW,GSM_MOVI,2026-06,2026-06-30,9,535,70,0.1308,492,534,5051,9565
DRTV,GSM_MOVI,2026-06,2026-06-30,9,668,49,0.0734,610,668,4109,4994
DRTV,GSM_PERS,2026-06,2026-06-30,9,81,2,0.0247,76,81,6598,10871
DRTW,GSM_PERS,2026-06,2026-06-30,9,101,8,0.0792,91,101,5285,8827
MEL0,GSM_PERS,2026-06,2026-06-30,9,140,14,0.1000,136,140,53014,84080
OEST,GSM_MOVI,2026-06,2026-06-30,9,1067,108,0.1012,977,1067,13110,17811
ADT0,GSM_MOVI,2026-06,2026-06-30,10,317,32,0.1009,260,314,15637,43251
AUSO,GSM_MOVI,2026-06,2026-06-30,10,2261,386,0.1707,2059,2260,22607,30625
AUSO,GSM_PERS,2026-06,2026-06-30,10,873,85,0.0974,751,819,3705,4649
AYS3,GSM_MOVI,2026-06,2026-06-30,10,153,37,0.2418,149,153,8539,13620
AYS3,GSM_PERS,2026-06,2026-06-30,10,719,16,0.0223,548,708,10177,15784
AYSA,GSM_PERS,2026-06,2026-06-30,10,155,30,0.1935,143,143,16879,25757
AYSE,GSM_PERS,2026-06,2026-06-30,10,289,30,0.1038,232,289,9116,14596
AYSE,MOVI,2026-06,2026-06-30,10,915,133,0.1454,813,914,2878,3844
CVIA,GSM_MOVI,2026-06,2026-06-30,10,2369,258,0.1089,2077,2369,19755,25022
CVIA,GSM_PERS,2026-06,2026-06-30,10,2853,235,0.0824,2235,2849,31593,48857
DRPW,GSM_MOVI,2026-06,2026-06-30,10,255,27,0.1059,233,255,5051,9565
DRTV,GSM_MOVI,2026-06,2026-06-30,10,743,60,0.0808,669,743,4109,4994
DRTV,GSM_PERS,2026-06,2026-06-30,10,47,3,0.0638,45,47,6598,10871
DRTW,GSM_PERS,2026-06,2026-06-30,10,147,15,0.1020,126,147,5285,8827
DRTW,MOVI,2026-06,2026-06-30,10,729,33,0.0453,718,729,6734,8512
FIME,GSM_MOVI,2026-06,2026-06-30,10,732,37,0.0505,712,731,11522,12038
MEL0,GSM_MOVI,2026-06,2026-06-30,10,145,14,0.0966,139,145,58422,86190
MEL0,GSM_PERS,2026-06,2026-06-30,10,81,5,0.0617,78,81,53014,84080
MEL0,MOVI,2026-06,2026-06-30,10,951,47,0.0494,938,951,68363,105423
OEST,GSM_MOVI,2026-06,2026-06-30,10,1095,155,0.1416,984,1095,13110,17811
ADT0,GSM_MOVI,2026-06,2026-06-30,11,180,27,0.1500,148,178,15637,43251
AUSO,GSM_MOVI,2026-06,2026-06-30,11,2368,445,0.1879,2164,2364,22511,30496
AUSO,GSM_PERS,2026-06,2026-06-30,11,816,78,0.0956,720,779,3705,4649
AYS3,GSM_MOVI,2026-06,2026-06-30,11,99,22,0.2222,96,97,8539,13620
AYS3,GSM_PERS,2026-06,2026-06-30,11,572,16,0.0280,420,556,10177,15784
AYS3,MOVI,2026-06,2026-06-30,11,422,65,0.1540,399,419,5556,6739
AYSA,GSM_PERS,2026-06,2026-06-30,11,357,55,0.1541,342,344,16879,25757
AYSE,GSM_PERS,2026-06,2026-06-30,11,305,31,0.1016,249,305,9116,14596
AYSE,MOVI,2026-06,2026-06-30,11,573,71,0.1239,532,573,2878,3844
AYSJ,GSM_MOVI,2026-06,2026-06-30,11,241,14,0.0581,187,226,929,1295
CVIA,GSM_MOVI,2026-06,2026-06-30,11,2042,247,0.1210,1812,2040,19755,25022
CVIA,GSM_PERS,2026-06,2026-06-30,11,2693,234,0.0869,2148,2693,31593,48857
DRPW,GSM_MOVI,2026-06,2026-06-30,11,230,25,0.1087,212,230,5051,9565
DRTV,GSM_MOVI,2026-06,2026-06-30,11,246,14,0.0569,224,246,4109,4994
DRTV,GSM_PERS,2026-06,2026-06-30,11,50,1,0.0200,45,50,6598,10871
DRTW,GSM_PERS,2026-06,2026-06-30,11,132,6,0.0455,118,132,5285,8827
DRTW,MOVI,2026-06,2026-06-30,11,908,27,0.0297,874,908,6734,8512
FIME,GSM_MOVI,2026-06,2026-06-30,11,1209,56,0.0463,1173,1209,11522,12038
MEL0,GSM_MOVI,2026-06,2026-06-30,11,656,64,0.0976,612,656,58422,86190
MEL0,GSM_PERS,2026-06,2026-06-30,11,127,6,0.0472,124,127,53014,84080
MEL0,MOVI,2026-06,2026-06-30,11,2436,134,0.0550,2370,2435,68363,105423
OEST,GSM_MOVI,2026-06,2026-06-30,11,706,110,0.1558,646,705,13065,17739
ADT0,GSM_MOVI,2026-06,2026-06-30,12,192,27,0.1406,147,191,15637,43251
AUSO,GSM_MOVI,2026-06,2026-06-30,12,2293,434,0.1893,2094,2291,22607,30625
AUSO,GSM_PERS,2026-06,2026-06-30,12,684,62,0.0906,618,663,3705,4649
AYS3,GSM_MOVI,2026-06,2026-06-30,12,377,83,0.2202,364,376,14680,22796
AYS3,GSM_PERS,2026-06,2026-06-30,12,837,46,0.0550,723,826,10177,15784
AYS3,MOVI,2026-06,2026-06-30,12,369,53,0.1436,348,368,5556,6739
AYSA,GSM_PERS,2026-06,2026-06-30,12,1184,149,0.1258,1134,1150,16879,25757
AYSE,GSM_PERS,2026-06,2026-06-30,12,294,37,0.1259,245,294,9116,14596
AYSE,MOVI,2026-06,2026-06-30,12,92,14,0.1522,90,92,2878,3844
AYSJ,GSM_MOVI,2026-06,2026-06-30,12,238,9,0.0378,194,230,929,1295
CVIA,GSM_MOVI,2026-06,2026-06-30,12,2026,241,0.1190,1790,2024,19755,25022
CVIA,GSM_PERS,2026-06,2026-06-30,12,1892,155,0.0819,1581,1892,31593,48857
DRPW,GSM_MOVI,2026-06,2026-06-30,12,280,36,0.1286,252,280,5051,9565
DRTV,GSM_MOVI,2026-06,2026-06-30,12,317,26,0.0820,291,317,4109,4994
DRTV,GSM_PERS,2026-06,2026-06-30,12,35,2,0.0571,33,35,6598,10871
DRTW,GSM_PERS,2026-06,2026-06-30,12,112,3,0.0268,103,112,5285,8827
DRTW,MOVI,2026-06,2026-06-30,12,833,34,0.0408,808,833,6734,8512
FIME,GSM_MOVI,2026-06,2026-06-30,12,1205,51,0.0423,1169,1205,11522,12038
MEL0,GSM_MOVI,2026-06,2026-06-30,12,559,66,0.1181,532,559,58422,86190
MEL0,GSM_PERS,2026-06,2026-06-30,12,102,3,0.0294,99,102,53014,84080
MEL0,MOVI,2026-06,2026-06-30,12,2392,147,0.0615,2350,2391,68363,105423
MEL0,Sin proveedor,2026-06,2026-06-30,12,1,0,0.0000,1,1,6,6
OEST,GSM_MOVI,2026-06,2026-06-30,12,592,95,0.1605,537,592,13079,17491
ADT0,GSM_MOVI,2026-06,2026-06-30,13,167,18,0.1078,133,166,15637,43251
ADT1,GSM_MOVI,2026-06,2026-06-30,13,59,4,0.0678,32,58,339,709
AUSO,GSM_MOVI,2026-06,2026-06-30,13,2312,412,0.1782,2140,2308,22607,30625
AUSO,GSM_PERS,2026-06,2026-06-30,13,671,63,0.0939,586,630,3705,4649
AYS3,GSM_MOVI,2026-06,2026-06-30,13,324,29,0.0895,315,323,6141,9176
AYS3,GSM_PERS,2026-06,2026-06-30,13,906,44,0.0486,784,895,10177,15784
AYS3,MOVI,2026-06,2026-06-30,13,510,6,0.0118,472,510,5556,6739
AYSA,GSM_PERS,2026-06,2026-06-30,13,279,41,0.1470,276,279,16879,25757
AYSE,GSM_PERS,2026-06,2026-06-30,13,188,21,0.1117,151,187,9116,14596
AYSJ,GSM_MOVI,2026-06,2026-06-30,13,214,5,0.0234,164,203,929,1295
CVIA,GSM_MOVI,2026-06,2026-06-30,13,1910,248,0.1298,1704,1905,19755,25022
CVIA,GSM_PERS,2026-06,2026-06-30,13,2056,209,0.1017,1714,2056,31593,48857
DRPW,GSM_MOVI,2026-06,2026-06-30,13,301,40,0.1329,280,300,5051,9565
DRTV,GSM_MOVI,2026-06,2026-06-30,13,244,29,0.1189,229,244,4109,4994
DRTV,GSM_PERS,2026-06,2026-06-30,13,813,54,0.0664,774,813,6598,10871
DRTW,GSM_PERS,2026-06,2026-06-30,13,100,9,0.0900,90,100,5285,8827
DRTW,MOVI,2026-06,2026-06-30,13,853,43,0.0504,825,853,6734,8512
FIME,GSM_MOVI,2026-06,2026-06-30,13,1278,77,0.0603,1245,1278,11522,12038
MEL0,GSM_MOVI,2026-06,2026-06-30,13,663,67,0.1011,625,663,58422,86190
MEL0,GSM_PERS,2026-06,2026-06-30,13,94,5,0.0532,93,94,53014,84080
MEL0,MOVI,2026-06,2026-06-30,13,2423,132,0.0545,2377,2423,68363,105423
OEST,GSM_MOVI,2026-06,2026-06-30,13,669,127,0.1898,631,669,13110,17811
ADT0,GSM_MOVI,2026-06,2026-06-30,14,147,17,0.1156,121,145,15637,43251
ADT1,GSM_MOVI,2026-06,2026-06-30,14,56,3,0.0536,34,55,339,709
AUSO,GSM_MOVI,2026-06,2026-06-30,14,2412,455,0.1886,2251,2411,22607,30625
AUSO,GSM_PERS,2026-06,2026-06-30,14,604,52,0.0861,549,576,3705,4649
AYS3,GSM_MOVI,2026-06,2026-06-30,14,288,37,0.1285,281,286,6141,9176
AYS3,GSM_PERS,2026-06,2026-06-30,14,672,40,0.0595,583,660,10177,15784
AYS3,MOVI,2026-06,2026-06-30,14,422,3,0.0071,392,422,5556,6739
AYSA,GSM_PERS,2026-06,2026-06-30,14,417,70,0.1679,405,410,16879,25757
AYSE,GSM_PERS,2026-06,2026-06-30,14,275,30,0.1091,231,275,9116,14596
AYSJ,GSM_MOVI,2026-06,2026-06-30,14,257,9,0.0350,189,232,929,1295
CVIA,GSM_MOVI,2026-06,2026-06-30,14,2124,284,0.1337,1893,2122,19755,25022
CVIA,GSM_PERS,2026-06,2026-06-30,14,1900,185,0.0974,1615,1900,31593,48857
DRPW,GSM_MOVI,2026-06,2026-06-30,14,317,34,0.1073,301,316,5051,9565
DRTV,GSM_MOVI,2026-06,2026-06-30,14,344,31,0.0901,309,344,4109,4994
DRTV,GSM_PERS,2026-06,2026-06-30,14,1011,91,0.0900,935,1011,6598,10871
DRTW,GSM_PERS,2026-06,2026-06-30,14,122,9,0.0738,101,122,5285,8827
DRTW,MOVI,2026-06,2026-06-30,14,886,37,0.0418,859,886,6734,8512
FIME,GSM_MOVI,2026-06,2026-06-30,14,1155,52,0.0450,1130,1154,11522,12038
MEL0,GSM_MOVI,2026-06,2026-06-30,14,624,79,0.1266,604,624,58422,86190
MEL0,GSM_PERS,2026-06,2026-06-30,14,109,6,0.0550,107,109,53014,84080
MEL0,MOVI,2026-06,2026-06-30,14,2391,132,0.0552,2347,2391,68363,105423
OEST,GSM_MOVI,2026-06,2026-06-30,14,715,133,0.1860,653,715,13110,17811
ADT0,GSM_MOVI,2026-06,2026-06-30,15,275,42,0.1527,222,273,15637,43251
ADT1,GSM_MOVI,2026-06,2026-06-30,15,98,3,0.0306,57,94,339,709
AUSO,GSM_MOVI,2026-06,2026-06-30,15,951,152,0.1598,864,951,22607,30625
AUSO,GSM_PERS,2026-06,2026-06-30,15,847,80,0.0945,755,796,3705,4649
AYS3,GSM_PERS,2026-06,2026-06-30,15,709,22,0.0310,555,691,9501,15029
AYS3,MOVI,2026-06,2026-06-30,15,69,1,0.0145,67,69,5556,6739
AYSA,GSM_PERS,2026-06,2026-06-30,15,225,32,0.1422,222,225,16879,25757
AYSE,GSM_PERS,2026-06,2026-06-30,15,296,30,0.1014,244,296,9116,14596
AYSJ,GSM_MOVI,2026-06,2026-06-30,15,384,16,0.0417,284,364,929,1295
CVIA,GSM_MOVI,2026-06,2026-06-30,15,3062,366,0.1195,2643,3050,19755,25022
CVIA,GSM_PERS,2026-06,2026-06-30,15,2799,241,0.0861,2324,2798,31593,48857
DRPW,GSM_MOVI,2026-06,2026-06-30,15,29,5,0.1724,29,29,5051,9565
DRTV,GSM_MOVI,2026-06,2026-06-30,15,439,32,0.0729,402,439,4109,4994
DRTV,GSM_PERS,2026-06,2026-06-30,15,98,9,0.0918,96,98,6598,10871
DRTW,GSM_PERS,2026-06,2026-06-30,15,158,8,0.0506,146,158,5285,8827
DRTW,MOVI,2026-06,2026-06-30,15,686,35,0.0510,674,686,6734,8512
FIME,GSM_MOVI,2026-06,2026-06-30,15,2128,107,0.0503,2071,2127,11522,12038
MEL0,GSM_MOVI,2026-06,2026-06-30,15,987,96,0.0973,899,987,58422,86190
MEL0,GSM_PERS,2026-06,2026-06-30,15,90,5,0.0556,88,90,53014,84080
MEL0,MOVI,2026-06,2026-06-30,15,2692,147,0.0546,2628,2692,68363,105423
OEST,GSM_MOVI,2026-06,2026-06-30,15,1575,270,0.1714,1411,1571,13110,17811
ADT0,GSM_MOVI,2026-06,2026-06-30,16,226,30,0.1327,196,226,15637,43251
ADT1,GSM_MOVI,2026-06,2026-06-30,16,72,2,0.0278,44,69,339,709
AUSO,GSM_MOVI,2026-06,2026-06-30,16,745,135,0.1812,697,744,9854,13548
AUSO,GSM_PERS,2026-06,2026-06-30,16,922,86,0.0933,814,869,3705,4649
AYS3,GSM_PERS,2026-06,2026-06-30,16,715,29,0.0406,554,708,9501,15029
AYSA,GSM_PERS,2026-06,2026-06-30,16,167,23,0.1377,162,167,16879,25757
AYSE,GSM_PERS,2026-06,2026-06-30,16,326,42,0.1288,263,325,9116,14596
AYSJ,GSM_MOVI,2026-06,2026-06-30,16,423,21,0.0496,331,400,929,1295
CVIA,GSM_MOVI,2026-06,2026-06-30,16,3503,423,0.1208,3132,3497,19755,25022
CVIA,GSM_PERS,2026-06,2026-06-30,16,2848,230,0.0808,2310,2846,31593,48857
DRTV,GSM_MOVI,2026-06,2026-06-30,16,562,48,0.0854,518,562,4109,4994
DRTW,GSM_PERS,2026-06,2026-06-30,16,143,6,0.0420,120,143,5285,8827
FIME,GSM_MOVI,2026-06,2026-06-30,16,2232,117,0.0524,2172,2232,11522,12038
MEL0,GSM_MOVI,2026-06,2026-06-30,16,1216,137,0.1127,1157,1216,58422,86190
MEL0,GSM_PERS,2026-06,2026-06-30,16,116,8,0.0690,112,116,53014,84080
MEL0,MOVI,2026-06,2026-06-30,16,6707,388,0.0579,6364,6702,68363,105423
OEST,GSM_MOVI,2026-06,2026-06-30,16,1261,215,0.1705,1163,1260,13110,17811
ADT0,GSM_MOVI,2026-06,2026-06-30,17,148,15,0.1014,126,145,15637,43251
ADT1,GSM_MOVI,2026-06,2026-06-30,17,182,12,0.0659,111,179,339,709
AUSO,GSM_MOVI,2026-06,2026-06-30,17,813,70,0.0861,472,813,32550,48369
AUSO,GSM_PERS,2026-06,2026-06-30,17,241,23,0.0954,232,239,3665,4596
AYS3,GSM_PERS,2026-06,2026-06-30,17,828,28,0.0338,652,814,9501,15029
AYSA,GSM_PERS,2026-06,2026-06-30,17,215,30,0.1395,212,215,16879,25757
AYSE,GSM_MOVI,2026-06,2026-06-30,17,1138,99,0.0870,813,1136,10497,16584
AYSE,GSM_PERS,2026-06,2026-06-30,17,307,29,0.0945,262,307,9116,14596
AYSJ,GSM_MOVI,2026-06,2026-06-30,17,488,16,0.0328,361,455,929,1295
CVIA,GSM_MOVI,2026-06,2026-06-30,17,3097,381,0.1230,2773,3092,19755,25022
CVIA,GSM_PERS,2026-06,2026-06-30,17,3026,270,0.0892,2411,3023,31593,48857
DRTV,GSM_MOVI,2026-06,2026-06-30,17,242,18,0.0744,224,242,4109,4994
DRTW,GSM_PERS,2026-06,2026-06-30,17,169,8,0.0473,153,169,5285,8827
FIME,GSM_MOVI,2026-06,2026-06-30,17,1841,120,0.0652,1798,1840,11522,12038
MEL0,GSM_MOVI,2026-06,2026-06-30,17,589,66,0.1121,567,589,58422,86190
MEL0,GSM_PERS,2026-06,2026-06-30,17,437,38,0.0870,418,437,53014,84080
MEL0,MOVI,2026-06,2026-06-30,17,330,16,0.0485,326,330,68363,105423
OEST,GSM_MOVI,2026-06,2026-06-30,17,1661,207,0.1246,1342,1660,27526,37753
ADT0,GSM_MOVI,2026-06,2026-06-30,18,383,45,0.1175,329,379,15637,43251
ADT1,GSM_MOVI,2026-06,2026-06-30,18,17,0,0.0000,16,17,339,709
AUSO,GSM_MOVI,2026-06,2026-06-30,18,1675,161,0.0961,899,1671,40727,59351
AYS3,GSM_PERS,2026-06,2026-06-30,18,1728,55,0.0318,1355,1670,9501,15029
AYSA,GSM_PERS,2026-06,2026-06-30,18,699,110,0.1574,682,699,16879,25757
AYSE,GSM_MOVI,2026-06,2026-06-30,18,2531,242,0.0956,1721,2524,10497,16584
AYSE,GSM_PERS,2026-06,2026-06-30,18,182,21,0.1154,162,182,9116,14596
AYSJ,GSM_MOVI,2026-06,2026-06-30,18,161,9,0.0559,140,161,929,1295
CVIA,GSM_MOVI,2026-06,2026-06-30,18,295,42,0.1424,282,295,19755,25022
CVIA,GSM_PERS,2026-06,2026-06-30,18,2077,171,0.0823,1850,2076,31593,48857
DRTV,GSM_MOVI,2026-06,2026-06-30,18,677,53,0.0783,614,677,4109,4994
DRTW,GSM_PERS,2026-06,2026-06-30,18,162,13,0.0802,153,162,5285,8827
FIME,GSM_MOVI,2026-06,2026-06-30,18,276,20,0.0725,275,276,11522,12038
MEL0,GSM_MOVI,2026-06,2026-06-30,18,1169,107,0.0915,1107,1169,58422,86190
MEL0,GSM_PERS,2026-06,2026-06-30,18,772,62,0.0803,748,772,53014,84080
OEST,GSM_MOVI,2026-06,2026-06-30,18,1620,160,0.0988,784,1620,28668,39521
ADT0,GSM_MOVI,2026-06,2026-06-30,19,196,23,0.1173,162,194,15637,43251
AUSO,GSM_MOVI,2026-06,2026-06-30,19,3472,259,0.0746,1601,3430,41623,60634
AYS3,GSM_PERS,2026-06,2026-06-30,19,1433,55,0.0384,1141,1366,9501,15029
AYSA,GSM_PERS,2026-06,2026-06-30,19,676,107,0.1583,661,672,16879,25757
AYSE,GSM_MOVI,2026-06,2026-06-30,19,2116,166,0.0784,1404,2110,10497,16584
AYSE,GSM_PERS,2026-06,2026-06-30,19,404,40,0.0990,348,404,9116,14596
AYSJ,GSM_MOVI,2026-06,2026-06-30,19,198,5,0.0253,171,198,929,1295
CVIA,GSM_PERS,2026-06,2026-06-30,19,2313,173,0.0748,2000,2313,31593,48857
DRTV,GSM_MOVI,2026-06,2026-06-30,19,284,23,0.0810,262,284,4109,4994
DRTW,GSM_PERS,2026-06,2026-06-30,19,195,14,0.0718,177,195,5285,8827
MEL0,GSM_MOVI,2026-06,2026-06-30,19,541,61,0.1128,523,541,58422,86190
MEL0,GSM_PERS,2026-06,2026-06-30,19,297,16,0.0539,291,297,53014,84080
OEST,GSM_MOVI,2026-06,2026-06-30,19,3421,197,0.0576,1417,3419,28801,39717
AUSO,GSM_MOVI,2026-06,2026-06-30,20,1627,205,0.1260,1197,1620,38226,56037
AYS3,GSM_PERS,2026-06,2026-06-30,20,1580,58,0.0367,1314,1526,9501,15029
AYSA,GSM_PERS,2026-06,2026-06-30,20,481,68,0.1414,479,479,16879,25757
AYSE,GSM_PERS,2026-06,2026-06-30,20,584,54,0.0925,515,583,9116,14596
CVIA,GSM_PERS,2026-06,2026-06-30,20,3064,255,0.0832,2742,3061,31593,48857
DRTW,GSM_PERS,2026-06,2026-06-30,20,229,15,0.0655,215,229,5285,8827
MEL0,GSM_PERS,2026-06,2026-06-30,20,434,37,0.0853,424,434,53014,84080
OEST,GSM_MOVI,2026-06,2026-06-30,20,1679,154,0.0917,1099,1678,28551,39439
AYS3,GSM_PERS,2026-06,2026-06-30,21,8,0,0.0000,7,8,8911,14428
CVIA,GSM_PERS,2026-06,2026-06-30,21,6,0,0.0000,5,6,31593,48857
ADT0,GSM_MOVI,2026-07,2026-07-01,8,1626,153,0.0941,1122,1579,2153,3331
AUSO,GSM_MOVI,2026-07,2026-07-01,8,663,111,0.1674,556,663,2709,3470
AYS3,GSM_PERS,2026-07,2026-07-01,8,593,11,0.0185,511,584,8823,13360
AYSA,GSM_PERS,2026-07,2026-07-01,8,116,15,0.1293,115,116,4908,5181
AYSE,GSM_MOVI,2026-07,2026-07-01,8,247,55,0.2227,212,245,2420,3608
AYSE,GSM_PERS,2026-07,2026-07-01,8,398,51,0.1281,363,398,4118,5628
CVIA,GSM_MOVI,2026-07,2026-07-01,8,353,34,0.0963,315,353,34370,56418
CVIA,GSM_PERS,2026-07,2026-07-01,8,1141,76,0.0666,1020,1138,32082,48835
DRPW,GSM_MOVI,2026-07,2026-07-01,8,1045,100,0.0957,930,1044,1855,2214
DRTW,GSM_PERS,2026-07,2026-07-01,8,98,7,0.0714,89,98,3524,4510
MEL0,GSM_PERS,2026-07,2026-07-01,8,200,11,0.0550,193,200,7781,8871
OEST,GSM_PERS,2026-07,2026-07-01,8,127,15,0.1181,123,127,2642,3091
ADT0,GSM_MOVI,2026-07,2026-07-01,9,347,36,0.1037,287,338,2153,3331
AUSO,GSM_MOVI,2026-07,2026-07-01,9,1156,210,0.1817,1007,1153,2709,3470
AYS3,GSM_MOVI,2026-07,2026-07-01,9,630,103,0.1635,612,627,5441,8091
AYS3,GSM_PERS,2026-07,2026-07-01,9,1445,48,0.0332,1161,1385,9253,13813
AYS3,MOVI,2026-07,2026-07-01,9,51,2,0.0392,32,51,39,69
AYSA,GSM_PERS,2026-07,2026-07-01,9,167,16,0.0958,165,167,4908,5181
AYSA,MOVI,2026-07,2026-07-01,9,562,41,0.0730,481,562,5376,6829
AYSC,MOVI,2026-07,2026-07-01,9,1281,45,0.0351,586,1262,587,1263
AYSE,GSM_PERS,2026-07,2026-07-01,9,966,135,0.1398,871,954,4118,5628
CVIA,GSM_MOVI,2026-07,2026-07-01,9,4191,410,0.0978,3712,4180,34370,56418
CVIA,GSM_PERS,2026-07,2026-07-01,9,2279,194,0.0851,1919,2262,32082,48835
DRPW,GSM_MOVI,2026-07,2026-07-01,9,1148,120,0.1045,995,1145,1855,2214
DRTV,GSM_PERS,2026-07,2026-07-01,9,79,2,0.0253,74,79,3966,4772
DRTW,GSM_MOVI,2026-07,2026-07-01,9,726,42,0.0579,646,726,3017,3779
DRTW,GSM_PERS,2026-07,2026-07-01,9,86,1,0.0116,82,86,3524,4510
MEL0,GSM_PERS,2026-07,2026-07-01,9,350,20,0.0571,344,349,7781,8871
OEST,GSM_MOVI,2026-07,2026-07-01,9,1663,330,0.1984,1484,1656,4477,5607
OEST,GSM_PERS,2026-07,2026-07-01,9,113,18,0.1593,106,113,2642,3091
ADT0,GSM_MOVI,2026-07,2026-07-01,10,209,34,0.1627,152,204,2153,3331
AUSO,GSM_MOVI,2026-07,2026-07-01,10,1063,226,0.2126,945,1061,2709,3470
AYS3,GSM_MOVI,2026-07,2026-07-01,10,248,42,0.1694,236,246,5441,8091
AYS3,GSM_PERS,2026-07,2026-07-01,10,1452,61,0.0420,1225,1410,9253,13813
AYSA,GSM_PERS,2026-07,2026-07-01,10,144,16,0.1111,139,141,4908,5181
AYSA,MOVI,2026-07,2026-07-01,10,406,41,0.1010,396,406,5376,6829
AYSE,GSM_PERS,2026-07,2026-07-01,10,711,69,0.0970,618,702,4118,5628
CVIA,GSM_MOVI,2026-07,2026-07-01,10,3119,348,0.1116,2783,3114,34370,56418
CVIA,GSM_PERS,2026-07,2026-07-01,10,1956,185,0.0946,1663,1949,32082,48835
DRTV,GSM_PERS,2026-07,2026-07-01,10,127,9,0.0709,117,127,3966,4772
DRTV,MOVI,2026-07,2026-07-01,10,736,55,0.0747,723,736,5861,6925
DRTW,GSM_MOVI,2026-07,2026-07-01,10,1774,102,0.0575,1542,1774,3017,3779
DRTW,GSM_PERS,2026-07,2026-07-01,10,367,21,0.0572,333,367,3524,4510
DRTW,MOVI,2026-07,2026-07-01,10,799,39,0.0488,772,799,6269,7835
FIME,GSM_MOVI,2026-07,2026-07-01,10,1384,48,0.0347,1345,1384,11521,12140
MEL0,GSM_MOVI,2026-07,2026-07-01,10,428,31,0.0724,415,428,18448,23791
MEL0,GSM_PERS,2026-07,2026-07-01,10,300,20,0.0667,296,300,7781,8871
MEL0,MOVI,2026-07,2026-07-01,10,1365,72,0.0527,1336,1365,49193,67874
OEST,GSM_MOVI,2026-07,2026-07-01,10,575,116,0.2017,552,575,4477,5607
OEST,GSM_PERS,2026-07,2026-07-01,10,172,26,0.1512,164,172,2642,3091
ADT0,GSM_MOVI,2026-07,2026-07-01,11,531,79,0.1488,424,522,2153,3331
AUSO,GSM_MOVI,2026-07,2026-07-01,11,309,60,0.1942,283,309,2709,3470
AYS3,GSM_PERS,2026-07,2026-07-01,11,1063,46,0.0433,924,1052,9253,13813
AYSA,GSM_PERS,2026-07,2026-07-01,11,185,24,0.1297,181,184,4908,5181
AYSA,MOVI,2026-07,2026-07-01,11,404,48,0.1188,397,404,5376,6829
AYSE,GSM_PERS,2026-07,2026-07-01,11,205,27,0.1317,173,205,4118,5628
CVIA,GSM_MOVI,2026-07,2026-07-01,11,3118,373,0.1196,2692,3110,34370,56418
CVIA,GSM_PERS,2026-07,2026-07-01,11,2021,180,0.0891,1646,2006,32082,48835
DRTV,GSM_PERS,2026-07,2026-07-01,11,56,3,0.0536,52,56,3966,4772
DRTV,MOVI,2026-07,2026-07-01,11,803,54,0.0672,794,803,5861,6925
DRTV,Sin proveedor,2026-07,2026-07-01,11,1,1,1.0000,1,1,2,2
DRTW,GSM_MOVI,2026-07,2026-07-01,11,883,64,0.0725,785,883,3017,3779
DRTW,GSM_PERS,2026-07,2026-07-01,11,561,34,0.0606,500,561,3524,4510
DRTW,MOVI,2026-07,2026-07-01,11,840,35,0.0417,822,840,6269,7835
FIME,GSM_MOVI,2026-07,2026-07-01,11,1861,76,0.0408,1807,1861,11521,12140
MEL0,GSM_MOVI,2026-07,2026-07-01,11,1837,149,0.0811,1589,1837,18448,23791
MEL0,GSM_PERS,2026-07,2026-07-01,11,998,70,0.0701,925,997,7781,8871
MEL0,MOVI,2026-07,2026-07-01,11,3010,182,0.0605,2948,3009,49193,67874
OEST,GSM_PERS,2026-07,2026-07-01,11,93,16,0.1720,88,93,2642,3091
ADT0,GSM_MOVI,2026-07,2026-07-01,12,748,99,0.1324,571,734,2153,3331
AYS3,GSM_MOVI,2026-07,2026-07-01,12,33,3,0.0909,32,32,3067,3947
AYS3,GSM_PERS,2026-07,2026-07-01,12,537,14,0.0261,428,531,8823,13360
AYSA,GSM_PERS,2026-07,2026-07-01,12,506,51,0.1008,489,496,4908,5181
AYSA,MOVI,2026-07,2026-07-01,12,394,54,0.1371,389,394,5376,6829
AYSE,GSM_PERS,2026-07,2026-07-01,12,229,16,0.0699,173,229,4118,5628
CVIA,GSM_MOVI,2026-07,2026-07-01,12,2831,340,0.1201,2476,2825,34370,56418
CVIA,GSM_PERS,2026-07,2026-07-01,12,2119,172,0.0812,1777,2113,32082,48835
DRTV,GSM_PERS,2026-07,2026-07-01,12,109,2,0.0183,103,109,3966,4772
DRTV,MOVI,2026-07,2026-07-01,12,773,71,0.0918,756,773,5861,6925
DRTW,GSM_PERS,2026-07,2026-07-01,12,599,32,0.0534,543,599,3524,4510
DRTW,MOVI,2026-07,2026-07-01,12,866,39,0.0450,838,866,6269,7835
FIME,GSM_MOVI,2026-07,2026-07-01,12,1966,111,0.0565,1911,1966,11521,12140
MEL0,GSM_MOVI,2026-07,2026-07-01,12,3332,365,0.1095,3057,3329,18448,23791
MEL0,GSM_PERS,2026-07,2026-07-01,12,1026,72,0.0702,924,1025,7781,8871
MEL0,MOVI,2026-07,2026-07-01,12,2934,181,0.0617,2870,2934,49193,67874
OEST,GSM_PERS,2026-07,2026-07-01,12,93,6,0.0645,87,93,2642,3091
ADT1,GSM_MOVI,2026-07,2026-07-01,13,149,12,0.0805,94,149,322,711
AYS3,GSM_MOVI,2026-07,2026-07-01,13,140,13,0.0929,133,140,3067,3947
AYS3,GSM_PERS,2026-07,2026-07-01,13,526,21,0.0399,413,513,8823,13360
AYSA,GSM_PERS,2026-07,2026-07-01,13,727,88,0.1210,700,710,4908,5181
AYSA,MOVI,2026-07,2026-07-01,13,485,54,0.1113,474,485,5376,6829
AYSE,GSM_PERS,2026-07,2026-07-01,13,270,29,0.1074,222,268,4118,5628
CVIA,GSM_MOVI,2026-07,2026-07-01,13,3823,450,0.1177,3324,3815,34370,56418
CVIA,GSM_PERS,2026-07,2026-07-01,13,2036,212,0.1041,1686,2020,32082,48835
DRTV,GSM_PERS,2026-07,2026-07-01,13,130,8,0.0615,120,130,3966,4772
DRTV,MOVI,2026-07,2026-07-01,13,797,61,0.0765,781,797,5861,6925
DRTW,GSM_PERS,2026-07,2026-07-01,13,576,36,0.0625,535,576,3524,4510
DRTW,MOVI,2026-07,2026-07-01,13,879,37,0.0421,854,879,6269,7835
FIME,GSM_MOVI,2026-07,2026-07-01,13,2517,126,0.0501,2437,2516,11521,12140
MEL0,GSM_MOVI,2026-07,2026-07-01,13,1770,150,0.0847,1518,1770,18448,23791
MEL0,GSM_PERS,2026-07,2026-07-01,13,916,64,0.0699,848,916,7781,8871
MEL0,MOVI,2026-07,2026-07-01,13,2923,185,0.0633,2841,2923,49193,67874
OEST,GSM_PERS,2026-07,2026-07-01,13,89,19,0.2135,78,88,2642,3091
ADT1,GSM_MOVI,2026-07,2026-07-01,14,329,31,0.0942,145,264,322,711
AYS3,GSM_MOVI,2026-07,2026-07-01,14,98,14,0.1429,94,98,3067,3947
AYS3,GSM_PERS,2026-07,2026-07-01,14,684,18,0.0263,512,665,8823,13360
AYSA,GSM_PERS,2026-07,2026-07-01,14,609,78,0.1281,584,593,4908,5181
AYSA,MOVI,2026-07,2026-07-01,14,459,53,0.1155,455,459,5376,6829
AYSE,GSM_PERS,2026-07,2026-07-01,14,169,24,0.1420,137,169,4118,5628
CVIA,GSM_MOVI,2026-07,2026-07-01,14,3805,441,0.1159,3264,3789,34370,56418
CVIA,GSM_PERS,2026-07,2026-07-01,14,2671,252,0.0943,2138,2647,32082,48835
DRTV,GSM_PERS,2026-07,2026-07-01,14,129,7,0.0543,116,129,3966,4772
DRTV,MOVI,2026-07,2026-07-01,14,749,64,0.0854,735,748,5861,6925
DRTW,GSM_PERS,2026-07,2026-07-01,14,267,18,0.0674,249,267,3524,4510
DRTW,MOVI,2026-07,2026-07-01,14,892,35,0.0392,870,892,6269,7835
FIME,GSM_MOVI,2026-07,2026-07-01,14,2555,124,0.0485,2474,2555,11521,12140
MEL0,GSM_MOVI,2026-07,2026-07-01,14,1694,147,0.0868,1477,1694,18448,23791
MEL0,GSM_PERS,2026-07,2026-07-01,14,615,39,0.0634,575,615,7781,8871
MEL0,MOVI,2026-07,2026-07-01,14,2959,185,0.0625,2885,2959,49193,67874
OEST,GSM_PERS,2026-07,2026-07-01,14,100,19,0.1900,93,100,2642,3091
ADT1,GSM_MOVI,2026-07,2026-07-01,15,860,69,0.0802,283,569,322,711
AYS3,GSM_MOVI,2026-07,2026-07-01,15,349,36,0.1032,341,349,3067,3947
AYS3,GSM_PERS,2026-07,2026-07-01,15,1285,42,0.0327,1009,1271,8823,13360
AYSA,GSM_PERS,2026-07,2026-07-01,15,390,44,0.1128,374,388,4908,5181
AYSA,MOVI,2026-07,2026-07-01,15,402,51,0.1269,396,401,5376,6829
AYSE,GSM_PERS,2026-07,2026-07-01,15,180,22,0.1222,148,180,4118,5628
CVIA,GSM_MOVI,2026-07,2026-07-01,15,2831,340,0.1201,2461,2827,34370,56418
CVIA,GSM_PERS,2026-07,2026-07-01,15,2845,265,0.0931,2204,2798,32082,48835
DRTV,GSM_PERS,2026-07,2026-07-01,15,200,11,0.0550,181,200,3966,4772
DRTV,MOVI,2026-07,2026-07-01,15,840,50,0.0595,825,840,5861,6925
DRTW,MOVI,2026-07,2026-07-01,15,837,28,0.0335,816,837,6269,7835
DRTW,Sin proveedor,2026-07,2026-07-01,15,1,0,0.0000,1,1,1,1
FIME,GSM_MOVI,2026-07,2026-07-01,15,1773,99,0.0558,1723,1770,11521,12140
MEL0,GSM_MOVI,2026-07,2026-07-01,15,2452,202,0.0824,2125,2452,18448,23791
MEL0,GSM_PERS,2026-07,2026-07-01,15,287,28,0.0976,268,287,7781,8871
MEL0,MOVI,2026-07,2026-07-01,15,2808,169,0.0602,2722,2808,49193,67874
OEST,GSM_PERS,2026-07,2026-07-01,15,104,20,0.1923,92,104,2642,3091
AYS3,GSM_PERS,2026-07,2026-07-01,16,2191,91,0.0415,1735,2093,8823,13360
AYSA,GSM_PERS,2026-07,2026-07-01,16,723,102,0.1411,711,716,4908,5181
AYSA,MOVI,2026-07,2026-07-01,16,379,26,0.0686,376,379,5376,6829
AYSE,GSM_PERS,2026-07,2026-07-01,16,209,27,0.1292,190,209,4118,5628
CVIA,GSM_PERS,2026-07,2026-07-01,16,2424,220,0.0908,2139,2413,32082,48835
DRTV,GSM_PERS,2026-07,2026-07-01,16,200,15,0.0750,186,200,3966,4772
DRTV,MOVI,2026-07,2026-07-01,16,767,63,0.0821,753,767,5861,6925
DRTW,MOVI,2026-07,2026-07-01,16,800,32,0.0400,783,800,6269,7835
MEL0,GSM_MOVI,2026-07,2026-07-01,16,2873,257,0.0895,2454,2873,18448,23791
MEL0,GSM_PERS,2026-07,2026-07-01,16,195,15,0.0769,189,195,7781,8871
MEL0,MOVI,2026-07,2026-07-01,16,2710,160,0.0590,2641,2710,49193,67874
OEST,GSM_PERS,2026-07,2026-07-01,16,78,14,0.1795,77,78,2642,3091
AYS3,GSM_PERS,2026-07,2026-07-01,17,2306,75,0.0325,1914,2205,8823,13360
AYSA,GSM_PERS,2026-07,2026-07-01,17,776,125,0.1611,759,773,4908,5181
AYSA,MOVI,2026-07,2026-07-01,17,324,47,0.1451,322,324,5376,6829
AYSE,GSM_PERS,2026-07,2026-07-01,17,206,33,0.1602,190,206,4118,5628
CVIA,GSM_PERS,2026-07,2026-07-01,17,2534,206,0.0813,2293,2501,32082,48835
DRTV,GSM_PERS,2026-07,2026-07-01,17,160,11,0.0688,147,160,3966,4772
DRTV,MOVI,2026-07,2026-07-01,17,777,55,0.0708,762,777,5861,6925
DRTW,MOVI,2026-07,2026-07-01,17,829,34,0.0410,807,829,6269,7835
MEL0,GSM_PERS,2026-07,2026-07-01,17,180,13,0.0722,174,180,7781,8871
MEL0,MOVI,2026-07,2026-07-01,17,2831,203,0.0717,2758,2830,49193,67874
OEST,GSM_PERS,2026-07,2026-07-01,17,149,21,0.1409,141,149,2642,3091
AYS3,GSM_PERS,2026-07,2026-07-01,18,2327,68,0.0292,1910,2232,8266,12797
AYSA,GSM_PERS,2026-07,2026-07-01,18,126,12,0.0952,126,126,4908,5181
AYSE,GSM_PERS,2026-07,2026-07-01,18,749,114,0.1522,699,745,4118,5628
CVIA,GSM_PERS,2026-07,2026-07-01,18,2657,224,0.0843,2357,2622,32082,48835
DRTV,GSM_PERS,2026-07,2026-07-01,18,217,6,0.0276,211,217,3966,4772
DRTV,MOVI,2026-07,2026-07-01,18,640,51,0.0797,622,640,5861,6925
DRTW,MOVI,2026-07,2026-07-01,18,677,26,0.0384,653,677,6269,7835
MEL0,GSM_PERS,2026-07,2026-07-01,18,204,15,0.0735,201,204,7781,8871
MEL0,MOVI,2026-07,2026-07-01,18,3587,220,0.0613,3463,3587,49193,67874
OEST,GSM_PERS,2026-07,2026-07-01,18,128,20,0.1563,118,128,2642,3091
AYS3,GSM_PERS,2026-07,2026-07-01,19,1113,35,0.0314,956,1084,8266,12797
AYSA,GSM_PERS,2026-07,2026-07-01,19,597,61,0.1022,589,597,4908,5181
AYSE,GSM_PERS,2026-07,2026-07-01,19,241,30,0.1245,213,241,4118,5628
CVIA,GSM_PERS,2026-07,2026-07-01,19,2850,242,0.0849,2539,2811,32082,48835
DRTV,GSM_PERS,2026-07,2026-07-01,19,207,17,0.0821,197,207,3966,4772
MEL0,GSM_PERS,2026-07,2026-07-01,19,259,27,0.1042,249,259,7781,8871
MEL0,MOVI,2026-07,2026-07-01,19,3667,224,0.0611,3526,3667,49193,67874
OEST,GSM_PERS,2026-07,2026-07-01,19,1124,191,0.1699,1024,1120,2642,3091
AYS3,GSM_PERS,2026-07,2026-07-01,20,725,17,0.0234,640,719,8266,12797
AYSA,GSM_PERS,2026-07,2026-07-01,20,830,93,0.1120,821,827,4908,5181
AYSE,GSM_PERS,2026-07,2026-07-01,20,640,84,0.1313,558,640,4118,5628
CVIA,GSM_PERS,2026-07,2026-07-01,20,3069,267,0.0870,2728,3039,32082,48835
DRTV,GSM_PERS,2026-07,2026-07-01,20,217,17,0.0783,203,217,3966,4772
MEL0,GSM_PERS,2026-07,2026-07-01,20,237,22,0.0928,232,237,7781,8871
MEL0,MOVI,2026-07,2026-07-01,20,3606,237,0.0657,3498,3606,49193,67874
OEST,GSM_PERS,2026-07,2026-07-01,20,737,132,0.1791,689,736,2642,3091
AYSA,GSM_PERS,2026-07,2026-07-01,21,1,0,0.0000,1,1,2716,2855
AYSE,GSM_PERS,2026-07,2026-07-01,21,4,0,0.0000,4,4,2709,4089
CVIA,GSM_PERS,2026-07,2026-07-01,21,2,0,0.0000,2,2,11449,17434
MEL0,MOVI,2026-07,2026-07-01,21,7604,516,0.0679,7262,7604,49193,67874
ADT1,GSM_MOVI,2026-07,2026-07-02,8,573,19,0.0332,299,570,322,711
AUSO,GSM_MOVI,2026-07,2026-07-02,8,698,64,0.0917,625,698,10363,12820
AYS3,GSM_PERS,2026-07,2026-07-02,8,229,5,0.0218,209,229,8266,12797
AYSA,GSM_PERS,2026-07,2026-07-02,8,326,28,0.0859,323,326,4908,5181
AYSE,GSM_MOVI,2026-07,2026-07-02,8,177,37,0.2090,152,177,2420,3608
AYSE,GSM_PERS,2026-07,2026-07-02,8,712,69,0.0969,642,712,4118,5628
CVIA,GSM_MOVI,2026-07,2026-07-02,8,420,32,0.0762,354,420,34370,56418
CVIA,GSM_PERS,2026-07,2026-07-02,8,1119,84,0.0751,995,1111,32082,48835
DRPW,GSM_MOVI,2026-07,2026-07-02,8,241,17,0.0705,223,241,1855,2214
DRTV,GSM_PERS,2026-07,2026-07-02,8,67,3,0.0448,67,67,3966,4772
MEL0,GSM_PERS,2026-07,2026-07-02,8,111,6,0.0541,109,111,7781,8871
OEST,GSM_MOVI,2026-07,2026-07-02,8,1316,155,0.1178,1187,1315,5905,7343
AUSO,GSM_MOVI,2026-07,2026-07-02,9,2572,281,0.1093,2320,2568,10363,12820
AYS3,GSM_MOVI,2026-07,2026-07-02,9,631,101,0.1601,606,631,5441,8091
AYS3,GSM_PERS,2026-07,2026-07-02,9,579,17,0.0294,478,564,9253,13813
AYS3,MOVI,2026-07,2026-07-02,9,51,3,0.0588,32,51,39,69
AYSA,GSM_PERS,2026-07,2026-07-02,9,360,39,0.1083,358,360,4908,5181
AYSA,MOVI,2026-07,2026-07-02,9,224,16,0.0714,147,224,5376,6829
AYSC,MOVI,2026-07,2026-07-02,9,1280,53,0.0414,586,1261,587,1263
AYSE,GSM_PERS,2026-07,2026-07-02,9,1875,196,0.1045,1584,1849,4118,5628
AYSE,MOVI,2026-07,2026-07-02,9,61,61,1.0000,61,61,1822,2731
CVIA,GSM_MOVI,2026-07,2026-07-02,9,3894,393,0.1009,3383,3885,34370,56418
CVIA,GSM_PERS,2026-07,2026-07-02,9,2156,171,0.0793,1832,2140,32082,48835
DRPW,GSM_MOVI,2026-07,2026-07-02,9,508,49,0.0965,466,507,1855,2214
DRTV,GSM_MOVI,2026-07,2026-07-02,9,956,47,0.0492,872,956,2137,2509
DRTV,GSM_PERS,2026-07,2026-07-02,9,78,5,0.0641,76,78,3966,4772
DRTW,GSM_PERS,2026-07,2026-07-02,9,81,2,0.0247,77,81,3524,4510
MEL0,GSM_PERS,2026-07,2026-07-02,9,82,6,0.0732,78,82,7781,8871
OEST,GSM_MOVI,2026-07,2026-07-02,9,958,128,0.1336,860,958,5905,7343
OEST,Sin proveedor,2026-07,2026-07-02,9,2,2,1.0000,2,2,4,4
AUSO,GSM_MOVI,2026-07,2026-07-02,10,2014,221,0.1097,1854,2014,10363,12820
AYS3,GSM_MOVI,2026-07,2026-07-02,10,263,44,0.1673,258,261,5441,8091
AYS3,GSM_PERS,2026-07,2026-07-02,10,779,17,0.0218,632,763,9253,13813
AYSA,GSM_PERS,2026-07,2026-07-02,10,167,21,0.1257,164,167,4908,5181
AYSA,MOVI,2026-07,2026-07-02,10,29,3,0.1034,29,29,5376,6829
AYSE,GSM_PERS,2026-07,2026-07-02,10,173,21,0.1214,122,169,4118,5628
AYSE,MOVI,2026-07,2026-07-02,10,121,121,1.0000,119,121,1822,2731
CVIA,GSM_MOVI,2026-07,2026-07-02,10,2689,288,0.1071,2355,2685,34370,56418
CVIA,GSM_PERS,2026-07,2026-07-02,10,3114,275,0.0883,2405,3066,32082,48835
DRPW,GSM_MOVI,2026-07,2026-07-02,10,474,69,0.1456,431,473,1855,2214
DRTV,GSM_MOVI,2026-07,2026-07-02,10,1120,66,0.0589,1025,1120,2137,2509
DRTV,GSM_PERS,2026-07,2026-07-02,10,380,32,0.0842,355,380,3966,4772
DRTW,GSM_PERS,2026-07,2026-07-02,10,147,9,0.0612,129,147,3524,4510
DRTW,MOVI,2026-07,2026-07-02,10,877,20,0.0228,857,877,6269,7835
FIME,GSM_MOVI,2026-07,2026-07-02,10,1035,43,0.0415,1002,1035,11521,12140
MEL0,GSM_MOVI,2026-07,2026-07-02,10,367,31,0.0845,341,367,18448,23791
MEL0,GSM_PERS,2026-07,2026-07-02,10,207,12,0.0580,197,206,12514,15688
MEL0,MOVI,2026-07,2026-07-02,10,1513,75,0.0496,1458,1512,49193,67874
OEST,GSM_MOVI,2026-07,2026-07-02,10,544,87,0.1599,492,544,5905,7343
OEST,Sin proveedor,2026-07,2026-07-02,10,1,1,1.0000,1,1,4,4
REVO,Sin proveedor,2026-07,2026-07-02,10,1,1,1.0000,1,1,3,3
AUSO,GSM_MOVI,2026-07,2026-07-02,11,2187,244,0.1116,1998,2185,10363,12820
AYS3,GSM_MOVI,2026-07,2026-07-02,11,8,4,0.5000,8,7,5441,8091
AYS3,GSM_PERS,2026-07,2026-07-02,11,1085,65,0.0599,968,1077,9253,13813
AYSA,GSM_PERS,2026-07,2026-07-02,11,84,9,0.1071,84,83,4908,5181
AYSA,MOVI,2026-07,2026-07-02,11,24,2,0.0833,24,24,5376,6829
AYSE,GSM_PERS,2026-07,2026-07-02,11,154,14,0.0909,124,154,4118,5628
AYSE,MOVI,2026-07,2026-07-02,11,183,128,0.6995,178,183,1822,2731
CVIA,GSM_MOVI,2026-07,2026-07-02,11,2067,213,0.1030,1847,2064,34370,56418
CVIA,GSM_PERS,2026-07,2026-07-02,11,2059,193,0.0937,1681,2041,32082,48835
DRPW,GSM_MOVI,2026-07,2026-07-02,11,386,50,0.1295,343,384,1855,2214
DRTV,GSM_MOVI,2026-07,2026-07-02,11,116,7,0.0603,112,116,2137,2509
DRTV,GSM_PERS,2026-07,2026-07-02,11,1430,92,0.0643,1307,1430,3966,4772
DRTW,GSM_PERS,2026-07,2026-07-02,11,87,4,0.0460,76,87,3524,4510
DRTW,MOVI,2026-07,2026-07-02,11,913,30,0.0329,887,913,6269,7835
FIME,GSM_MOVI,2026-07,2026-07-02,11,1534,68,0.0443,1476,1534,11521,12140
MEL0,GSM_MOVI,2026-07,2026-07-02,11,2055,133,0.0647,1789,2055,18448,23791
MEL0,GSM_PERS,2026-07,2026-07-02,11,294,18,0.0612,276,293,12514,15688
MEL0,MOVI,2026-07,2026-07-02,11,2838,152,0.0536,2678,2807,49193,67874
OEST,GSM_MOVI,2026-07,2026-07-02,11,427,56,0.1311,394,427,5905,7343
AUSO,GSM_MOVI,2026-07,2026-07-02,12,2161,292,0.1351,1970,2158,10363,12820
AYS3,GSM_MOVI,2026-07,2026-07-02,12,39,2,0.0513,39,39,3067,3947
AYS3,GSM_PERS,2026-07,2026-07-02,12,538,27,0.0502,416,525,9253,13813
AYSA,GSM_PERS,2026-07,2026-07-02,12,139,14,0.1007,135,139,4908,5181
AYSA,MOVI,2026-07,2026-07-02,12,2,0,0.0000,2,2,5376,6829
AYSE,GSM_PERS,2026-07,2026-07-02,12,148,14,0.0946,111,148,4118,5628
AYSE,MOVI,2026-07,2026-07-02,12,1024,89,0.0869,855,1021,1822,2731
CVIA,GSM_MOVI,2026-07,2026-07-02,12,2614,289,0.1106,2304,2610,34370,56418
CVIA,GSM_PERS,2026-07,2026-07-02,12,3171,302,0.0952,2438,3114,32082,48835
DRPW,GSM_MOVI,2026-07,2026-07-02,12,426,56,0.1315,392,426,1855,2214
DRTV,GSM_PERS,2026-07,2026-07-02,12,552,41,0.0743,530,552,3966,4772
DRTW,GSM_PERS,2026-07,2026-07-02,12,130,7,0.0538,116,130,3524,4510
DRTW,MOVI,2026-07,2026-07-02,12,863,27,0.0313,831,863,6269,7835
FIME,GSM_MOVI,2026-07,2026-07-02,12,1288,64,0.0497,1264,1288,11521,12140
MEL0,GSM_MOVI,2026-07,2026-07-02,12,1835,147,0.0801,1630,1835,18448,23791
MEL0,GSM_PERS,2026-07,2026-07-02,12,380,23,0.0605,337,378,12514,15688
MEL0,MOVI,2026-07,2026-07-02,12,2745,119,0.0434,2638,2719,49193,67874
OEST,GSM_MOVI,2026-07,2026-07-02,12,357,56,0.1569,330,357,5905,7343
AUSO,GSM_MOVI,2026-07,2026-07-02,13,787,97,0.1233,744,787,10363,12820
AYS3,GSM_MOVI,2026-07,2026-07-02,13,209,29,0.1388,200,208,3067,3947
AYS3,GSM_PERS,2026-07,2026-07-02,13,536,17,0.0317,397,525,8823,13360
AYSA,GSM_PERS,2026-07,2026-07-02,13,159,25,0.1572,155,158,4908,5181
AYSA,MOVI,2026-07,2026-07-02,13,14,2,0.1429,14,14,5376,6829
AYSE,GSM_PERS,2026-07,2026-07-02,13,164,23,0.1402,139,164,4118,5628
AYSE,MOVI,2026-07,2026-07-02,13,1042,74,0.0710,836,1042,1822,2731
CVIA,GSM_MOVI,2026-07,2026-07-02,13,2668,329,0.1233,2319,2662,34370,56418
CVIA,GSM_PERS,2026-07,2026-07-02,13,3669,303,0.0826,2825,3612,32082,48835
DRPW,GSM_MOVI,2026-07,2026-07-02,13,160,17,0.1063,148,160,1855,2214
DRTW,GSM_PERS,2026-07,2026-07-02,13,151,15,0.0993,125,151,3524,4510
DRTW,MOVI,2026-07,2026-07-02,13,889,34,0.0382,863,889,6269,7835
FIME,GSM_MOVI,2026-07,2026-07-02,13,2113,101,0.0478,2051,2113,11521,12140
MEL0,GSM_MOVI,2026-07,2026-07-02,13,2235,165,0.0738,1956,2235,18448,23791
MEL0,GSM_PERS,2026-07,2026-07-02,13,478,30,0.0628,430,473,12514,15688
MEL0,MOVI,2026-07,2026-07-02,13,2750,122,0.0444,2653,2730,49193,67874
OEST,GSM_MOVI,2026-07,2026-07-02,13,300,37,0.1233,268,299,5905,7343
OEST,Sin proveedor,2026-07,2026-07-02,13,1,1,1.0000,1,1,1,1
AYS3,GSM_MOVI,2026-07,2026-07-02,14,220,19,0.0864,215,220,3067,3947
AYS3,GSM_PERS,2026-07,2026-07-02,14,593,22,0.0371,441,577,8823,13360
AYSA,GSM_PERS,2026-07,2026-07-02,14,180,16,0.0889,173,180,4908,5181
AYSE,GSM_PERS,2026-07,2026-07-02,14,273,32,0.1172,198,273,4118,5628
AYSE,MOVI,2026-07,2026-07-02,14,42,4,0.0952,42,42,1822,2731
CVIA,GSM_MOVI,2026-07,2026-07-02,14,2808,342,0.1218,2417,2801,34370,56418
CVIA,GSM_PERS,2026-07,2026-07-02,14,3599,327,0.0909,2700,3515,32082,48835
DRTW,GSM_PERS,2026-07,2026-07-02,14,156,9,0.0577,132,156,3524,4510
DRTW,MOVI,2026-07,2026-07-02,14,856,27,0.0315,833,856,6269,7835
FIME,GSM_MOVI,2026-07,2026-07-02,14,2154,125,0.0580,2082,2153,11521,12140
MEL0,GSM_MOVI,2026-07,2026-07-02,14,2402,168,0.0699,2113,2402,18448,23791
MEL0,GSM_PERS,2026-07,2026-07-02,14,428,24,0.0561,369,425,12514,15688
MEL0,MOVI,2026-07,2026-07-02,14,2792,133,0.0476,2705,2770,49193,67874
OEST,GSM_MOVI,2026-07,2026-07-02,14,720,88,0.1222,652,720,5905,7343
AYS3,GSM_MOVI,2026-07,2026-07-02,15,152,15,0.0987,147,152,3067,3947
AYS3,GSM_PERS,2026-07,2026-07-02,15,613,23,0.0375,511,595,8823,13360
AYSA,GSM_PERS,2026-07,2026-07-02,15,388,58,0.1495,375,387,4908,5181
AYSE,GSM_PERS,2026-07,2026-07-02,15,139,13,0.0935,110,139,4118,5628
AYSE,MOVI,2026-07,2026-07-02,15,66,4,0.0606,64,66,1822,2731
CVIA,GSM_MOVI,2026-07,2026-07-02,15,3110,338,0.1087,2697,3105,34370,56418
CVIA,GSM_PERS,2026-07,2026-07-02,15,2705,235,0.0869,2143,2658,32082,48835
DRTW,GSM_PERS,2026-07,2026-07-02,15,97,6,0.0619,83,97,3524,4510
DRTW,MOVI,2026-07,2026-07-02,15,1517,50,0.0330,1447,1516,6269,7835
FIME,GSM_MOVI,2026-07,2026-07-02,15,2022,97,0.0480,1947,2022,11521,12140
MEL0,GSM_MOVI,2026-07,2026-07-02,15,1539,124,0.0806,1356,1539,18448,23791
MEL0,GSM_PERS,2026-07,2026-07-02,15,1201,83,0.0691,1123,1182,12514,15688
MEL0,MOVI,2026-07,2026-07-02,15,2764,127,0.0459,2664,2728,49193,67874
OEST,GSM_MOVI,2026-07,2026-07-02,15,1242,190,0.1530,1108,1237,5905,7343
AYS3,GSM_PERS,2026-07,2026-07-02,16,524,23,0.0439,460,504,8823,13360
AYSA,GSM_PERS,2026-07,2026-07-02,16,661,95,0.1437,646,653,4908,5181
AYSE,GSM_PERS,2026-07,2026-07-02,16,120,9,0.0750,97,120,4118,5628
CVIA,GSM_MOVI,2026-07,2026-07-02,16,3652,423,0.1158,3148,3644,34370,56418
CVIA,GSM_PERS,2026-07,2026-07-02,16,2208,193,0.0874,1923,2189,32082,48835
DRTW,GSM_PERS,2026-07,2026-07-02,16,88,1,0.0114,86,88,3524,4510
DRTW,MOVI,2026-07,2026-07-02,16,1146,41,0.0358,1110,1146,6269,7835
FIME,GSM_MOVI,2026-07,2026-07-02,16,1904,99,0.0520,1835,1904,11521,12140
MEL0,GSM_MOVI,2026-07,2026-07-02,16,371,25,0.0674,324,371,18448,23791
MEL0,GSM_PERS,2026-07,2026-07-02,16,1675,113,0.0675,1534,1636,12514,15688
MEL0,MOVI,2026-07,2026-07-02,16,2791,143,0.0512,2714,2769,49193,67874
OEST,GSM_MOVI,2026-07,2026-07-02,16,452,80,0.1770,407,452,5905,7343
AYS3,GSM_PERS,2026-07,2026-07-02,17,739,28,0.0379,649,722,8823,13360
AYSA,GSM_PERS,2026-07,2026-07-02,17,864,133,0.1539,841,862,4908,5181
AYSE,GSM_PERS,2026-07,2026-07-02,17,207,20,0.0966,181,207,4118,5628
CVIA,GSM_PERS,2026-07,2026-07-02,17,3450,317,0.0919,2984,3387,32082,48835
DRTW,GSM_PERS,2026-07,2026-07-02,17,374,26,0.0695,343,374,3524,4510
MEL0,GSM_PERS,2026-07,2026-07-02,17,426,25,0.0587,410,426,12514,15688
MEL0,MOVI,2026-07,2026-07-02,17,2446,102,0.0417,2383,2424,49193,67874
AYS3,GSM_PERS,2026-07,2026-07-02,18,654,15,0.0229,581,645,8266,12797
AYSA,GSM_PERS,2026-07,2026-07-02,18,753,79,0.1049,742,753,4908,5181
AYSE,GSM_PERS,2026-07,2026-07-02,18,151,10,0.0662,134,150,4118,5628
CVIA,GSM_PERS,2026-07,2026-07-02,18,2697,220,0.0816,2418,2657,32082,48835
DRTW,GSM_PERS,2026-07,2026-07-02,18,1586,83,0.0523,1408,1586,3524,4510
MEL0,GSM_PERS,2026-07,2026-07-02,18,398,24,0.0603,383,398,12514,15688
MEL0,MOVI,2026-07,2026-07-02,18,3259,168,0.0515,3103,3200,49193,67874
AYS3,GSM_PERS,2026-07,2026-07-02,19,872,21,0.0241,758,858,8266,12797
AYSA,GSM_PERS,2026-07,2026-07-02,19,806,89,0.1104,800,803,4908,5181
AYSE,GSM_PERS,2026-07,2026-07-02,19,192,20,0.1042,160,192,4118,5628
CVIA,GSM_PERS,2026-07,2026-07-02,19,2989,268,0.0897,2687,2947,32082,48835
DRTW,GSM_PERS,2026-07,2026-07-02,19,1119,54,0.0483,1027,1119,3524,4510
MEL0,GSM_PERS,2026-07,2026-07-02,19,404,26,0.0644,376,404,12514,15688
MEL0,MOVI,2026-07,2026-07-02,19,3191,146,0.0458,2994,3106,49193,67874
MEL0,Sin proveedor,2026-07,2026-07-02,19,1,0,0.0000,1,1,2,2
AYS3,GSM_PERS,2026-07,2026-07-02,20,2129,52,0.0244,1760,2024,8266,12797
AYSA,GSM_PERS,2026-07,2026-07-02,20,385,45,0.1169,384,384,4908,5181
AYSE,GSM_PERS,2026-07,2026-07-02,20,791,96,0.1214,689,790,4118,5628
CVIA,GSM_PERS,2026-07,2026-07-02,20,2639,209,0.0792,2403,2594,32082,48835
MEL0,GSM_PERS,2026-07,2026-07-02,20,526,46,0.0875,500,526,12514,15688
MEL0,MOVI,2026-07,2026-07-02,20,3119,146,0.0468,2951,3063,49193,67874
MEL0,MOVI,2026-07,2026-07-02,21,8491,419,0.0493,7390,7960,49193,67874
MEL0,MOVI,2026-07,2026-07-02,22,34,2,0.0588,34,34,49193,67874
ADT1,GSM_MOVI,2026-07,2026-07-03,8,639,40,0.0626,311,635,322,711
AUSO,GSM_MOVI,2026-07,2026-07-03,8,805,111,0.1379,552,805,5588,9722
AYS3,GSM_MOVI,2026-07,2026-07-03,8,37,11,0.2973,33,37,8508,12038
AYS3,GSM_PERS,2026-07,2026-07-03,8,940,24,0.0255,816,924,8266,12797
AYSA,GSM_MOVI,2026-07,2026-07-03,8,217,53,0.2442,198,217,4232,5753
AYSA,GSM_PERS,2026-07,2026-07-03,8,200,20,0.1000,199,200,4908,5181
AYSE,GSM_MOVI,2026-07,2026-07-03,8,245,69,0.2816,215,245,2420,3608
AYSE,GSM_PERS,2026-07,2026-07-03,8,378,26,0.0688,334,378,4118,5628
CVIA,GSM_MOVI,2026-07,2026-07-03,8,435,39,0.0897,374,435,34370,56418
CVIA,GSM_PERS,2026-07,2026-07-03,8,957,75,0.0784,841,941,32082,48835
DRPW,GSM_MOVI,2026-07,2026-07-03,8,1542,137,0.0888,1313,1537,1855,2214
MEL0,GSM_PERS,2026-07,2026-07-03,8,185,6,0.0324,177,185,12514,15688
MEL0,MOVI,2026-07,2026-07-03,8,120,2,0.0167,118,120,49193,67874
OEST,GSM_PERS,2026-07,2026-07-03,8,54,5,0.0926,50,54,4364,5978
AUSO,GSM_MOVI,2026-07,2026-07-03,9,1166,168,0.1441,897,1163,5588,9722
AYS3,GSM_MOVI,2026-07,2026-07-03,9,768,115,0.1497,740,763,5441,8091
AYS3,GSM_PERS,2026-07,2026-07-03,9,1855,54,0.0291,1533,1777,9253,13813
AYS3,MOVI,2026-07,2026-07-03,9,51,3,0.0588,32,51,39,69
AYSA,GSM_PERS,2026-07,2026-07-03,9,51,7,0.1373,50,51,4908,5181
AYSA,MOVI,2026-07,2026-07-03,9,208,6,0.0288,131,208,1402,1647
AYSC,MOVI,2026-07,2026-07-03,9,1279,48,0.0375,584,1260,587,1263
AYSE,GSM_PERS,2026-07,2026-07-03,9,774,79,0.1021,673,773,6151,8796
CVIA,GSM_MOVI,2026-07,2026-07-03,9,4768,458,0.0961,4189,4755,34370,56418
CVIA,GSM_PERS,2026-07,2026-07-03,9,2045,148,0.0724,1738,2027,32082,48835
DRPW,GSM_MOVI,2026-07,2026-07-03,9,648,64,0.0988,570,648,1855,2214
DRTV,GSM_PERS,2026-07,2026-07-03,9,157,8,0.0510,140,157,7617,11449
DRTV,MOVI,2026-07,2026-07-03,9,52,5,0.0962,51,52,5861,6925
DRTW,GSM_MOVI,2026-07,2026-07-03,9,733,50,0.0682,560,733,783,1111
DRTW,GSM_PERS,2026-07,2026-07-03,9,82,5,0.0610,67,82,2547,4811
DRTW,MOVI,2026-07,2026-07-03,9,54,2,0.0370,54,54,6269,7835
MEL0,GSM_PERS,2026-07,2026-07-03,9,236,9,0.0381,224,236,12514,15688
OEST,GSM_MOVI,2026-07,2026-07-03,9,1609,247,0.1535,1370,1605,5069,6674
OEST,GSM_PERS,2026-07,2026-07-03,9,141,18,0.1277,124,140,4364,5978
AUSO,GSM_MOVI,2026-07,2026-07-03,10,1017,170,0.1672,787,1016,5588,9722
AYS3,GSM_MOVI,2026-07,2026-07-03,10,126,16,0.1270,122,126,5441,8091
AYS3,GSM_PERS,2026-07,2026-07-03,10,1254,34,0.0271,1030,1199,9253,13813
AYSA,GSM_PERS,2026-07,2026-07-03,10,135,16,0.1185,135,135,4908,5181
AYSE,GSM_PERS,2026-07,2026-07-03,10,978,107,0.1094,824,960,6151,8796
CVIA,GSM_MOVI,2026-07,2026-07-03,10,3167,294,0.0928,2786,3157,34370,56418
CVIA,GSM_PERS,2026-07,2026-07-03,10,1999,175,0.0875,1596,1974,32082,48835
DRPW,Sin proveedor,2026-07,2026-07-03,10,1,1,1.0000,1,1,3,3
DRTV,GSM_PERS,2026-07,2026-07-03,10,202,8,0.0396,181,202,7617,11449
DRTV,MOVI,2026-07,2026-07-03,10,787,49,0.0623,770,787,5861,6925
DRTW,GSM_MOVI,2026-07,2026-07-03,10,181,9,0.0497,161,181,783,1111
DRTW,GSM_PERS,2026-07,2026-07-03,10,99,4,0.0404,75,99,2547,4811
DRTW,MOVI,2026-07,2026-07-03,10,836,28,0.0335,821,836,6269,7835
FIME,GSM_MOVI,2026-07,2026-07-03,10,976,31,0.0318,941,975,11521,12140
MEL0,GSM_MOVI,2026-07,2026-07-03,10,386,23,0.0596,351,386,18448,23791
MEL0,GSM_PERS,2026-07,2026-07-03,10,222,10,0.0450,203,222,12514,15688
MEL0,MOVI,2026-07,2026-07-03,10,1618,71,0.0439,1576,1618,49193,67874
OEST,GSM_MOVI,2026-07,2026-07-03,10,2482,367,0.1479,2087,2472,5069,6674
OEST,GSM_PERS,2026-07,2026-07-03,10,165,21,0.1273,143,165,4364,5978
AUSO,GSM_MOVI,2026-07,2026-07-03,11,1129,189,0.1674,859,1129,5588,9722
AYS3,GSM_PERS,2026-07,2026-07-03,11,338,18,0.0533,285,333,9253,13813
AYSA,GSM_PERS,2026-07,2026-07-03,11,100,12,0.1200,99,100,4908,5181
AYSE,GSM_PERS,2026-07,2026-07-03,11,505,47,0.0931,442,495,6151,8796
AYSJ,GSM_MOVI,2026-07,2026-07-03,11,480,22,0.0458,350,439,929,1296
CVIA,GSM_MOVI,2026-07,2026-07-03,11,2638,269,0.1020,2264,2632,34370,56418
CVIA,GSM_PERS,2026-07,2026-07-03,11,1890,170,0.0899,1539,1863,32082,48835
DRTV,GSM_PERS,2026-07,2026-07-03,11,262,16,0.0611,201,262,7617,11449
DRTV,MOVI,2026-07,2026-07-03,11,791,73,0.0923,781,790,5861,6925
DRTW,GSM_PERS,2026-07,2026-07-03,11,57,2,0.0351,46,57,2547,4811
DRTW,MOVI,2026-07,2026-07-03,11,837,28,0.0335,812,837,6269,7835
FIME,GSM_MOVI,2026-07,2026-07-03,11,1805,91,0.0504,1751,1804,11521,12140
MEL0,GSM_MOVI,2026-07,2026-07-03,11,1546,110,0.0712,1352,1546,18448,23791
MEL0,GSM_PERS,2026-07,2026-07-03,11,1658,118,0.0712,1453,1657,12514,15688
MEL0,MOVI,2026-07,2026-07-03,11,3574,182,0.0509,3390,3573,49193,67874
OEST,GSM_MOVI,2026-07,2026-07-03,11,784,147,0.1875,686,782,5069,6674
OEST,GSM_PERS,2026-07,2026-07-03,11,142,19,0.1338,130,142,4364,5978
AUSO,GSM_MOVI,2026-07,2026-07-03,12,925,166,0.1795,754,924,5588,9722
AYS3,GSM_MOVI,2026-07,2026-07-03,12,38,4,0.1053,37,38,3067,3947
AYS3,GSM_PERS,2026-07,2026-07-03,12,929,71,0.0764,858,928,9253,13813
AYSA,GSM_PERS,2026-07,2026-07-03,12,96,9,0.0938,91,96,4908,5181
AYSE,GSM_PERS,2026-07,2026-07-03,12,480,80,0.1667,444,480,6151,8796
AYSJ,GSM_MOVI,2026-07,2026-07-03,12,1119,55,0.0492,709,923,929,1296
CVIA,GSM_MOVI,2026-07,2026-07-03,12,2160,239,0.1106,1939,2159,34370,56418
CVIA,GSM_PERS,2026-07,2026-07-03,12,1726,159,0.0921,1441,1694,32082,48835
DRTV,GSM_PERS,2026-07,2026-07-03,12,159,16,0.1006,143,159,7617,11449
DRTV,MOVI,2026-07,2026-07-03,12,802,47,0.0586,779,802,5861,6925
DRTW,GSM_PERS,2026-07,2026-07-03,12,99,9,0.0909,78,99,2547,4811
DRTW,MOVI,2026-07,2026-07-03,12,867,32,0.0369,843,867,6269,7835
FIME,GSM_MOVI,2026-07,2026-07-03,12,1538,80,0.0520,1491,1538,11521,12140
MEL0,GSM_MOVI,2026-07,2026-07-03,12,2814,193,0.0686,2430,2814,18448,23791
MEL0,GSM_PERS,2026-07,2026-07-03,12,1620,120,0.0741,1452,1619,12514,15688
MEL0,MOVI,2026-07,2026-07-03,12,2750,134,0.0487,2685,2750,49193,67874
OEST,GSM_PERS,2026-07,2026-07-03,12,125,17,0.1360,107,125,4364,5978
OEST,Sin proveedor,2026-07,2026-07-03,12,1,1,1.0000,1,1,3,3
AUSO,GSM_MOVI,2026-07,2026-07-03,13,1077,168,0.1560,837,1075,5588,9722
AYS3,GSM_MOVI,2026-07,2026-07-03,13,213,20,0.0939,207,213,3067,3947
AYS3,GSM_PERS,2026-07,2026-07-03,13,515,30,0.0583,434,506,9253,13813
AYSA,GSM_PERS,2026-07,2026-07-03,13,105,11,0.1048,100,104,4908,5181
AYSE,GSM_PERS,2026-07,2026-07-03,13,307,53,0.1726,278,307,6151,8796
AYSJ,GSM_MOVI,2026-07,2026-07-03,13,515,18,0.0350,377,464,929,1296
CVIA,GSM_MOVI,2026-07,2026-07-03,13,2430,270,0.1111,2128,2425,34370,56418
CVIA,GSM_PERS,2026-07,2026-07-03,13,2277,210,0.0922,1840,2245,32082,48835
DRTV,GSM_PERS,2026-07,2026-07-03,13,198,14,0.0707,179,198,7617,11449
DRTV,MOVI,2026-07,2026-07-03,13,826,52,0.0630,813,826,5861,6925
DRTW,GSM_PERS,2026-07,2026-07-03,13,69,2,0.0290,57,69,2547,4811
DRTW,MOVI,2026-07,2026-07-03,13,878,26,0.0296,855,878,6269,7835
FIME,GSM_MOVI,2026-07,2026-07-03,13,1971,95,0.0482,1918,1971,11521,12140
MEL0,GSM_MOVI,2026-07,2026-07-03,13,1757,135,0.0768,1568,1757,18448,23791
MEL0,GSM_PERS,2026-07,2026-07-03,13,1527,111,0.0727,1360,1523,12514,15688
MEL0,MOVI,2026-07,2026-07-03,13,1915,90,0.0470,1874,1915,49193,67874
OEST,GSM_PERS,2026-07,2026-07-03,13,167,21,0.1257,141,167,4364,5978
AUSO,GSM_MOVI,2026-07,2026-07-03,14,1108,180,0.1625,882,1106,5588,9722
AYS3,GSM_MOVI,2026-07,2026-07-03,14,183,18,0.0984,176,182,3067,3947
AYS3,GSM_PERS,2026-07,2026-07-03,14,477,19,0.0398,385,461,8823,13360
AYSA,GSM_PERS,2026-07,2026-07-03,14,139,10,0.0719,136,139,4908,5181
AYSE,GSM_PERS,2026-07,2026-07-03,14,345,42,0.1217,258,345,6151,8796
AYSJ,GSM_MOVI,2026-07,2026-07-03,14,245,7,0.0286,215,245,929,1296
CVIA,GSM_MOVI,2026-07,2026-07-03,14,2643,288,0.1090,2350,2641,34370,56418
CVIA,GSM_PERS,2026-07,2026-07-03,14,3131,261,0.0834,2419,3096,32082,48835
DRTV,GSM_PERS,2026-07,2026-07-03,14,271,15,0.0554,204,271,7617,11449
DRTV,MOVI,2026-07,2026-07-03,14,437,33,0.0755,431,437,5861,6925
DRTW,GSM_PERS,2026-07,2026-07-03,14,128,10,0.0781,97,128,2547,4811
DRTW,MOVI,2026-07,2026-07-03,14,451,19,0.0421,442,451,6269,7835
FIME,GSM_MOVI,2026-07,2026-07-03,14,1844,87,0.0472,1801,1844,11521,12140
MEL0,GSM_MOVI,2026-07,2026-07-03,14,1726,149,0.0863,1559,1726,18448,23791
MEL0,GSM_PERS,2026-07,2026-07-03,14,435,31,0.0713,384,427,12514,15688
MEL0,MOVI,2026-07,2026-07-03,14,3624,193,0.0533,3493,3624,49193,67874
OEST,GSM_PERS,2026-07,2026-07-03,14,158,21,0.1329,112,158,4364,5978
AUSO,GSM_MOVI,2026-07,2026-07-03,15,1028,158,0.1537,848,1028,5588,9722
AYS3,GSM_MOVI,2026-07,2026-07-03,15,185,18,0.0973,181,185,3067,3947
AYS3,GSM_PERS,2026-07,2026-07-03,15,388,19,0.0490,302,373,8823,13360
AYSA,GSM_PERS,2026-07,2026-07-03,15,119,22,0.1849,117,119,4908,5181
AYSE,GSM_PERS,2026-07,2026-07-03,15,402,42,0.1045,315,402,6151,8796
AYSJ,GSM_MOVI,2026-07,2026-07-03,15,241,13,0.0539,205,238,929,1296
CVIA,GSM_MOVI,2026-07,2026-07-03,15,2339,236,0.1009,2063,2334,34370,56418
CVIA,GSM_PERS,2026-07,2026-07-03,15,2460,208,0.0846,1885,2420,32082,48835
DRTV,GSM_PERS,2026-07,2026-07-03,15,326,23,0.0706,272,326,7617,11449
DRTV,MOVI,2026-07,2026-07-03,15,408,33,0.0809,406,408,5861,6925
DRTW,GSM_PERS,2026-07,2026-07-03,15,111,4,0.0360,82,111,2547,4811
DRTW,MOVI,2026-07,2026-07-03,15,424,13,0.0307,418,424,6269,7835
FIME,GSM_MOVI,2026-07,2026-07-03,15,1724,99,0.0574,1671,1723,11521,12140
MEL0,GSM_MOVI,2026-07,2026-07-03,15,1679,131,0.0780,1500,1679,18448,23791
MEL0,GSM_PERS,2026-07,2026-07-03,15,402,27,0.0672,356,400,12514,15688
MEL0,MOVI,2026-07,2026-07-03,15,3736,176,0.0471,3591,3736,49193,67874
OEST,GSM_PERS,2026-07,2026-07-03,15,257,36,0.1401,194,257,4364,5978
AUSO,GSM_MOVI,2026-07,2026-07-03,16,837,124,0.1481,658,836,5588,9722
AYS3,GSM_PERS,2026-07,2026-07-03,16,505,22,0.0436,414,502,8823,13360
AYSA,GSM_PERS,2026-07,2026-07-03,16,465,61,0.1312,456,462,4908,5181
AYSE,GSM_PERS,2026-07,2026-07-03,16,417,46,0.1103,331,417,6151,8796
AYSJ,GSM_MOVI,2026-07,2026-07-03,16,4,0,0.0000,4,4,817,1143
CVIA,GSM_MOVI,2026-07,2026-07-03,16,3123,331,0.1060,2728,3120,34370,56418
CVIA,GSM_PERS,2026-07,2026-07-03,16,2655,212,0.0798,2104,2616,32082,48835
DRTV,GSM_PERS,2026-07,2026-07-03,16,398,25,0.0628,316,398,7617,11449
DRTV,MOVI,2026-07,2026-07-03,16,386,18,0.0466,383,386,5861,6925
DRTW,GSM_PERS,2026-07,2026-07-03,16,116,9,0.0776,78,116,2547,4811
DRTW,MOVI,2026-07,2026-07-03,16,595,18,0.0303,584,595,6269,7835
FIME,GSM_MOVI,2026-07,2026-07-03,16,2192,118,0.0538,2128,2192,11521,12140
MEL0,GSM_MOVI,2026-07,2026-07-03,16,623,56,0.0899,525,623,18448,23791
MEL0,GSM_PERS,2026-07,2026-07-03,16,480,28,0.0583,445,479,12514,15688
MEL0,MOVI,2026-07,2026-07-03,16,3616,167,0.0462,3490,3616,49193,67874
OEST,GSM_PERS,2026-07,2026-07-03,16,266,38,0.1429,226,266,4364,5978
AYS3,GSM_PERS,2026-07,2026-07-03,17,528,31,0.0587,470,512,8823,13360
AYSA,GSM_PERS,2026-07,2026-07-03,17,2034,275,0.1352,1963,2026,4908,5181
AYSE,GSM_PERS,2026-07,2026-07-03,17,147,21,0.1429,120,146,6151,8796
CVIA,GSM_PERS,2026-07,2026-07-03,17,2027,180,0.0888,1786,2011,32082,48835
DRTV,GSM_PERS,2026-07,2026-07-03,17,246,17,0.0691,223,246,7617,11449
DRTV,MOVI,2026-07,2026-07-03,17,165,10,0.0606,164,165,5861,6925
DRTW,GSM_PERS,2026-07,2026-07-03,17,81,4,0.0494,68,81,2547,4811
DRTW,MOVI,2026-07,2026-07-03,17,1300,47,0.0362,1258,1300,6269,7835
MEL0,GSM_PERS,2026-07,2026-07-03,17,473,22,0.0465,458,471,12514,15688
MEL0,MOVI,2026-07,2026-07-03,17,2462,119,0.0483,2402,2462,49193,67874
OEST,GSM_PERS,2026-07,2026-07-03,17,176,27,0.1534,165,176,4364,5978
OEST,Sin proveedor,2026-07,2026-07-03,17,1,1,1.0000,1,1,2,2
AYS3,GSM_PERS,2026-07,2026-07-03,18,591,22,0.0372,500,569,8823,13360
AYSA,GSM_PERS,2026-07,2026-07-03,18,1555,206,0.1325,1518,1551,4908,5181
AYSE,GSM_PERS,2026-07,2026-07-03,18,298,38,0.1275,264,298,6151,8796
CVIA,GSM_PERS,2026-07,2026-07-03,18,2764,242,0.0876,2408,2725,32082,48835
DRTV,GSM_PERS,2026-07,2026-07-03,18,344,18,0.0523,317,344,7617,11449
DRTW,GSM_PERS,2026-07,2026-07-03,18,131,9,0.0687,108,131,2547,4811
MEL0,GSM_PERS,2026-07,2026-07-03,18,494,36,0.0729,471,491,12514,15688
MEL0,MOVI,2026-07,2026-07-03,18,7072,351,0.0496,6577,7071,49193,67874
OEST,GSM_PERS,2026-07,2026-07-03,18,270,27,0.1000,249,270,4364,5978
AYS3,GSM_PERS,2026-07,2026-07-03,19,704,11,0.0156,585,685,8266,12797
AYSE,GSM_PERS,2026-07,2026-07-03,19,346,32,0.0925,292,343,6151,8796
CVIA,GSM_PERS,2026-07,2026-07-03,19,3543,281,0.0793,3045,3474,32082,48835
DRTV,GSM_PERS,2026-07,2026-07-03,19,549,35,0.0638,487,549,7617,11449
DRTW,GSM_PERS,2026-07,2026-07-03,19,135,7,0.0519,115,135,2547,4811
MEL0,GSM_PERS,2026-07,2026-07-03,19,705,45,0.0638,660,692,12514,15688
OEST,GSM_PERS,2026-07,2026-07-03,19,429,55,0.1282,374,429,4364,5978
AYS3,GSM_PERS,2026-07,2026-07-03,20,712,20,0.0281,602,691,8266,12797
AYSE,GSM_PERS,2026-07,2026-07-03,20,408,33,0.0809,353,408,6151,8796
CVIA,GSM_PERS,2026-07,2026-07-03,20,3624,278,0.0767,3169,3561,32082,48835
DRTV,GSM_PERS,2026-07,2026-07-03,20,506,32,0.0632,452,506,7617,11449
DRTW,GSM_PERS,2026-07,2026-07-03,20,175,8,0.0457,152,175,2547,4811
MEL0,GSM_PERS,2026-07,2026-07-03,20,689,41,0.0595,634,679,12514,15688
OEST,GSM_PERS,2026-07,2026-07-03,20,339,39,0.1150,286,339,4364,5978
AYS3,GSM_PERS,2026-07,2026-07-03,21,3,0,0.0000,2,3,8266,12797
AYSE,GSM_PERS,2026-07,2026-07-03,21,1,0,0.0000,1,1,2033,3168
CVIA,GSM_PERS,2026-07,2026-07-03,21,7,0,0.0000,6,7,32082,48835
MEL0,GSM_PERS,2026-07,2026-07-03,21,3,0,0.0000,3,3,12514,15688
ADT1,GSM_MOVI,2026-07,2026-07-04,8,622,17,0.0273,307,614,322,711
AUSO,GSM_PERS,2026-07,2026-07-04,8,365,38,0.1041,330,365,3682,4596
AYS3,GSM_PERS,2026-07,2026-07-04,8,193,6,0.0311,168,192,8266,12797
AYSE,GSM_PERS,2026-07,2026-07-04,8,112,6,0.0536,104,112,6151,8796
CVIA,GSM_MOVI,2026-07,2026-07-04,8,4020,190,0.0473,2569,1735,93274,123898
CVIA,GSM_PERS,2026-07,2026-07-04,8,1592,78,0.0490,1286,1040,88499,117926
DRPW,GSM_MOVI,2026-07,2026-07-04,8,129,11,0.0853,110,129,1855,2214
DRTV,GSM_PERS,2026-07,2026-07-04,8,74,7,0.0946,66,74,7617,11449
DRTW,GSM_PERS,2026-07,2026-07-04,8,38,3,0.0789,32,38,2547,4811
MEL0,GSM_PERS,2026-07,2026-07-04,8,192,7,0.0365,183,192,12514,15688
OEST,GSM_PERS,2026-07,2026-07-04,8,107,10,0.0935,96,107,4364,5978
REVO,GSM_PERS,2026-07,2026-07-04,8,92,0,0.0000,87,92,7332,8428
AUSO,GSM_MOVI,2026-07,2026-07-04,9,1848,222,0.1201,1685,1844,9875,12055
AUSO,GSM_PERS,2026-07,2026-07-04,9,732,68,0.0929,656,706,3752,4682
AYS3,GSM_PERS,2026-07,2026-07-04,9,297,12,0.0404,258,293,8266,12797
AYSE,GSM_PERS,2026-07,2026-07-04,9,191,15,0.0785,156,191,6151,8796
CVIA,GSM_MOVI,2026-07,2026-07-04,9,4126,277,0.0671,3289,2336,93274,123898
CVIA,GSM_PERS,2026-07,2026-07-04,9,3026,194,0.0641,2437,1858,88499,117926
DRPW,GSM_MOVI,2026-07,2026-07-04,9,207,18,0.0870,187,207,1855,2214
DRTV,GSM_PERS,2026-07,2026-07-04,9,512,18,0.0352,428,511,7617,11449
DRTW,GSM_MOVI,2026-07,2026-07-04,9,279,16,0.0573,234,279,783,1111
DRTW,GSM_PERS,2026-07,2026-07-04,9,226,11,0.0487,188,224,6071,9321
MEL0,GSM_PERS,2026-07,2026-07-04,9,300,13,0.0433,283,298,12514,15688
OEST,GSM_MOVI,2026-07,2026-07-04,9,3831,415,0.1083,3430,3826,9700,11911
OEST,GSM_PERS,2026-07,2026-07-04,9,185,18,0.0973,170,185,4364,5978
REVO,GSM_PERS,2026-07,2026-07-04,9,122,1,0.0082,116,122,7332,8428
REVO,MOVI,2026-07,2026-07-04,9,7750,720,0.0929,6737,7747,26396,33022
AUSO,GSM_MOVI,2026-07,2026-07-04,10,1513,223,0.1474,1369,1511,9875,12055
AUSO,GSM_PERS,2026-07,2026-07-04,10,677,71,0.1049,605,659,3752,4682
AYS3,GSM_PERS,2026-07,2026-07-04,10,309,14,0.0453,264,305,8266,12797
AYSE,GSM_PERS,2026-07,2026-07-04,10,152,12,0.0789,134,152,6151,8796
CVIA,GSM_MOVI,2026-07,2026-07-04,10,2624,136,0.0518,1864,922,93274,123898
CVIA,GSM_PERS,2026-07,2026-07-04,10,2701,184,0.0681,2059,1561,88499,117926
DRPW,GSM_MOVI,2026-07,2026-07-04,10,234,17,0.0726,208,234,1855,2214
DRTV,GSM_PERS,2026-07,2026-07-04,10,518,20,0.0386,414,510,7617,11449
DRTW,GSM_MOVI,2026-07,2026-07-04,10,326,14,0.0429,275,326,783,1111
DRTW,GSM_PERS,2026-07,2026-07-04,10,199,6,0.0302,159,196,6071,9321
FIME,GSM_MOVI,2026-07,2026-07-04,10,1557,56,0.0360,1524,1556,11521,12140
MEL0,GSM_MOVI,2026-07,2026-07-04,10,562,28,0.0498,507,562,18448,23791
MEL0,GSM_PERS,2026-07,2026-07-04,10,272,12,0.0441,248,272,12514,15688
MEL0,MOVI,2026-07,2026-07-04,10,4236,158,0.0373,3715,4233,49193,67874
OEST,GSM_MOVI,2026-07,2026-07-04,10,2152,281,0.1306,1935,2147,9700,11911
OEST,GSM_PERS,2026-07,2026-07-04,10,123,10,0.0813,108,123,4364,5978
REVO,GSM_MOVI,2026-07,2026-07-04,10,1151,83,0.0721,1039,1150,11756,14432
REVO,GSM_PERS,2026-07,2026-07-04,10,313,18,0.0575,283,313,33370,46410
REVO,MOVI,2026-07,2026-07-04,10,4883,502,0.1028,4389,4882,26396,33022
AUSO,GSM_MOVI,2026-07,2026-07-04,11,932,139,0.1491,849,931,9875,12055
AUSO,GSM_PERS,2026-07,2026-07-04,11,700,75,0.1071,612,675,3752,4682
AYS3,GSM_PERS,2026-07,2026-07-04,11,213,14,0.0657,182,210,8266,12797
AYSE,GSM_PERS,2026-07,2026-07-04,11,104,11,0.1058,94,104,5878,8492
CVIA,GSM_MOVI,2026-07,2026-07-04,11,2473,127,0.0514,1751,743,93274,123898
CVIA,GSM_PERS,2026-07,2026-07-04,11,2381,170,0.0714,1906,1456,88499,117926
DRPW,GSM_MOVI,2026-07,2026-07-04,11,191,23,0.1204,176,191,1855,2214
DRTV,GSM_PERS,2026-07,2026-07-04,11,449,21,0.0468,344,440,7617,11449
DRTW,GSM_MOVI,2026-07,2026-07-04,11,95,6,0.0632,80,95,783,1111
DRTW,GSM_PERS,2026-07,2026-07-04,11,212,10,0.0472,173,212,6071,9321
FIME,GSM_MOVI,2026-07,2026-07-04,11,1859,64,0.0344,1820,1859,11521,12140
MEL0,GSM_MOVI,2026-07,2026-07-04,11,2072,126,0.0608,1846,2072,18448,23791
MEL0,GSM_PERS,2026-07,2026-07-04,11,636,45,0.0708,578,629,12514,15688
MEL0,MOVI,2026-07,2026-07-04,11,8825,296,0.0335,7416,8696,49193,67874
OEST,GSM_MOVI,2026-07,2026-07-04,11,1946,264,0.1357,1771,1944,9700,11911
OEST,GSM_PERS,2026-07,2026-07-04,11,124,14,0.1129,115,124,4364,5978
REVO,GSM_MOVI,2026-07,2026-07-04,11,874,80,0.0915,806,874,11756,14432
REVO,GSM_PERS,2026-07,2026-07-04,11,576,21,0.0365,480,575,33370,46410
REVO,MOVI,2026-07,2026-07-04,11,893,97,0.1086,859,893,26396,33022
AUSO,GSM_MOVI,2026-07,2026-07-04,12,992,151,0.1522,892,992,9875,12055
AUSO,GSM_PERS,2026-07,2026-07-04,12,671,79,0.1177,586,643,3752,4682
AYS3,GSM_PERS,2026-07,2026-07-04,12,148,2,0.0135,128,147,8266,12797
AYSE,GSM_PERS,2026-07,2026-07-04,12,218,22,0.1009,198,218,6151,8796
CVIA,GSM_MOVI,2026-07,2026-07-04,12,2749,129,0.0469,1819,713,93274,123898
CVIA,GSM_PERS,2026-07,2026-07-04,12,2245,185,0.0824,1728,1278,88499,117926
DRPW,GSM_MOVI,2026-07,2026-07-04,12,155,15,0.0968,143,154,1855,2214
DRTV,GSM_PERS,2026-07,2026-07-04,12,556,32,0.0576,461,550,7617,11449
DRTW,GSM_MOVI,2026-07,2026-07-04,12,79,2,0.0253,71,79,783,1111
DRTW,GSM_PERS,2026-07,2026-07-04,12,202,13,0.0644,166,202,6071,9321
FIME,GSM_MOVI,2026-07,2026-07-04,12,2730,136,0.0498,2655,2728,11521,12140
MEL0,GSM_MOVI,2026-07,2026-07-04,12,2139,119,0.0556,1891,2139,18448,23791
MEL0,GSM_PERS,2026-07,2026-07-04,12,653,33,0.0505,596,652,12514,15688
MEL0,MOVI,2026-07,2026-07-04,12,6901,254,0.0368,5827,6561,49193,67874
OEST,GSM_MOVI,2026-07,2026-07-04,12,761,86,0.1130,708,761,9700,11911
OEST,GSM_PERS,2026-07,2026-07-04,12,83,7,0.0843,74,83,4364,5978
REVO,GSM_MOVI,2026-07,2026-07-04,12,1016,81,0.0797,936,1016,11756,14432
REVO,GSM_PERS,2026-07,2026-07-04,12,575,26,0.0452,495,575,33370,46410
REVO,MOVI,2026-07,2026-07-04,12,1643,171,0.1041,1526,1642,26396,33022
AUSO,GSM_MOVI,2026-07,2026-07-04,13,1108,169,0.1525,1003,1107,9875,12055
AUSO,GSM_PERS,2026-07,2026-07-04,13,726,73,0.1006,658,703,3752,4682
AYS3,GSM_PERS,2026-07,2026-07-04,13,201,3,0.0149,172,198,8266,12797
AYSE,GSM_PERS,2026-07,2026-07-04,13,127,15,0.1181,118,127,6151,8796
CVIA,GSM_MOVI,2026-07,2026-07-04,13,2738,176,0.0643,1947,910,93274,123898
CVIA,GSM_PERS,2026-07,2026-07-04,13,2334,168,0.0720,1854,1385,88499,117926
DRPW,GSM_MOVI,2026-07,2026-07-04,13,211,18,0.0853,190,211,1855,2214
DRTV,GSM_PERS,2026-07,2026-07-04,13,422,21,0.0498,328,417,7617,11449
DRTW,GSM_MOVI,2026-07,2026-07-04,13,56,2,0.0357,50,56,783,1111
DRTW,GSM_PERS,2026-07,2026-07-04,13,253,15,0.0593,193,252,6071,9321
FIME,GSM_MOVI,2026-07,2026-07-04,13,1988,80,0.0402,1931,1987,11521,12140
MEL0,GSM_MOVI,2026-07,2026-07-04,13,1965,141,0.0718,1761,1965,18448,23791
MEL0,GSM_PERS,2026-07,2026-07-04,13,571,29,0.0508,518,568,12514,15688
MEL0,MOVI,2026-07,2026-07-04,13,6868,268,0.0390,5898,6536,49193,67874
OEST,GSM_MOVI,2026-07,2026-07-04,13,615,79,0.1285,584,615,7072,8645
OEST,GSM_PERS,2026-07,2026-07-04,13,87,12,0.1379,83,87,4364,5978
REVO,GSM_MOVI,2026-07,2026-07-04,13,1925,177,0.0919,1741,1922,11756,14432
REVO,GSM_PERS,2026-07,2026-07-04,13,597,39,0.0653,518,597,33370,46410
REVO,MOVI,2026-07,2026-07-04,13,1711,164,0.0959,1576,1711,26396,33022
AUSO,GSM_MOVI,2026-07,2026-07-04,14,1054,146,0.1385,982,1053,9875,12055
AUSO,GSM_PERS,2026-07,2026-07-04,14,732,95,0.1298,647,710,3752,4682
AYS3,GSM_PERS,2026-07,2026-07-04,14,189,4,0.0212,164,188,8266,12797
AYSE,GSM_PERS,2026-07,2026-07-04,14,44,4,0.0909,40,44,5656,8262
CVIA,GSM_MOVI,2026-07,2026-07-04,14,2846,164,0.0576,1978,844,93274,123898
CVIA,GSM_PERS,2026-07,2026-07-04,14,2470,192,0.0777,1958,1466,88499,117926
DRPW,GSM_MOVI,2026-07,2026-07-04,14,178,26,0.1461,154,178,1855,2214
DRTV,GSM_PERS,2026-07,2026-07-04,14,408,19,0.0466,339,408,7617,11449
DRTW,GSM_MOVI,2026-07,2026-07-04,14,91,5,0.0549,83,91,783,1111
DRTW,GSM_PERS,2026-07,2026-07-04,14,181,17,0.0939,150,181,6071,9321
FIME,GSM_MOVI,2026-07,2026-07-04,14,1777,86,0.0484,1751,1777,11521,12140
MEL0,GSM_MOVI,2026-07,2026-07-04,14,1840,126,0.0685,1700,1840,18448,23791
MEL0,GSM_PERS,2026-07,2026-07-04,14,568,42,0.0739,527,567,12514,15688
MEL0,MOVI,2026-07,2026-07-04,14,6891,267,0.0387,5973,6569,49193,67874
OEST,GSM_MOVI,2026-07,2026-07-04,14,808,107,0.1324,757,807,7072,8645
OEST,GSM_PERS,2026-07,2026-07-04,14,149,13,0.0872,140,149,4364,5978
REVO,GSM_MOVI,2026-07,2026-07-04,14,2043,153,0.0749,1861,2042,11756,14432
REVO,GSM_PERS,2026-07,2026-07-04,14,610,41,0.0672,561,609,33370,46410
REVO,MOVI,2026-07,2026-07-04,14,1669,188,0.1126,1569,1669,26396,33022
AUSO,GSM_MOVI,2026-07,2026-07-04,15,895,137,0.1531,827,895,9875,12055
AUSO,GSM_PERS,2026-07,2026-07-04,15,688,78,0.1134,609,659,3752,4682
AYS3,GSM_PERS,2026-07,2026-07-04,15,221,6,0.0271,188,221,8266,12797
AYSE,GSM_PERS,2026-07,2026-07-04,15,109,7,0.0642,97,102,5878,8492
CVIA,GSM_MOVI,2026-07,2026-07-04,15,2694,127,0.0471,1912,704,93274,123898
CVIA,GSM_PERS,2026-07,2026-07-04,15,2260,174,0.0770,1774,1304,88499,117926
DRPW,GSM_MOVI,2026-07,2026-07-04,15,328,34,0.1037,297,328,1855,2214
DRTV,GSM_PERS,2026-07,2026-07-04,15,396,17,0.0429,327,396,7617,11449
DRTW,GSM_MOVI,2026-07,2026-07-04,15,114,8,0.0702,100,114,783,1111
DRTW,GSM_PERS,2026-07,2026-07-04,15,179,10,0.0559,144,179,6071,9321
FIME,GSM_MOVI,2026-07,2026-07-04,15,2139,102,0.0477,2092,2139,11521,12140
MEL0,GSM_MOVI,2026-07,2026-07-04,15,1918,131,0.0683,1726,1918,18448,23791
MEL0,GSM_PERS,2026-07,2026-07-04,15,683,48,0.0703,606,680,12514,15688
MEL0,MOVI,2026-07,2026-07-04,15,5646,220,0.0390,4949,5440,49193,67874
OEST,GSM_MOVI,2026-07,2026-07-04,15,722,79,0.1094,693,722,7072,8645
OEST,GSM_PERS,2026-07,2026-07-04,15,161,20,0.1242,137,161,4364,5978
REVO,GSM_MOVI,2026-07,2026-07-04,15,1723,177,0.1027,1582,1721,11756,14432
REVO,GSM_PERS,2026-07,2026-07-04,15,657,50,0.0761,570,656,33370,46410
REVO,MOVI,2026-07,2026-07-04,15,1313,146,0.1112,1237,1313,26396,33022
AUSO,GSM_MOVI,2026-07,2026-07-04,16,1775,245,0.1380,1582,1769,9587,11719
AUSO,GSM_PERS,2026-07,2026-07-04,16,725,86,0.1186,648,694,3752,4682
AYS3,GSM_PERS,2026-07,2026-07-04,16,237,8,0.0338,210,236,8266,12797
AYSE,GSM_PERS,2026-07,2026-07-04,16,84,5,0.0595,80,82,6151,8796
CVIA,GSM_MOVI,2026-07,2026-07-04,16,5562,212,0.0381,3411,1056,93274,123898
CVIA,GSM_PERS,2026-07,2026-07-04,16,2578,199,0.0772,2136,1526,88499,117926
DRPW,GSM_MOVI,2026-07,2026-07-04,16,295,35,0.1186,264,294,1855,2214
DRTV,GSM_PERS,2026-07,2026-07-04,16,507,35,0.0690,424,497,7617,11449
DRTW,GSM_MOVI,2026-07,2026-07-04,16,2,0,0.0000,2,2,783,1111
DRTW,GSM_PERS,2026-07,2026-07-04,16,224,10,0.0446,188,223,6071,9321
MEL0,GSM_MOVI,2026-07,2026-07-04,16,83,10,0.1205,81,83,18448,23791
MEL0,GSM_PERS,2026-07,2026-07-04,16,650,44,0.0677,613,646,12514,15688
OEST,GSM_PERS,2026-07,2026-07-04,16,101,18,0.1782,93,101,4364,5978
REVO,GSM_MOVI,2026-07,2026-07-04,16,1,1,1.0000,1,1,11756,14432
REVO,GSM_PERS,2026-07,2026-07-04,16,598,17,0.0284,546,598,33370,46410
AUSO,GSM_MOVI,2026-07,2026-07-04,17,604,81,0.1341,532,604,6956,8531
AUSO,GSM_PERS,2026-07,2026-07-04,17,601,60,0.0998,550,590,3752,4682
AYS3,GSM_PERS,2026-07,2026-07-04,17,106,1,0.0094,84,102,8266,12797
AYSE,GSM_PERS,2026-07,2026-07-04,17,98,11,0.1122,83,98,6151,8796
CVIA,GSM_MOVI,2026-07,2026-07-04,17,2788,119,0.0427,1747,492,69487,84634
CVIA,GSM_PERS,2026-07,2026-07-04,17,2116,153,0.0723,1648,1289,88499,117926
DRPW,GSM_MOVI,2026-07,2026-07-04,17,245,27,0.1102,221,245,1855,2214
DRTV,GSM_PERS,2026-07,2026-07-04,17,480,30,0.0625,373,478,7617,11449
DRTW,GSM_PERS,2026-07,2026-07-04,17,140,11,0.0786,113,140,6071,9321
MEL0,GSM_PERS,2026-07,2026-07-04,17,574,35,0.0610,533,573,12514,15688
OEST,GSM_PERS,2026-07,2026-07-04,17,129,15,0.1163,113,129,4364,5978
REVO,GSM_PERS,2026-07,2026-07-04,17,438,20,0.0457,380,438,33370,46410
AUSO,GSM_MOVI,2026-07,2026-07-04,18,238,33,0.1387,220,238,6956,8531
AUSO,GSM_PERS,2026-07,2026-07-04,18,877,103,0.1174,791,833,3752,4682
AYS3,GSM_PERS,2026-07,2026-07-04,18,284,6,0.0211,256,280,8266,12797
AYSE,GSM_PERS,2026-07,2026-07-04,18,141,14,0.0993,134,141,6151,8796
CVIA,GSM_MOVI,2026-07,2026-07-04,18,361,13,0.0360,252,81,69487,84634
CVIA,GSM_PERS,2026-07,2026-07-04,18,3027,234,0.0773,2656,1862,88499,117926
DRPW,GSM_MOVI,2026-07,2026-07-04,18,21,0,0.0000,20,21,1855,2214
DRTV,GSM_PERS,2026-07,2026-07-04,18,527,33,0.0626,467,522,7617,11449
DRTW,GSM_PERS,2026-07,2026-07-04,18,257,14,0.0545,233,256,6071,9321
MEL0,GSM_PERS,2026-07,2026-07-04,18,716,37,0.0517,672,708,12514,15688
OEST,GSM_PERS,2026-07,2026-07-04,18,77,8,0.1039,74,77,4364,5978
REVO,GSM_PERS,2026-07,2026-07-04,18,816,45,0.0551,734,816,33370,46410
AUSO,GSM_PERS,2026-07,2026-07-04,19,848,115,0.1356,775,807,3752,4682
AYS3,GSM_PERS,2026-07,2026-07-04,19,230,4,0.0174,203,230,8266,12797
AYSE,GSM_PERS,2026-07,2026-07-04,19,181,22,0.1215,169,181,6151,8796
CVIA,GSM_PERS,2026-07,2026-07-04,19,3054,234,0.0766,2673,1838,88499,117926
DRTV,GSM_PERS,2026-07,2026-07-04,19,554,34,0.0614,475,549,7617,11449
DRTW,GSM_PERS,2026-07,2026-07-04,19,227,17,0.0749,211,227,6071,9321
MEL0,GSM_PERS,2026-07,2026-07-04,19,779,55,0.0706,733,773,12514,15688
OEST,GSM_PERS,2026-07,2026-07-04,19,136,19,0.1397,127,136,4364,5978
REVO,GSM_PERS,2026-07,2026-07-04,19,834,34,0.0408,779,834,33370,46410
AUSO,GSM_PERS,2026-07,2026-07-04,20,646,87,0.1347,600,623,3752,4682
AYS3,GSM_PERS,2026-07,2026-07-04,20,271,12,0.0443,249,266,8266,12797
AYSE,GSM_PERS,2026-07,2026-07-04,20,171,32,0.1871,163,170,6151,8796
CVIA,GSM_PERS,2026-07,2026-07-04,20,2990,255,0.0853,2694,1792,88499,117926
DRTV,GSM_PERS,2026-07,2026-07-04,20,673,30,0.0446,595,663,7617,11449
DRTW,GSM_PERS,2026-07,2026-07-04,20,248,16,0.0645,223,248,6071,9321
MEL0,GSM_PERS,2026-07,2026-07-04,20,771,57,0.0739,736,765,12514,15688
OEST,GSM_PERS,2026-07,2026-07-04,20,135,16,0.1185,125,135,4364,5978
REVO,GSM_PERS,2026-07,2026-07-04,20,891,51,0.0572,838,891,33370,46410
AYS3,GSM_PERS,2026-07,2026-07-04,21,1,0,0.0000,1,1,8266,12797
CVIA,GSM_PERS,2026-07,2026-07-04,21,13,1,0.0769,12,7,67866,86525
MEL0,GSM_PERS,2026-07,2026-07-04,21,1,0,0.0000,1,1,7781,8871
REVO,GSM_PERS,2026-07,2026-07-04,21,2,0,0.0000,2,2,26038,37982
AUSO,GSM_MOVI,2026-07,2026-07-05,8,633,54,0.0853,431,632,5588,9722
AYS3,GSM_PERS,2026-07,2026-07-05,8,45,0,0.0000,37,45,8266,12797
AYSE,GSM_PERS,2026-07,2026-07-05,8,59,3,0.0508,51,59,6151,8796
CVIA,GSM_MOVI,2026-07,2026-07-05,8,4326,73,0.0169,3344,4315,34370,56418
CVIA,GSM_PERS,2026-07,2026-07-05,8,1505,65,0.0432,1276,975,88499,117926
DRTV,GSM_PERS,2026-07,2026-07-05,8,206,11,0.0534,185,206,7617,11449
DRTW,GSM_PERS,2026-07,2026-07-05,8,70,2,0.0286,58,70,6071,9321
MEL0,GSM_PERS,2026-07,2026-07-05,8,250,10,0.0400,234,249,12514,15688
OEST,GSM_PERS,2026-07,2026-07-05,8,157,7,0.0446,130,156,4364,5978
REVO,GSM_PERS,2026-07,2026-07-05,8,279,8,0.0287,243,277,33370,46410
AUSO,GSM_MOVI,2026-07,2026-07-05,9,1593,140,0.0879,1164,1591,5588,9722
AYS3,GSM_PERS,2026-07,2026-07-05,9,72,0,0.0000,61,72,8266,12797
AYSE,GSM_PERS,2026-07,2026-07-05,9,104,7,0.0673,93,103,6151,8796
CVIA,GSM_MOVI,2026-07,2026-07-05,9,6977,159,0.0228,5676,6966,34370,56418
CVIA,GSM_PERS,2026-07,2026-07-05,9,3263,198,0.0607,2798,2126,88499,117926
DRTV,GSM_PERS,2026-07,2026-07-05,9,480,25,0.0521,405,474,7617,11449
DRTW,GSM_PERS,2026-07,2026-07-05,9,227,5,0.0220,178,223,6071,9321
MEL0,GSM_PERS,2026-07,2026-07-05,9,476,15,0.0315,439,472,12514,15688
OEST,GSM_MOVI,2026-07,2026-07-05,9,1840,159,0.0864,1482,1832,2787,3826
OEST,GSM_PERS,2026-07,2026-07-05,9,315,15,0.0476,270,311,4364,5978
REVO,GSM_PERS,2026-07,2026-07-05,9,517,22,0.0426,466,517,33370,46410
REVO,MOVI,2026-07,2026-07-05,9,8088,451,0.0558,6993,8088,26334,32958
AUSO,GSM_MOVI,2026-07,2026-07-05,10,1449,146,0.1008,1077,1446,5588,9722
AYS3,GSM_PERS,2026-07,2026-07-05,10,79,0,0.0000,73,79,8266,12797
AYSE,GSM_PERS,2026-07,2026-07-05,10,78,6,0.0769,68,78,5878,8492
CVIA,GSM_MOVI,2026-07,2026-07-05,10,6130,164,0.0268,5088,6118,34370,56418
CVIA,GSM_PERS,2026-07,2026-07-05,10,3218,230,0.0715,2704,2087,88499,117926
DRTV,GSM_PERS,2026-07,2026-07-05,10,413,24,0.0581,356,406,7617,11449
DRTW,GSM_PERS,2026-07,2026-07-05,10,173,5,0.0289,143,173,6071,9321
MEL0,GSM_MOVI,2026-07,2026-07-05,10,683,29,0.0425,608,683,18448,23791
MEL0,GSM_PERS,2026-07,2026-07-05,10,410,18,0.0439,386,408,12514,15688
MEL0,MOVI,2026-07,2026-07-05,10,4033,134,0.0332,3592,4029,49193,67874
OEST,GSM_MOVI,2026-07,2026-07-05,10,1863,163,0.0875,1482,1859,2787,3826
OEST,GSM_PERS,2026-07,2026-07-05,10,280,21,0.0750,230,277,4364,5978
REVO,GSM_PERS,2026-07,2026-07-05,10,571,18,0.0315,511,565,33370,46410
REVO,MOVI,2026-07,2026-07-05,10,5078,236,0.0465,4522,5075,26334,32958
AUSO,GSM_MOVI,2026-07,2026-07-05,11,1554,171,0.1100,1172,1552,5588,9722
AYS3,GSM_PERS,2026-07,2026-07-05,11,48,1,0.0208,42,48,8266,12797
AYSE,GSM_PERS,2026-07,2026-07-05,11,75,8,0.1067,65,75,6151,8796
CVIA,GSM_MOVI,2026-07,2026-07-05,11,5833,154,0.0264,4867,5825,34370,56418
CVIA,GSM_PERS,2026-07,2026-07-05,11,2523,228,0.0904,2184,1698,88499,117926
DRTV,GSM_PERS,2026-07,2026-07-05,11,301,18,0.0598,256,299,7617,11449
DRTW,GSM_PERS,2026-07,2026-07-05,11,199,12,0.0603,157,198,6071,9321
MEL0,GSM_MOVI,2026-07,2026-07-05,11,2836,156,0.0550,2478,2836,18448,23791
MEL0,GSM_PERS,2026-07,2026-07-05,11,860,45,0.0523,766,832,12514,15688
MEL0,MOVI,2026-07,2026-07-05,11,8969,267,0.0298,7552,8847,49193,67874
OEST,GSM_PERS,2026-07,2026-07-05,11,195,30,0.1538,170,195,4364,5978
REVO,GSM_PERS,2026-07,2026-07-05,11,970,36,0.0371,825,942,33370,46410
REVO,MOVI,2026-07,2026-07-05,11,963,58,0.0602,916,963,26334,32958
AUSO,GSM_MOVI,2026-07,2026-07-05,12,1556,197,0.1266,1224,1552,5588,9722
AYS3,GSM_PERS,2026-07,2026-07-05,12,79,5,0.0633,73,79,8266,12797
AYSE,GSM_PERS,2026-07,2026-07-05,12,172,25,0.1453,148,172,6151,8796
CVIA,GSM_MOVI,2026-07,2026-07-05,12,6130,231,0.0377,5178,6120,34370,56418
CVIA,GSM_PERS,2026-07,2026-07-05,12,2425,236,0.0973,2122,1671,88499,117926
DRTV,GSM_PERS,2026-07,2026-07-05,12,370,14,0.0378,300,360,7617,11449
DRTW,GSM_PERS,2026-07,2026-07-05,12,224,11,0.0491,174,223,6071,9321
MEL0,GSM_MOVI,2026-07,2026-07-05,12,2700,174,0.0644,2387,2700,18448,23791
MEL0,GSM_PERS,2026-07,2026-07-05,12,895,56,0.0626,793,874,12514,15688
MEL0,MOVI,2026-07,2026-07-05,12,7132,210,0.0294,6057,6797,49193,67874
OEST,GSM_PERS,2026-07,2026-07-05,12,240,29,0.1208,206,231,4364,5978
REVO,GSM_PERS,2026-07,2026-07-05,12,838,41,0.0489,716,817,33370,46410
REVO,MOVI,2026-07,2026-07-05,12,1586,116,0.0731,1443,1586,26334,32958
AUSO,GSM_MOVI,2026-07,2026-07-05,13,1531,219,0.1430,1227,1530,5588,9722
AYS3,GSM_PERS,2026-07,2026-07-05,13,79,0,0.0000,67,78,8266,12797
AYSE,GSM_PERS,2026-07,2026-07-05,13,72,8,0.1111,62,72,6151,8796
CVIA,GSM_MOVI,2026-07,2026-07-05,13,5973,235,0.0393,5129,5962,34370,56418
CVIA,GSM_PERS,2026-07,2026-07-05,13,2474,255,0.1031,2166,1739,88499,117926
DRTV,GSM_PERS,2026-07,2026-07-05,13,264,13,0.0492,235,264,7617,11449
DRTW,GSM_PERS,2026-07,2026-07-05,13,154,4,0.0260,126,153,6071,9321
MEL0,GSM_MOVI,2026-07,2026-07-05,13,2813,188,0.0668,2495,2813,18448,23791
MEL0,GSM_PERS,2026-07,2026-07-05,13,955,67,0.0702,846,925,12514,15688
MEL0,MOVI,2026-07,2026-07-05,13,7102,250,0.0352,6060,6728,49193,67874
OEST,GSM_PERS,2026-07,2026-07-05,13,214,23,0.1075,184,211,4364,5978
REVO,GSM_PERS,2026-07,2026-07-05,13,991,52,0.0525,871,978,33370,46410
REVO,MOVI,2026-07,2026-07-05,13,1590,102,0.0642,1485,1590,26334,32958
AUSO,GSM_MOVI,2026-07,2026-07-05,14,632,85,0.1345,510,632,5588,9722
AYS3,GSM_PERS,2026-07,2026-07-05,14,69,1,0.0145,59,69,8266,12797
AYSE,GSM_PERS,2026-07,2026-07-05,14,74,11,0.1486,68,74,6151,8796
CVIA,GSM_MOVI,2026-07,2026-07-05,14,8062,256,0.0318,6670,8053,34370,56418
CVIA,GSM_PERS,2026-07,2026-07-05,14,2443,223,0.0913,2155,1650,88499,117926
DRTV,GSM_PERS,2026-07,2026-07-05,14,316,14,0.0443,262,314,7617,11449
DRTW,GSM_PERS,2026-07,2026-07-05,14,188,10,0.0532,154,188,6071,9321
MEL0,GSM_MOVI,2026-07,2026-07-05,14,1561,117,0.0750,1414,1561,18448,23791
MEL0,GSM_PERS,2026-07,2026-07-05,14,1019,63,0.0618,916,994,12514,15688
MEL0,MOVI,2026-07,2026-07-05,14,7187,234,0.0326,6193,6860,49193,67874
OEST,GSM_PERS,2026-07,2026-07-05,14,266,27,0.1015,224,262,4364,5978
REVO,GSM_PERS,2026-07,2026-07-05,14,890,39,0.0438,787,867,33370,46410
REVO,MOVI,2026-07,2026-07-05,14,1568,104,0.0663,1483,1568,26334,32958
AYS3,GSM_PERS,2026-07,2026-07-05,15,97,3,0.0309,87,97,8266,12797
AYSE,GSM_PERS,2026-07,2026-07-05,15,137,10,0.0730,125,137,6151,8796
CVIA,GSM_MOVI,2026-07,2026-07-05,15,1405,32,0.0228,1203,1403,34370,56418
CVIA,GSM_PERS,2026-07,2026-07-05,15,3067,248,0.0809,2773,2077,88499,117926
DRTV,GSM_PERS,2026-07,2026-07-05,15,330,21,0.0636,293,327,7617,11449
DRTW,GSM_PERS,2026-07,2026-07-05,15,232,14,0.0603,209,231,6071,9321
MEL0,GSM_MOVI,2026-07,2026-07-05,15,69,3,0.0435,62,69,18448,23791
MEL0,GSM_PERS,2026-07,2026-07-05,15,1127,73,0.0648,1041,1094,12514,15688
MEL0,MOVI,2026-07,2026-07-05,15,4723,143,0.0303,4207,4573,49193,67874
OEST,GSM_PERS,2026-07,2026-07-05,15,298,30,0.1007,259,295,4364,5978
REVO,GSM_PERS,2026-07,2026-07-05,15,1152,50,0.0434,1039,1120,33370,46410
REVO,MOVI,2026-07,2026-07-05,15,1011,56,0.0554,958,1010,26334,32958
AYS3,GSM_PERS,2026-07,2026-07-05,16,85,2,0.0235,78,84,8266,12797
AYSE,GSM_PERS,2026-07,2026-07-05,16,80,10,0.1250,75,80,6151,8796
CVIA,GSM_PERS,2026-07,2026-07-05,16,3225,277,0.0859,2942,2126,88499,117926
DRTV,GSM_PERS,2026-07,2026-07-05,16,369,20,0.0542,332,366,7617,11449
DRTW,GSM_PERS,2026-07,2026-07-05,16,269,13,0.0483,227,267,6071,9321
MEL0,GSM_PERS,2026-07,2026-07-05,16,1043,59,0.0566,986,1026,12514,15688
OEST,GSM_PERS,2026-07,2026-07-05,16,295,25,0.0847,262,291,4364,5978
REVO,GSM_PERS,2026-07,2026-07-05,16,1151,67,0.0582,1031,1115,33370,46410
AYS3,GSM_PERS,2026-07,2026-07-05,17,85,3,0.0353,83,85,8266,12797
AYSE,GSM_PERS,2026-07,2026-07-05,17,95,5,0.0526,90,95,6151,8796
CVIA,GSM_PERS,2026-07,2026-07-05,17,3164,259,0.0819,2931,2148,88499,117926
DRTV,GSM_PERS,2026-07,2026-07-05,17,338,18,0.0533,307,337,7617,11449
DRTW,GSM_PERS,2026-07,2026-07-05,17,234,9,0.0385,201,232,6071,9321
MEL0,GSM_PERS,2026-07,2026-07-05,17,1309,67,0.0512,1190,1279,12514,15688
OEST,GSM_PERS,2026-07,2026-07-05,17,311,37,0.1190,288,306,4364,5978
REVO,GSM_PERS,2026-07,2026-07-05,17,1044,44,0.0421,956,1019,33370,46410
AYS3,GSM_PERS,2026-07,2026-07-05,18,98,6,0.0612,95,98,8266,12797
AYSE,GSM_PERS,2026-07,2026-07-05,18,85,3,0.0353,83,85,6151,8796
CVIA,GSM_PERS,2026-07,2026-07-05,18,3267,300,0.0918,3023,2278,88499,117926
DRTV,GSM_PERS,2026-07,2026-07-05,18,345,25,0.0725,323,342,7617,11449
DRTW,GSM_PERS,2026-07,2026-07-05,18,190,9,0.0474,158,186,6071,9321
MEL0,GSM_PERS,2026-07,2026-07-05,18,1209,77,0.0637,1109,1170,12514,15688
OEST,GSM_PERS,2026-07,2026-07-05,18,286,40,0.1399,261,284,4364,5978
REVO,GSM_PERS,2026-07,2026-07-05,18,1121,53,0.0473,998,1089,33370,46410
AYS3,GSM_PERS,2026-07,2026-07-05,19,124,7,0.0565,117,122,8266,12797
AYSE,GSM_PERS,2026-07,2026-07-05,19,136,12,0.0882,131,135,6151,8796
CVIA,GSM_PERS,2026-07,2026-07-05,19,2404,305,0.1269,2211,2316,88499,117926
DRTV,GSM_PERS,2026-07,2026-07-05,19,569,26,0.0457,506,560,7617,11449
DRTW,GSM_PERS,2026-07,2026-07-05,19,303,10,0.0330,249,300,6071,9321
MEL0,GSM_PERS,2026-07,2026-07-05,19,623,38,0.0610,579,611,12514,15688
OEST,GSM_PERS,2026-07,2026-07-05,19,470,57,0.1213,413,465,4364,5978
REVO,GSM_PERS,2026-07,2026-07-05,19,1619,85,0.0525,1428,1555,33370,46410
AYS3,GSM_PERS,2026-07,2026-07-05,20,125,5,0.0400,111,125,8266,12797
AYSE,GSM_PERS,2026-07,2026-07-05,20,176,18,0.1023,161,175,6151,8796
CVIA,GSM_PERS,2026-07,2026-07-05,20,2511,314,0.1250,2331,2422,88499,117926
DRTV,GSM_PERS,2026-07,2026-07-05,20,466,34,0.0730,420,461,7617,11449
DRTW,GSM_PERS,2026-07,2026-07-05,20,350,14,0.0400,307,346,6071,9321
MEL0,GSM_PERS,2026-07,2026-07-05,20,605,38,0.0628,574,599,12514,15688
OEST,GSM_PERS,2026-07,2026-07-05,20,517,48,0.0928,448,511,4364,5978
REVO,GSM_PERS,2026-07,2026-07-05,20,1585,84,0.0530,1427,1527,33370,46410
CVIA,GSM_PERS,2026-07,2026-07-05,21,2,0,0.0000,2,2,28863,24703
REVO,GSM_PERS,2026-07,2026-07-05,21,1,0,0.0000,1,1,26038,37982
ADT1,GSM_MOVI,2026-07,2026-07-06,8,577,29,0.0503,295,570,322,711
AUSO,GSM_MOVI,2026-07,2026-07-06,8,458,38,0.0830,339,457,5588,9722
AYS3,GSM_MOVI,2026-07,2026-07-06,8,25,7,0.2800,23,25,7092,10410
AYS3,GSM_PERS,2026-07,2026-07-06,8,4,1,0.2500,4,4,8823,13360
AYSA,GSM_MOVI,2026-07,2026-07-06,8,144,31,0.2153,133,144,4232,5753
AYSA,GSM_PERS,2026-07,2026-07-06,8,13,0,0.0000,12,13,4908,5181
AYSE,GSM_MOVI,2026-07,2026-07-06,8,220,57,0.2591,193,220,2420,3608
AYSE,GSM_PERS,2026-07,2026-07-06,8,21,4,0.1905,21,21,5878,8492
CVIA,GSM_MOVI,2026-07,2026-07-06,8,3814,45,0.0118,2768,2471,93274,123898
CVIA,GSM_PERS,2026-07,2026-07-06,8,1145,86,0.0751,813,467,88499,117926
DRTV,GSM_PERS,2026-07,2026-07-06,8,126,7,0.0556,108,126,7617,11449
DRTW,GSM_PERS,2026-07,2026-07-06,8,215,12,0.0558,176,214,6071,9321
MEL0,GSM_PERS,2026-07,2026-07-06,8,216,2,0.0093,199,215,12514,15688
OEST,GSM_PERS,2026-07,2026-07-06,8,352,34,0.0966,284,346,3013,4415
REVO,GSM_PERS,2026-07,2026-07-06,8,485,22,0.0454,451,478,33370,46410
ADT1,GSM_MOVI,2026-07,2026-07-06,9,90,3,0.0333,59,89,322,711
AUSO,GSM_MOVI,2026-07,2026-07-06,9,1152,106,0.0920,887,1152,5588,9722
AYS3,GSM_MOVI,2026-07,2026-07-06,9,485,62,0.1278,469,484,8508,12038
AYS3,GSM_PERS,2026-07,2026-07-06,9,185,4,0.0216,149,179,9253,13813
AYS3,MOVI,2026-07,2026-07-06,9,66,4,0.0606,37,66,1845,2293
AYSA,GSM_MOVI,2026-07,2026-07-06,9,65,19,0.2923,61,65,4232,5753
AYSA,GSM_PERS,2026-07,2026-07-06,9,47,6,0.1277,46,47,4908,5181
AYSA,MOVI,2026-07,2026-07-06,9,213,9,0.0423,134,213,1402,1647
AYSC,MOVI,2026-07,2026-07-06,9,1279,37,0.0289,586,1260,587,1263
AYSE,GSM_MOVI,2026-07,2026-07-06,9,58,19,0.3276,56,58,2420,3608
AYSE,GSM_PERS,2026-07,2026-07-06,9,469,58,0.1237,409,469,6151,8796
AYSE,MOVI,2026-07,2026-07-06,9,43,7,0.1628,42,43,2847,4348
CVIA,GSM_MOVI,2026-07,2026-07-06,9,7396,303,0.0410,5592,5002,93274,123898
CVIA,GSM_PERS,2026-07,2026-07-06,9,1703,195,0.1145,1341,1023,88499,117926
DRTV,GSM_PERS,2026-07,2026-07-06,9,676,30,0.0444,478,673,7617,11449
DRTV,MOVI,2026-07,2026-07-06,9,38,5,0.1316,38,38,7484,8902
DRTW,GSM_MOVI,2026-07,2026-07-06,9,946,71,0.0751,806,946,5719,7369
DRTW,GSM_PERS,2026-07,2026-07-06,9,325,10,0.0308,241,322,6071,9321
DRTW,MOVI,2026-07,2026-07-06,9,57,0,0.0000,56,57,7510,9361
MEL0,GSM_PERS,2026-07,2026-07-06,9,487,29,0.0595,438,483,12514,15688
OEST,GSM_MOVI,2026-07,2026-07-06,9,124,15,0.1210,95,124,2787,3826
OEST,GSM_PERS,2026-07,2026-07-06,9,449,36,0.0802,334,430,3013,4415
REVO,GSM_PERS,2026-07,2026-07-06,9,867,35,0.0404,777,850,33370,46410
AUSO,GSM_MOVI,2026-07,2026-07-06,10,1031,87,0.0844,800,1031,5588,9722
AYS3,GSM_MOVI,2026-07,2026-07-06,10,64,10,0.1563,64,64,5441,8091
AYS3,GSM_PERS,2026-07,2026-07-06,10,297,10,0.0337,207,286,9253,13813
AYSA,GSM_PERS,2026-07,2026-07-06,10,96,12,0.1250,94,96,4908,5181
AYSE,GSM_PERS,2026-07,2026-07-06,10,754,82,0.1088,596,749,6151,8796
AYSE,MOVI,2026-07,2026-07-06,10,462,107,0.2316,418,462,2847,4348
CVIA,GSM_MOVI,2026-07,2026-07-06,10,5836,224,0.0384,4311,3783,93274,123898
CVIA,GSM_PERS,2026-07,2026-07-06,10,1085,216,0.1991,1017,1085,32082,48835
DRTV,GSM_PERS,2026-07,2026-07-06,10,845,37,0.0438,559,833,7617,11449
DRTV,MOVI,2026-07,2026-07-06,10,612,45,0.0735,604,612,7484,8902
DRTW,GSM_MOVI,2026-07,2026-07-06,10,1208,101,0.0836,1026,1208,5719,7369
DRTW,GSM_PERS,2026-07,2026-07-06,10,360,12,0.0333,255,349,6071,9321
DRTW,MOVI,2026-07,2026-07-06,10,605,40,0.0661,591,605,7510,9361
FIME,GSM_MOVI,2026-07,2026-07-06,10,847,35,0.0413,816,847,11521,12140
MEL0,GSM_MOVI,2026-07,2026-07-06,10,298,15,0.0503,255,298,18448,23791
MEL0,GSM_PERS,2026-07,2026-07-06,10,421,19,0.0451,372,414,12514,15688
MEL0,MOVI,2026-07,2026-07-06,10,834,39,0.0468,824,834,49193,67874
OEST,GSM_MOVI,2026-07,2026-07-06,10,158,12,0.0759,130,158,2787,3826
OEST,GSM_PERS,2026-07,2026-07-06,10,431,29,0.0673,323,422,3013,4415
REVO,GSM_PERS,2026-07,2026-07-06,10,830,36,0.0434,737,814,33370,46410
AUSO,GSM_MOVI,2026-07,2026-07-06,11,1137,111,0.0976,894,1136,5588,9722
AYS3,GSM_MOVI,2026-07,2026-07-06,11,25,4,0.1600,25,25,5441,8091
AYS3,GSM_PERS,2026-07,2026-07-06,11,181,5,0.0276,147,180,9253,13813
AYSA,GSM_PERS,2026-07,2026-07-06,11,71,9,0.1268,70,71,4908,5181
AYSE,GSM_PERS,2026-07,2026-07-06,11,381,38,0.0997,305,376,6151,8796
AYSE,MOVI,2026-07,2026-07-06,11,105,34,0.3238,103,105,2847,4348
AYSJ,GSM_MOVI,2026-07,2026-07-06,11,302,8,0.0265,217,264,929,1296
CVIA,GSM_MOVI,2026-07,2026-07-06,11,5572,211,0.0379,4138,3485,93274,123898
CVIA,GSM_PERS,2026-07,2026-07-06,11,808,172,0.2129,760,808,32082,48835
DRTV,GSM_PERS,2026-07,2026-07-06,11,718,43,0.0599,538,714,7617,11449
DRTV,MOVI,2026-07,2026-07-06,11,279,18,0.0645,278,279,7484,8902
DRTW,GSM_MOVI,2026-07,2026-07-06,11,397,30,0.0756,347,397,5719,7369
DRTW,GSM_PERS,2026-07,2026-07-06,11,220,12,0.0545,171,220,6071,9321
DRTW,MOVI,2026-07,2026-07-06,11,307,22,0.0717,305,307,7510,9361
FIME,GSM_MOVI,2026-07,2026-07-06,11,1099,28,0.0255,1067,1099,11521,12140
MEL0,GSM_MOVI,2026-07,2026-07-06,11,1310,89,0.0679,1156,1310,18448,23791
MEL0,GSM_PERS,2026-07,2026-07-06,11,1990,124,0.0623,1739,1985,12514,15688
MEL0,MOVI,2026-07,2026-07-06,11,1758,86,0.0489,1736,1758,49193,67874
OEST,GSM_MOVI,2026-07,2026-07-06,11,334,33,0.0988,286,334,2787,3826
OEST,GSM_PERS,2026-07,2026-07-06,11,381,40,0.1050,316,376,3013,4415
REVO,GSM_PERS,2026-07,2026-07-06,11,562,34,0.0605,512,546,33370,46410
AUSO,GSM_MOVI,2026-07,2026-07-06,12,1054,106,0.1006,832,1053,5588,9722
AYS3,GSM_MOVI,2026-07,2026-07-06,12,39,6,0.1538,39,39,8508,12038
AYS3,GSM_PERS,2026-07,2026-07-06,12,119,5,0.0420,95,114,9253,13813
AYSA,GSM_PERS,2026-07,2026-07-06,12,57,8,0.1404,57,57,4908,5181
AYSE,GSM_PERS,2026-07,2026-07-06,12,435,43,0.0989,359,435,6151,8796
AYSE,MOVI,2026-07,2026-07-06,12,277,60,0.2166,262,277,2847,4348
AYSJ,GSM_MOVI,2026-07,2026-07-06,12,188,8,0.0426,147,181,929,1296
CVIA,GSM_MOVI,2026-07,2026-07-06,12,5289,250,0.0473,3892,3218,93274,123898
CVIA,GSM_PERS,2026-07,2026-07-06,12,842,180,0.2138,799,842,32082,48835
DRTV,GSM_PERS,2026-07,2026-07-06,12,718,37,0.0515,531,716,7617,11449
DRTV,MOVI,2026-07,2026-07-06,12,781,64,0.0819,772,781,7484,8902
DRTW,GSM_MOVI,2026-07,2026-07-06,12,497,36,0.0724,439,497,5719,7369
DRTW,GSM_PERS,2026-07,2026-07-06,12,238,6,0.0252,180,233,6071,9321
DRTW,MOVI,2026-07,2026-07-06,12,847,50,0.0590,824,847,7510,9361
FIME,GSM_MOVI,2026-07,2026-07-06,12,1227,69,0.0562,1193,1227,11521,12140
MEL0,GSM_MOVI,2026-07,2026-07-06,12,906,68,0.0751,802,906,18448,23791
MEL0,GSM_PERS,2026-07,2026-07-06,12,2053,119,0.0580,1797,2050,12514,15688
MEL0,MOVI,2026-07,2026-07-06,12,1689,108,0.0639,1667,1689,49193,67874
OEST,GSM_MOVI,2026-07,2026-07-06,12,193,12,0.0622,167,193,2787,3826
OEST,GSM_PERS,2026-07,2026-07-06,12,283,30,0.1060,236,276,3013,4415
OEST,Sin proveedor,2026-07,2026-07-06,12,2,2,1.0000,1,1,4,4
REVO,GSM_PERS,2026-07,2026-07-06,12,531,26,0.0490,484,524,33370,46410
AUSO,GSM_MOVI,2026-07,2026-07-06,13,1043,97,0.0930,830,1042,5588,9722
AYS3,GSM_MOVI,2026-07,2026-07-06,13,63,12,0.1905,63,63,8508,12038
AYS3,GSM_PERS,2026-07,2026-07-06,13,262,16,0.0611,197,253,9253,13813
AYSA,GSM_PERS,2026-07,2026-07-06,13,119,12,0.1008,116,119,4908,5181
AYSE,GSM_PERS,2026-07,2026-07-06,13,421,53,0.1259,337,421,6151,8796
AYSE,MOVI,2026-07,2026-07-06,13,18,6,0.3333,18,18,2657,4022
AYSJ,GSM_MOVI,2026-07,2026-07-06,13,286,8,0.0280,219,264,929,1296
CVIA,GSM_MOVI,2026-07,2026-07-06,13,5079,241,0.0475,3821,3099,93274,123898
CVIA,GSM_PERS,2026-07,2026-07-06,13,1013,205,0.2024,959,1012,32082,48835
DRTV,GSM_PERS,2026-07,2026-07-06,13,1108,59,0.0532,760,1097,7617,11449
DRTV,MOVI,2026-07,2026-07-06,13,774,81,0.1047,759,774,7484,8902
DRTW,GSM_MOVI,2026-07,2026-07-06,13,474,36,0.0759,410,474,5719,7369
DRTW,GSM_PERS,2026-07,2026-07-06,13,235,7,0.0298,171,235,6071,9321
DRTW,MOVI,2026-07,2026-07-06,13,803,42,0.0523,779,803,7510,9361
FIME,GSM_MOVI,2026-07,2026-07-06,13,1065,61,0.0573,1046,1065,11521,12140
MEL0,GSM_MOVI,2026-07,2026-07-06,13,1093,79,0.0723,963,1093,18448,23791
MEL0,GSM_PERS,2026-07,2026-07-06,13,1004,64,0.0637,898,995,12514,15688
MEL0,MOVI,2026-07,2026-07-06,13,1806,86,0.0476,1782,1806,49193,67874
OEST,GSM_MOVI,2026-07,2026-07-06,13,233,19,0.0815,192,231,2787,3826
OEST,GSM_PERS,2026-07,2026-07-06,13,450,36,0.0800,359,444,3013,4415
REVO,GSM_PERS,2026-07,2026-07-06,13,590,33,0.0559,534,578,33370,46410
AUSO,GSM_MOVI,2026-07,2026-07-06,14,1025,102,0.0995,834,1025,5588,9722
AYS3,GSM_MOVI,2026-07,2026-07-06,14,92,9,0.0978,88,92,8508,12038
AYS3,GSM_PERS,2026-07,2026-07-06,14,240,7,0.0292,190,240,9253,13813
AYSA,GSM_PERS,2026-07,2026-07-06,14,82,10,0.1220,79,82,4908,5181
AYSE,GSM_PERS,2026-07,2026-07-06,14,572,78,0.1364,471,572,6151,8796
AYSE,MOVI,2026-07,2026-07-06,14,574,13,0.0226,435,573,2847,4348
AYSJ,GSM_MOVI,2026-07,2026-07-06,14,289,14,0.0484,225,276,929,1296
CVIA,GSM_MOVI,2026-07,2026-07-06,14,5272,249,0.0472,4008,3181,93274,123898
CVIA,GSM_PERS,2026-07,2026-07-06,14,1156,239,0.2067,1096,1156,32082,48835
DRTV,GSM_PERS,2026-07,2026-07-06,14,902,46,0.0510,631,874,7617,11449
DRTV,MOVI,2026-07,2026-07-06,14,794,49,0.0617,784,794,7484,8902
DRTW,GSM_MOVI,2026-07,2026-07-06,14,506,45,0.0889,441,506,5719,7369
DRTW,GSM_PERS,2026-07,2026-07-06,14,296,13,0.0439,206,288,6071,9321
DRTW,MOVI,2026-07,2026-07-06,14,809,54,0.0667,797,809,7510,9361
FIME,GSM_MOVI,2026-07,2026-07-06,14,1029,56,0.0544,1004,1028,11521,12140
MEL0,GSM_MOVI,2026-07,2026-07-06,14,920,56,0.0609,829,920,18448,23791
MEL0,GSM_PERS,2026-07,2026-07-06,14,595,28,0.0471,515,584,12514,15688
MEL0,MOVI,2026-07,2026-07-06,14,1758,98,0.0557,1735,1758,49193,67874
MEL0,Sin proveedor,2026-07,2026-07-06,14,1,0,0.0000,1,1,2,2
OEST,GSM_MOVI,2026-07,2026-07-06,14,115,13,0.1130,95,115,2787,3826
OEST,GSM_PERS,2026-07,2026-07-06,14,642,41,0.0639,484,627,3013,4415
REVO,GSM_PERS,2026-07,2026-07-06,14,613,32,0.0522,574,609,33370,46410
REVO,Sin proveedor,2026-07,2026-07-06,14,2,2,1.0000,1,1,3,3
AUSO,GSM_MOVI,2026-07,2026-07-06,15,1028,101,0.0982,847,1028,5588,9722
AUSO,Sin proveedor,2026-07,2026-07-06,15,1,1,1.0000,1,1,1,1
AYS3,GSM_MOVI,2026-07,2026-07-06,15,93,14,0.1505,90,93,8508,12038
AYS3,GSM_PERS,2026-07,2026-07-06,15,236,11,0.0466,194,235,9253,13813
AYSA,GSM_PERS,2026-07,2026-07-06,15,117,16,0.1368,116,117,4908,5181
AYSE,GSM_PERS,2026-07,2026-07-06,15,580,64,0.1103,453,580,6151,8796
AYSE,MOVI,2026-07,2026-07-06,15,577,8,0.0139,460,576,2847,4348
AYSJ,GSM_MOVI,2026-07,2026-07-06,15,228,13,0.0570,178,216,929,1296
CVIA,GSM_MOVI,2026-07,2026-07-06,15,5171,229,0.0443,3993,3168,93274,123898
CVIA,GSM_PERS,2026-07,2026-07-06,15,1267,254,0.2005,1191,1266,32082,48835
DRTV,GSM_PERS,2026-07,2026-07-06,15,891,43,0.0483,630,888,7617,11449
DRTV,MOVI,2026-07,2026-07-06,15,865,61,0.0705,845,865,7484,8902
DRTW,GSM_MOVI,2026-07,2026-07-06,15,576,29,0.0503,506,576,5719,7369
DRTW,GSM_PERS,2026-07,2026-07-06,15,285,13,0.0456,208,284,6071,9321
DRTW,MOVI,2026-07,2026-07-06,15,773,46,0.0595,755,773,7510,9361
FIME,GSM_MOVI,2026-07,2026-07-06,15,1185,65,0.0549,1162,1185,11521,12140
MEL0,GSM_MOVI,2026-07,2026-07-06,15,924,58,0.0628,830,924,18448,23791
MEL0,GSM_PERS,2026-07,2026-07-06,15,558,24,0.0430,488,548,12514,15688
MEL0,MOVI,2026-07,2026-07-06,15,2845,145,0.0510,2766,2845,49193,67874
OEST,GSM_MOVI,2026-07,2026-07-06,15,189,16,0.0847,166,189,2787,3826
OEST,GSM_PERS,2026-07,2026-07-06,15,772,68,0.0881,583,739,3013,4415
REVO,GSM_PERS,2026-07,2026-07-06,15,509,31,0.0609,459,504,33370,46410
AUSO,GSM_MOVI,2026-07,2026-07-06,16,105,10,0.0952,101,105,5588,9722
AYS3,GSM_MOVI,2026-07,2026-07-06,16,181,24,0.1326,174,181,8508,12038
AYS3,GSM_PERS,2026-07,2026-07-06,16,250,14,0.0560,195,248,8823,13360
AYSA,GSM_PERS,2026-07,2026-07-06,16,110,14,0.1273,108,110,4908,5181
AYSE,GSM_PERS,2026-07,2026-07-06,16,540,58,0.1074,447,535,6151,8796
AYSJ,GSM_MOVI,2026-07,2026-07-06,16,247,10,0.0405,190,236,929,1296
CVIA,GSM_MOVI,2026-07,2026-07-06,16,5756,238,0.0413,4354,3531,93274,123898
CVIA,GSM_PERS,2026-07,2026-07-06,16,1074,216,0.2011,1025,1074,32082,48835
DRTV,GSM_PERS,2026-07,2026-07-06,16,911,40,0.0439,611,888,7617,11449
DRTV,MOVI,2026-07,2026-07-06,16,962,76,0.0790,946,962,7484,8902
DRTV,Sin proveedor,2026-07,2026-07-06,16,1,1,1.0000,1,1,6,7
DRTW,GSM_MOVI,2026-07,2026-07-06,16,465,47,0.1011,417,465,5719,7369
DRTW,GSM_PERS,2026-07,2026-07-06,16,288,8,0.0278,202,281,6071,9321
DRTW,MOVI,2026-07,2026-07-06,16,967,63,0.0651,928,967,7510,9361
FIME,GSM_MOVI,2026-07,2026-07-06,16,1333,73,0.0548,1295,1333,11521,12140
MEL0,GSM_MOVI,2026-07,2026-07-06,16,1086,72,0.0663,974,1085,18448,23791
MEL0,GSM_PERS,2026-07,2026-07-06,16,551,26,0.0472,485,544,12514,15688
MEL0,MOVI,2026-07,2026-07-06,16,3545,182,0.0513,3426,3545,49193,67874
OEST,GSM_MOVI,2026-07,2026-07-06,16,183,21,0.1148,154,183,2787,3826
OEST,GSM_PERS,2026-07,2026-07-06,16,589,53,0.0900,461,578,3013,4415
REVO,GSM_PERS,2026-07,2026-07-06,16,776,39,0.0503,705,767,33370,46410
REVO,Sin proveedor,2026-07,2026-07-06,16,1,1,1.0000,1,1,1,1
AYS3,GSM_MOVI,2026-07,2026-07-06,17,53,11,0.2075,52,53,8508,12038
AYS3,GSM_PERS,2026-07,2026-07-06,17,176,12,0.0682,146,175,9253,13813
AYSA,GSM_PERS,2026-07,2026-07-06,17,108,12,0.1111,107,108,4908,5181
AYSE,GSM_PERS,2026-07,2026-07-06,17,550,59,0.1073,443,549,6151,8796
AYSJ,GSM_MOVI,2026-07,2026-07-06,17,346,11,0.0318,273,325,929,1296
CVIA,GSM_MOVI,2026-07,2026-07-06,17,5454,244,0.0447,4067,3239,93274,123898
CVIA,GSM_PERS,2026-07,2026-07-06,17,865,171,0.1977,820,863,32082,48835
DRTV,GSM_PERS,2026-07,2026-07-06,17,912,40,0.0439,631,900,7617,11449
DRTV,MOVI,2026-07,2026-07-06,17,1404,95,0.0677,1361,1404,7484,8902
DRTW,GSM_MOVI,2026-07,2026-07-06,17,460,43,0.0935,414,460,5719,7369
DRTW,GSM_PERS,2026-07,2026-07-06,17,284,18,0.0634,196,278,6071,9321
DRTW,MOVI,2026-07,2026-07-06,17,1505,109,0.0724,1453,1505,7510,9361
FIME,GSM_MOVI,2026-07,2026-07-06,17,1588,74,0.0466,1542,1587,11521,12140
MEL0,GSM_MOVI,2026-07,2026-07-06,17,1090,74,0.0679,988,1090,18448,23791
MEL0,GSM_PERS,2026-07,2026-07-06,17,628,39,0.0621,523,600,12514,15688
MEL0,MOVI,2026-07,2026-07-06,17,3546,195,0.0550,3424,3545,49193,67874
OEST,GSM_MOVI,2026-07,2026-07-06,17,245,31,0.1265,212,244,2787,3826
OEST,GSM_PERS,2026-07,2026-07-06,17,695,61,0.0878,544,686,3013,4415
OEST,Sin proveedor,2026-07,2026-07-06,17,1,1,1.0000,1,1,4,4
REVO,GSM_PERS,2026-07,2026-07-06,17,825,38,0.0461,744,816,33370,46410
AYS3,GSM_MOVI,2026-07,2026-07-06,18,169,26,0.1538,165,168,8508,12038
AYS3,GSM_PERS,2026-07,2026-07-06,18,255,16,0.0627,194,248,9253,13813
AYSA,GSM_PERS,2026-07,2026-07-06,18,105,16,0.1524,103,105,4908,5181
AYSE,GSM_PERS,2026-07,2026-07-06,18,572,83,0.1451,482,565,6151,8796
AYSJ,GSM_MOVI,2026-07,2026-07-06,18,250,10,0.0400,196,235,929,1296
CVIA,GSM_MOVI,2026-07,2026-07-06,18,6731,253,0.0376,5184,4181,93274,123898
CVIA,GSM_PERS,2026-07,2026-07-06,18,770,162,0.2104,726,770,32082,48835
DRTV,GSM_PERS,2026-07,2026-07-06,18,997,44,0.0441,673,990,7617,11449
DRTV,MOVI,2026-07,2026-07-06,18,878,81,0.0923,865,878,7484,8902
DRTW,GSM_MOVI,2026-07,2026-07-06,18,704,81,0.1151,615,704,5719,7369
DRTW,GSM_PERS,2026-07,2026-07-06,18,325,19,0.0585,226,318,6071,9321
DRTW,MOVI,2026-07,2026-07-06,18,991,70,0.0706,959,991,7510,9361
FIME,GSM_MOVI,2026-07,2026-07-06,18,1492,95,0.0637,1460,1492,11521,12140
MEL0,GSM_MOVI,2026-07,2026-07-06,18,1083,73,0.0674,1001,1083,18448,23791
MEL0,GSM_PERS,2026-07,2026-07-06,18,540,34,0.0630,473,531,12514,15688
MEL0,MOVI,2026-07,2026-07-06,18,3524,184,0.0522,3404,3524,49193,67874
OEST,GSM_MOVI,2026-07,2026-07-06,18,246,24,0.0976,209,246,2787,3826
OEST,GSM_PERS,2026-07,2026-07-06,18,470,37,0.0787,361,468,3013,4415
REVO,GSM_PERS,2026-07,2026-07-06,18,805,43,0.0534,735,794,33370,46410
AYS3,GSM_MOVI,2026-07,2026-07-06,19,191,31,0.1623,189,191,8508,12038
AYS3,GSM_PERS,2026-07,2026-07-06,19,255,17,0.0667,190,255,9253,13813
AYSA,GSM_PERS,2026-07,2026-07-06,19,188,35,0.1862,180,187,4908,5181
AYSE,GSM_PERS,2026-07,2026-07-06,19,16,3,0.1875,16,16,5878,8492
AYSJ,GSM_MOVI,2026-07,2026-07-06,19,431,17,0.0394,324,401,929,1296
CVIA,GSM_MOVI,2026-07,2026-07-06,19,6731,275,0.0409,5169,3870,93274,123898
DRTV,GSM_PERS,2026-07,2026-07-06,19,179,19,0.1061,153,174,3966,4772
DRTV,MOVI,2026-07,2026-07-06,19,399,41,0.1028,398,399,7484,8902
DRTW,GSM_MOVI,2026-07,2026-07-06,19,585,51,0.0872,524,585,5719,7369
DRTW,GSM_PERS,2026-07,2026-07-06,19,321,25,0.0779,227,312,6071,9321
DRTW,MOVI,2026-07,2026-07-06,19,410,19,0.0463,407,410,7510,9361
FIME,GSM_MOVI,2026-07,2026-07-06,19,1185,63,0.0532,1152,1185,11521,12140
MEL0,GSM_MOVI,2026-07,2026-07-06,19,1307,111,0.0849,1184,1307,18448,23791
MEL0,GSM_PERS,2026-07,2026-07-06,19,682,75,0.1100,594,671,12514,15688
MEL0,MOVI,2026-07,2026-07-06,19,3221,181,0.0562,3125,3221,49193,67874
OEST,GSM_MOVI,2026-07,2026-07-06,19,373,26,0.0697,328,373,2787,3826
AYS3,GSM_MOVI,2026-07,2026-07-06,20,35,7,0.2000,35,35,8508,12038
AYS3,GSM_PERS,2026-07,2026-07-06,20,437,22,0.0503,348,431,9253,13813
AYSA,GSM_PERS,2026-07,2026-07-06,20,177,19,0.1073,170,177,4908,5181
AYSE,GSM_PERS,2026-07,2026-07-06,20,40,10,0.2500,39,40,6151,8796
AYSJ,GSM_MOVI,2026-07,2026-07-06,20,37,4,0.1081,35,37,929,1296
CVIA,GSM_MOVI,2026-07,2026-07-06,20,7409,137,0.0185,4507,875,69487,84634
DRTV,GSM_PERS,2026-07,2026-07-06,20,264,24,0.0909,224,256,3966,4772
DRTW,GSM_MOVI,2026-07,2026-07-06,20,119,14,0.1176,110,119,5719,7369
DRTW,GSM_PERS,2026-07,2026-07-06,20,623,30,0.0482,401,596,6071,9321
MEL0,GSM_MOVI,2026-07,2026-07-06,20,206,20,0.0971,195,206,18448,23791
MEL0,GSM_PERS,2026-07,2026-07-06,20,1092,97,0.0888,920,1047,12514,15688
MEL0,MOVI,2026-07,2026-07-06,20,727,51,0.0702,721,727,49193,67874
OEST,GSM_MOVI,2026-07,2026-07-06,20,832,65,0.0781,697,829,2787,3826
AYS3,GSM_PERS,2026-07,2026-07-06,21,1,0,0.0000,1,1,8266,12797
CVIA,GSM_MOVI,2026-07,2026-07-06,21,27,0,0.0000,16,5,34815,27966
DRTV,GSM_PERS,2026-07,2026-07-06,21,4,2,0.5000,4,4,2342,2913
ADT1,GSM_MOVI,2026-07,2026-07-07,8,11,1,0.0909,7,10,322,711
AUSO,GSM_MOVI,2026-07,2026-07-07,8,753,93,0.1235,683,752,11317,14155
AUSO,GSM_PERS,2026-07,2026-07-07,8,560,43,0.0768,496,560,3752,4682
AYS3,GSM_MOVI,2026-07,2026-07-07,8,6,2,0.3333,6,6,8508,12038
AYS3,GSM_PERS,2026-07,2026-07-07,8,139,3,0.0216,110,139,9253,13813
AYSA,GSM_MOVI,2026-07,2026-07-07,8,13,0,0.0000,12,13,4232,5753
AYSA,GSM_PERS,2026-07,2026-07-07,8,102,16,0.1569,98,101,4908,5181
AYSE,GSM_MOVI,2026-07,2026-07-07,8,24,7,0.2917,22,24,2420,3608
AYSE,GSM_PERS,2026-07,2026-07-07,8,18,2,0.1111,18,18,6151,8796
CVIA,GSM_MOVI,2026-07,2026-07-07,8,2655,214,0.0806,1994,1152,93274,123898
CVIA,GSM_PERS,2026-07,2026-07-07,8,900,111,0.1233,805,852,88499,117926
DRTV,GSM_PERS,2026-07,2026-07-07,8,14,0,0.0000,10,14,2342,2913
DRTW,GSM_PERS,2026-07,2026-07-07,8,92,4,0.0435,65,88,2547,4811
MEL0,GSM_PERS,2026-07,2026-07-07,8,187,10,0.0535,169,184,12514,15688
OEST,GSM_MOVI,2026-07,2026-07-07,8,1122,162,0.1444,1003,1122,11673,14880
ADT1,GSM_MOVI,2026-07,2026-07-07,9,59,3,0.0508,37,59,322,711
AUSO,GSM_MOVI,2026-07,2026-07-07,9,3144,534,0.1698,2860,3142,17419,21460
AUSO,GSM_PERS,2026-07,2026-07-07,9,709,55,0.0776,639,686,3752,4682
AYS3,GSM_MOVI,2026-07,2026-07-07,9,61,11,0.1803,61,61,5441,8091
AYS3,GSM_PERS,2026-07,2026-07-07,9,244,14,0.0574,212,241,9253,13813
AYS3,MOVI,2026-07,2026-07-07,9,98,27,0.2755,65,98,4199,5390
AYSA,GSM_MOVI,2026-07,2026-07-07,9,6,1,0.1667,6,6,4232,5753
AYSA,GSM_PERS,2026-07,2026-07-07,9,104,15,0.1442,101,103,4908,5181
AYSA,MOVI,2026-07,2026-07-07,9,227,18,0.0793,143,227,1402,1647
AYSC,MOVI,2026-07,2026-07-07,9,1281,47,0.0367,586,1262,587,1263
AYSE,GSM_MOVI,2026-07,2026-07-07,9,6,5,0.8333,6,6,1548,2323
AYSE,GSM_PERS,2026-07,2026-07-07,9,344,40,0.1163,303,342,6151,8796
CVIA,GSM_MOVI,2026-07,2026-07-07,9,3234,435,0.1345,2992,2657,93274,123898
CVIA,GSM_PERS,2026-07,2026-07-07,9,3032,381,0.1257,2754,2858,88499,117926
DRTV,GSM_MOVI,2026-07,2026-07-07,9,230,12,0.0522,219,230,3798,4408
DRTV,GSM_PERS,2026-07,2026-07-07,9,465,24,0.0516,359,465,5993,9590
DRTW,GSM_MOVI,2026-07,2026-07-07,9,97,2,0.0206,84,97,783,1111
DRTW,GSM_PERS,2026-07,2026-07-07,9,225,6,0.0267,182,221,4216,6945
MEL0,GSM_PERS,2026-07,2026-07-07,9,226,8,0.0354,211,224,12514,15688
OEST,GSM_MOVI,2026-07,2026-07-07,9,2893,457,0.1580,2603,2887,14069,17170
ADT1,GSM_MOVI,2026-07,2026-07-07,10,52,2,0.0385,36,52,322,711
AUSO,GSM_MOVI,2026-07,2026-07-07,10,3230,607,0.1879,2973,3228,17419,21460
AUSO,GSM_PERS,2026-07,2026-07-07,10,644,57,0.0885,585,616,3752,4682
AYS3,GSM_MOVI,2026-07,2026-07-07,10,82,9,0.1098,80,82,5441,8091
AYS3,GSM_PERS,2026-07,2026-07-07,10,236,11,0.0466,217,234,9253,13813
AYS3,MOVI,2026-07,2026-07-07,10,18,18,1.0000,18,18,4160,5321
AYSA,GSM_PERS,2026-07,2026-07-07,10,175,21,0.1200,172,173,4908,5181
AYSE,GSM_MOVI,2026-07,2026-07-07,10,17,5,0.2941,17,17,2420,3608
AYSE,GSM_PERS,2026-07,2026-07-07,10,336,27,0.0804,293,336,5656,8262
CVIA,GSM_MOVI,2026-07,2026-07-07,10,2002,258,0.1289,1875,1593,93274,123898
CVIA,GSM_PERS,2026-07,2026-07-07,10,2843,337,0.1185,2594,2660,88499,117926
DRTV,GSM_MOVI,2026-07,2026-07-07,10,309,27,0.0874,292,309,3798,4408
DRTV,GSM_PERS,2026-07,2026-07-07,10,460,20,0.0435,354,460,5993,9590
DRTW,GSM_MOVI,2026-07,2026-07-07,10,48,3,0.0625,41,48,783,1111
DRTW,GSM_PERS,2026-07,2026-07-07,10,158,5,0.0316,137,158,4216,6945
DRTW,MOVI,2026-07,2026-07-07,10,787,56,0.0712,768,787,7510,9361
FIME,GSM_MOVI,2026-07,2026-07-07,10,1555,60,0.0386,1515,1555,11521,12140
MEL0,GSM_MOVI,2026-07,2026-07-07,10,146,11,0.0753,137,146,18448,23791
MEL0,GSM_PERS,2026-07,2026-07-07,10,225,8,0.0356,205,224,12514,15688
MEL0,MOVI,2026-07,2026-07-07,10,874,41,0.0469,864,874,49193,67874
OEST,GSM_MOVI,2026-07,2026-07-07,10,2041,323,0.1583,1875,2037,14143,17255
OEST,Sin proveedor,2026-07,2026-07-07,10,1,1,1.0000,1,1,7,7
ADT1,GSM_MOVI,2026-07,2026-07-07,11,26,1,0.0385,20,25,322,711
AUSO,GSM_MOVI,2026-07,2026-07-07,11,2865,556,0.1941,2668,2857,17377,21413
AUSO,GSM_PERS,2026-07,2026-07-07,11,647,52,0.0804,590,625,3752,4682
AYS3,GSM_MOVI,2026-07,2026-07-07,11,47,7,0.1489,46,47,5441,8091
AYS3,GSM_PERS,2026-07,2026-07-07,11,271,16,0.0590,228,259,9253,13813
AYS3,MOVI,2026-07,2026-07-07,11,533,19,0.0356,504,531,4160,5321
AYSA,GSM_MOVI,2026-07,2026-07-07,11,11,2,0.1818,10,11,4232,5753
AYSA,GSM_PERS,2026-07,2026-07-07,11,136,24,0.1765,133,136,4908,5181
AYSE,GSM_MOVI,2026-07,2026-07-07,11,41,17,0.4146,40,41,2420,3608
AYSE,GSM_PERS,2026-07,2026-07-07,11,366,42,0.1148,308,361,6151,8796
AYSJ,GSM_MOVI,2026-07,2026-07-07,11,90,3,0.0333,78,90,929,1296
CVIA,GSM_MOVI,2026-07,2026-07-07,11,1347,190,0.1411,1234,981,93274,123898
CVIA,GSM_PERS,2026-07,2026-07-07,11,2696,358,0.1328,2478,2536,88499,117926
DRTV,GSM_MOVI,2026-07,2026-07-07,11,175,12,0.0686,160,175,3798,4408
DRTV,GSM_PERS,2026-07,2026-07-07,11,496,26,0.0524,374,496,5993,9590
DRTW,GSM_MOVI,2026-07,2026-07-07,11,25,1,0.0400,23,25,783,1111
DRTW,GSM_PERS,2026-07,2026-07-07,11,178,5,0.0281,141,173,4216,6945
DRTW,MOVI,2026-07,2026-07-07,11,1084,80,0.0738,1050,1084,7510,9361
FIME,GSM_MOVI,2026-07,2026-07-07,11,2107,122,0.0579,2058,2106,11521,12140
MEL0,GSM_MOVI,2026-07,2026-07-07,11,1000,58,0.0580,878,1000,18448,23791
MEL0,GSM_PERS,2026-07,2026-07-07,11,217,11,0.0507,201,216,12514,15688
MEL0,MOVI,2026-07,2026-07-07,11,3658,162,0.0443,3478,3651,49193,67874
OEST,GSM_MOVI,2026-07,2026-07-07,11,1158,207,0.1788,1070,1157,14143,17255
ADT1,GSM_MOVI,2026-07,2026-07-07,12,28,3,0.1071,14,28,322,711
AUSO,GSM_MOVI,2026-07,2026-07-07,12,2851,595,0.2087,2639,2848,17419,21460
AUSO,GSM_PERS,2026-07,2026-07-07,12,622,49,0.0788,554,592,3752,4682
AYS3,GSM_MOVI,2026-07,2026-07-07,12,26,7,0.2692,26,26,8508,12038
AYS3,GSM_PERS,2026-07,2026-07-07,12,259,8,0.0309,224,256,9253,13813
AYS3,MOVI,2026-07,2026-07-07,12,27,0,0.0000,27,27,4160,5321
AYSA,GSM_MOVI,2026-07,2026-07-07,12,8,3,0.3750,7,8,4232,5753
AYSA,GSM_PERS,2026-07,2026-07-07,12,153,19,0.1242,144,144,4908,5181
AYSE,GSM_MOVI,2026-07,2026-07-07,12,13,2,0.1538,12,13,1912,2802
AYSE,GSM_PERS,2026-07,2026-07-07,12,393,46,0.1170,340,391,6151,8796
AYSJ,GSM_MOVI,2026-07,2026-07-07,12,150,9,0.0600,123,145,929,1296
CVIA,GSM_MOVI,2026-07,2026-07-07,12,1306,197,0.1508,1223,1055,93274,123898
CVIA,GSM_PERS,2026-07,2026-07-07,12,2756,376,0.1364,2516,2636,88499,117926
DRTV,GSM_MOVI,2026-07,2026-07-07,12,158,15,0.0949,149,158,3798,4408
DRTV,GSM_PERS,2026-07,2026-07-07,12,428,22,0.0514,337,428,5993,9590
DRTW,GSM_MOVI,2026-07,2026-07-07,12,56,3,0.0536,49,56,783,1111
DRTW,GSM_PERS,2026-07,2026-07-07,12,147,3,0.0204,111,146,4216,6945
DRTW,MOVI,2026-07,2026-07-07,12,34,0,0.0000,34,34,6269,7835
FIME,GSM_MOVI,2026-07,2026-07-07,12,1987,97,0.0488,1937,1986,11521,12140
MEL0,GSM_MOVI,2026-07,2026-07-07,12,857,64,0.0747,788,857,18448,23791
MEL0,GSM_PERS,2026-07,2026-07-07,12,241,14,0.0581,216,239,12514,15688
MEL0,MOVI,2026-07,2026-07-07,12,9448,345,0.0365,8098,9427,49193,67874
OEST,GSM_MOVI,2026-07,2026-07-07,12,1392,241,0.1731,1306,1392,14143,17255
ADT1,GSM_MOVI,2026-07,2026-07-07,13,17,0,0.0000,16,17,322,711
AUSO,GSM_MOVI,2026-07,2026-07-07,13,2963,490,0.1654,2769,2963,17419,21460
AUSO,GSM_PERS,2026-07,2026-07-07,13,676,44,0.0651,598,632,3752,4682
AYS3,GSM_MOVI,2026-07,2026-07-07,13,79,9,0.1139,78,78,8508,12038
AYS3,GSM_PERS,2026-07,2026-07-07,13,223,6,0.0269,181,217,9253,13813
AYSA,GSM_MOVI,2026-07,2026-07-07,13,13,6,0.4615,13,13,4232,5753
AYSA,GSM_PERS,2026-07,2026-07-07,13,132,16,0.1212,130,131,4908,5181
AYSE,GSM_MOVI,2026-07,2026-07-07,13,22,6,0.2727,22,22,4071,6160
AYSE,GSM_PERS,2026-07,2026-07-07,13,308,34,0.1104,261,308,6151,8796
AYSJ,GSM_MOVI,2026-07,2026-07-07,13,192,9,0.0469,168,187,929,1296
CVIA,GSM_MOVI,2026-07,2026-07-07,13,1172,122,0.1041,1095,903,93274,123898
CVIA,GSM_PERS,2026-07,2026-07-07,13,2661,313,0.1176,2469,2532,88499,117926
DRTV,GSM_MOVI,2026-07,2026-07-07,13,221,12,0.0543,209,221,3798,4408
DRTV,GSM_PERS,2026-07,2026-07-07,13,618,26,0.0421,479,618,5993,9590
DRTW,GSM_MOVI,2026-07,2026-07-07,13,62,2,0.0323,52,62,783,1111
DRTW,GSM_PERS,2026-07,2026-07-07,13,220,8,0.0364,170,215,4216,6945
FIME,GSM_MOVI,2026-07,2026-07-07,13,2123,97,0.0457,2073,2123,11521,12140
MEL0,GSM_MOVI,2026-07,2026-07-07,13,660,39,0.0591,620,660,18448,23791
MEL0,GSM_PERS,2026-07,2026-07-07,13,206,15,0.0728,190,206,12514,15688
MEL0,MOVI,2026-07,2026-07-07,13,8430,287,0.0340,7431,8328,49193,67874
OEST,GSM_MOVI,2026-07,2026-07-07,13,1377,203,0.1474,1282,1375,14143,17255
ADT1,GSM_MOVI,2026-07,2026-07-07,14,20,0,0.0000,13,20,322,711
AUSO,GSM_MOVI,2026-07,2026-07-07,14,756,114,0.1508,690,756,17419,21460
AUSO,GSM_PERS,2026-07,2026-07-07,14,666,56,0.0841,600,643,3752,4682
AYS3,GSM_MOVI,2026-07,2026-07-07,14,86,8,0.0930,85,86,8508,12038
AYS3,GSM_PERS,2026-07,2026-07-07,14,244,6,0.0246,203,238,9253,13813
AYSA,GSM_PERS,2026-07,2026-07-07,14,144,21,0.1458,140,143,4908,5181
AYSE,GSM_MOVI,2026-07,2026-07-07,14,9,2,0.2222,9,9,1912,2802
AYSE,GSM_PERS,2026-07,2026-07-07,14,311,26,0.0836,267,311,5656,8262
AYSJ,GSM_MOVI,2026-07,2026-07-07,14,176,3,0.0170,138,174,929,1296
CVIA,GSM_MOVI,2026-07,2026-07-07,14,1468,151,0.1029,1356,1139,93274,123898
CVIA,GSM_PERS,2026-07,2026-07-07,14,2754,301,0.1093,2532,2621,88499,117926
DRTV,GSM_MOVI,2026-07,2026-07-07,14,306,23,0.0752,279,306,3798,4408
DRTV,GSM_PERS,2026-07,2026-07-07,14,522,30,0.0575,406,522,5993,9590
DRTW,GSM_MOVI,2026-07,2026-07-07,14,50,0,0.0000,41,50,783,1111
DRTW,GSM_PERS,2026-07,2026-07-07,14,203,10,0.0493,163,197,4216,6945
FIME,GSM_MOVI,2026-07,2026-07-07,14,2560,116,0.0453,2514,2559,11521,12140
MEL0,GSM_MOVI,2026-07,2026-07-07,14,1262,72,0.0571,1117,1262,18448,23791
MEL0,GSM_PERS,2026-07,2026-07-07,14,243,11,0.0453,220,241,12514,15688
MEL0,MOVI,2026-07,2026-07-07,14,8539,274,0.0321,7508,8442,49193,67874
OEST,GSM_MOVI,2026-07,2026-07-07,14,1993,309,0.1550,1863,1992,14143,17255
ADT1,GSM_MOVI,2026-07,2026-07-07,15,84,2,0.0238,48,83,322,711
AUSO,GSM_MOVI,2026-07,2026-07-07,15,988,165,0.1670,895,988,6102,7305
AUSO,GSM_PERS,2026-07,2026-07-07,15,790,63,0.0797,698,748,3752,4682
AYS3,GSM_MOVI,2026-07,2026-07-07,15,149,25,0.1678,144,149,8508,12038
AYS3,GSM_PERS,2026-07,2026-07-07,15,293,25,0.0853,255,291,9253,13813
AYSA,GSM_MOVI,2026-07,2026-07-07,15,10,3,0.3000,9,10,4232,5753
AYSA,GSM_PERS,2026-07,2026-07-07,15,188,21,0.1117,186,188,4908,5181
AYSE,GSM_MOVI,2026-07,2026-07-07,15,20,10,0.5000,19,20,2420,3608
AYSE,GSM_PERS,2026-07,2026-07-07,15,356,34,0.0955,312,356,6151,8796
AYSJ,GSM_MOVI,2026-07,2026-07-07,15,221,8,0.0362,175,212,929,1296
CVIA,GSM_MOVI,2026-07,2026-07-07,15,1607,193,0.1201,1369,1080,93274,123898
CVIA,GSM_PERS,2026-07,2026-07-07,15,2586,251,0.0971,2318,2374,88499,117926
DRTV,GSM_MOVI,2026-07,2026-07-07,15,380,41,0.1079,343,380,3798,4408
DRTV,GSM_PERS,2026-07,2026-07-07,15,575,22,0.0383,449,575,5993,9590
DRTW,GSM_MOVI,2026-07,2026-07-07,15,69,4,0.0580,56,69,783,1111
DRTW,GSM_PERS,2026-07,2026-07-07,15,179,5,0.0279,142,177,4216,6945
FIME,GSM_MOVI,2026-07,2026-07-07,15,1718,99,0.0576,1691,1717,11521,12140
MEL0,GSM_MOVI,2026-07,2026-07-07,15,932,68,0.0730,821,932,18448,23791
MEL0,GSM_PERS,2026-07,2026-07-07,15,337,24,0.0712,320,335,12514,15688
MEL0,MOVI,2026-07,2026-07-07,15,548,23,0.0420,534,547,49193,67874
OEST,GSM_MOVI,2026-07,2026-07-07,15,1349,216,0.1601,1255,1348,14143,17255
ADT1,GSM_MOVI,2026-07,2026-07-07,16,60,4,0.0667,27,59,322,711
AUSO,GSM_MOVI,2026-07,2026-07-07,16,1297,232,0.1789,1147,1297,6102,7305
AUSO,GSM_PERS,2026-07,2026-07-07,16,965,84,0.0870,856,916,3752,4682
AYS3,GSM_MOVI,2026-07,2026-07-07,16,170,29,0.1706,167,170,8508,12038
AYS3,GSM_PERS,2026-07,2026-07-07,16,410,15,0.0366,340,397,9253,13813
AYS3,MOVI,2026-07,2026-07-07,16,922,20,0.0217,838,919,4160,5321
AYSA,GSM_MOVI,2026-07,2026-07-07,16,37,15,0.4054,34,37,4232,5753
AYSA,GSM_PERS,2026-07,2026-07-07,16,165,24,0.1455,161,163,4908,5181
AYSE,GSM_MOVI,2026-07,2026-07-07,16,28,11,0.3929,24,28,2420,3608
AYSE,GSM_PERS,2026-07,2026-07-07,16,559,55,0.0984,478,557,6151,8796
AYSJ,GSM_MOVI,2026-07,2026-07-07,16,324,10,0.0309,219,283,929,1296
CVIA,GSM_MOVI,2026-07,2026-07-07,16,1596,164,0.1028,1290,859,69487,84634
CVIA,GSM_PERS,2026-07,2026-07-07,16,2238,130,0.0581,1942,2031,66167,84151
DRTV,GSM_MOVI,2026-07,2026-07-07,16,406,29,0.0714,369,405,3798,4408
DRTV,GSM_PERS,2026-07,2026-07-07,16,807,34,0.0421,639,807,5993,9590
DRTW,GSM_MOVI,2026-07,2026-07-07,16,115,3,0.0261,96,115,783,1111
DRTW,GSM_PERS,2026-07,2026-07-07,16,312,12,0.0385,239,307,4216,6945
DRTW,MOVI,2026-07,2026-07-07,16,1484,94,0.0633,1417,1484,7510,9361
MEL0,GSM_MOVI,2026-07,2026-07-07,16,1117,80,0.0716,985,1117,18448,23791
MEL0,GSM_PERS,2026-07,2026-07-07,16,321,23,0.0717,294,316,12514,15688
OEST,GSM_MOVI,2026-07,2026-07-07,16,1183,223,0.1885,1056,1181,5257,6201
ADT1,GSM_MOVI,2026-07,2026-07-07,17,115,7,0.0609,68,114,322,711
AUSO,GSM_MOVI,2026-07,2026-07-07,17,1588,265,0.1669,1412,1587,6102,7305
AUSO,GSM_PERS,2026-07,2026-07-07,17,995,80,0.0804,854,915,3752,4682
AYS3,GSM_MOVI,2026-07,2026-07-07,17,235,31,0.1319,231,235,8508,12038
AYS3,GSM_PERS,2026-07,2026-07-07,17,400,17,0.0425,350,394,9253,13813
AYS3,MOVI,2026-07,2026-07-07,17,1005,13,0.0129,889,1001,4160,5321
AYSA,GSM_MOVI,2026-07,2026-07-07,17,21,5,0.2381,20,21,4232,5753
AYSA,GSM_PERS,2026-07,2026-07-07,17,211,30,0.1422,206,208,4908,5181
AYSE,GSM_MOVI,2026-07,2026-07-07,17,40,20,0.5000,37,40,2420,3608
AYSE,GSM_PERS,2026-07,2026-07-07,17,514,67,0.1304,441,514,6151,8796
AYSJ,GSM_MOVI,2026-07,2026-07-07,17,360,14,0.0389,259,337,929,1296
CVIA,GSM_MOVI,2026-07,2026-07-07,17,1870,151,0.0807,1532,1000,69487,84634
CVIA,GSM_PERS,2026-07,2026-07-07,17,2410,176,0.0730,2141,2169,66167,84151
DRTV,GSM_MOVI,2026-07,2026-07-07,17,525,35,0.0667,471,525,3798,4408
DRTV,GSM_PERS,2026-07,2026-07-07,17,629,24,0.0382,513,629,5993,9590
DRTW,GSM_MOVI,2026-07,2026-07-07,17,145,4,0.0276,113,145,783,1111
DRTW,GSM_PERS,2026-07,2026-07-07,17,208,11,0.0529,171,205,4216,6945
DRTW,MOVI,2026-07,2026-07-07,17,1646,85,0.0516,1558,1646,7510,9361
MEL0,GSM_MOVI,2026-07,2026-07-07,17,1450,103,0.0710,1262,1450,18448,23791
MEL0,GSM_PERS,2026-07,2026-07-07,17,363,18,0.0496,336,359,12514,15688
OEST,GSM_MOVI,2026-07,2026-07-07,17,1518,229,0.1509,1366,1515,5257,6201
ADT1,GSM_MOVI,2026-07,2026-07-07,18,74,1,0.0135,47,74,322,711
AUSO,GSM_MOVI,2026-07,2026-07-07,18,210,31,0.1476,189,210,5984,7162
AUSO,GSM_PERS,2026-07,2026-07-07,18,186,14,0.0753,182,185,3583,4478
AYS3,GSM_MOVI,2026-07,2026-07-07,18,321,52,0.1620,311,320,8508,12038
AYS3,GSM_PERS,2026-07,2026-07-07,18,466,17,0.0365,385,458,9253,13813
AYS3,MOVI,2026-07,2026-07-07,18,840,22,0.0262,766,839,4160,5321
AYSA,GSM_MOVI,2026-07,2026-07-07,18,19,12,0.6316,19,19,4232,5753
AYSA,GSM_PERS,2026-07,2026-07-07,18,193,15,0.0777,188,189,4908,5181
AYSE,GSM_MOVI,2026-07,2026-07-07,18,24,9,0.3750,21,24,4108,6207
AYSE,GSM_PERS,2026-07,2026-07-07,18,849,90,0.1060,735,844,6151,8796
AYSJ,GSM_MOVI,2026-07,2026-07-07,18,576,25,0.0434,409,525,929,1296
CVIA,GSM_MOVI,2026-07,2026-07-07,18,4470,381,0.0852,3677,2361,69487,84634
CVIA,GSM_PERS,2026-07,2026-07-07,18,2105,154,0.0732,1862,1898,66167,84151
DRTV,GSM_MOVI,2026-07,2026-07-07,18,692,65,0.0939,626,692,3798,4408
DRTV,GSM_PERS,2026-07,2026-07-07,18,1486,69,0.0464,1147,1486,5993,9590
DRTW,GSM_MOVI,2026-07,2026-07-07,18,163,8,0.0491,131,163,783,1111
DRTW,GSM_PERS,2026-07,2026-07-07,18,300,14,0.0467,245,293,4216,6945
DRTW,MOVI,2026-07,2026-07-07,18,792,62,0.0783,779,792,7510,9361
MEL0,GSM_MOVI,2026-07,2026-07-07,18,1349,88,0.0652,1152,1349,18448,23791
MEL0,GSM_PERS,2026-07,2026-07-07,18,293,23,0.0785,269,291,12514,15688
OEST,GSM_MOVI,2026-07,2026-07-07,18,94,17,0.1809,87,94,5071,5984
ADT1,GSM_MOVI,2026-07,2026-07-07,19,71,6,0.0845,47,69,322,711
AYS3,GSM_MOVI,2026-07,2026-07-07,19,235,35,0.1489,230,234,8508,12038
AYS3,GSM_PERS,2026-07,2026-07-07,19,924,41,0.0444,707,879,9253,13813
AYSA,GSM_MOVI,2026-07,2026-07-07,19,33,11,0.3333,32,33,4232,5753
AYSA,GSM_PERS,2026-07,2026-07-07,19,488,57,0.1168,467,477,4908,5181
AYSE,GSM_MOVI,2026-07,2026-07-07,19,81,32,0.3951,75,81,2420,3608
AYSE,GSM_PERS,2026-07,2026-07-07,19,299,39,0.1304,277,299,6151,8796
AYSJ,GSM_MOVI,2026-07,2026-07-07,19,515,22,0.0427,336,448,929,1296
CVIA,GSM_PERS,2026-07,2026-07-07,19,2432,134,0.0551,2170,2164,66167,84151
DRTV,GSM_MOVI,2026-07,2026-07-07,19,679,60,0.0884,620,678,3798,4408
DRTV,GSM_PERS,2026-07,2026-07-07,19,613,41,0.0669,513,613,5993,9590
DRTW,GSM_MOVI,2026-07,2026-07-07,19,182,9,0.0495,140,182,783,1111
DRTW,GSM_PERS,2026-07,2026-07-07,19,584,34,0.0582,414,568,4216,6945
DRTW,MOVI,2026-07,2026-07-07,19,796,61,0.0766,783,796,7510,9361
MEL0,GSM_MOVI,2026-07,2026-07-07,19,1114,98,0.0880,972,1114,18448,23791
MEL0,GSM_PERS,2026-07,2026-07-07,19,663,46,0.0694,601,656,12514,15688
AYS3,GSM_PERS,2026-07,2026-07-07,20,1490,79,0.0530,1164,1417,9253,13813
AYSA,GSM_PERS,2026-07,2026-07-07,20,889,117,0.1316,833,857,4908,5181
AYSE,GSM_PERS,2026-07,2026-07-07,20,121,24,0.1983,116,117,6151,8796
DRTV,GSM_PERS,2026-07,2026-07-07,20,175,20,0.1143,156,175,2342,2913
DRTW,GSM_PERS,2026-07,2026-07-07,20,975,50,0.0513,631,925,4216,6945
DRTW,MOVI,2026-07,2026-07-07,20,874,51,0.0584,850,874,7510,9361
MEL0,GSM_PERS,2026-07,2026-07-07,20,1216,81,0.0666,1033,1183,12514,15688
AYS3,GSM_PERS,2026-07,2026-07-07,21,8,0,0.0000,7,8,8266,12797
AYSA,GSM_PERS,2026-07,2026-07-07,21,2,2,1.0000,2,2,2716,2855
DRTW,GSM_PERS,2026-07,2026-07-07,21,1,0,0.0000,1,1,2547,4811
DRTW,MOVI,2026-07,2026-07-07,21,5,0,0.0000,5,5,7510,9361
MEL0,GSM_PERS,2026-07,2026-07-07,21,1,0,0.0000,1,1,4733,6817
ADT1,GSM_MOVI,2026-07,2026-07-08,8,593,26,0.0438,281,582,322,711
AUSO,GSM_MOVI,2026-07,2026-07-08,8,529,58,0.1096,384,529,5588,9722
AYS3,GSM_PERS,2026-07,2026-07-08,8,268,11,0.0410,220,258,9253,13813
AYSA,GSM_PERS,2026-07,2026-07-08,8,101,14,0.1386,97,101,4908,5181
AYSE,GSM_MOVI,2026-07,2026-07-08,8,338,91,0.2692,301,338,4071,6160
AYSE,GSM_PERS,2026-07,2026-07-08,8,27,2,0.0741,26,26,6151,8796
CVIA,GSM_MOVI,2026-07,2026-07-08,8,3436,80,0.0233,2838,3431,34370,56418
CVIA,GSM_PERS,2026-07,2026-07-08,8,1407,102,0.0725,977,648,88499,117926
DRTV,GSM_PERS,2026-07,2026-07-08,8,10,1,0.1000,8,10,2342,2913
DRTW,GSM_PERS,2026-07,2026-07-08,8,105,5,0.0476,78,105,4216,6945
MEL0,GSM_PERS,2026-07,2026-07-08,8,98,4,0.0408,91,98,12514,15688
OEST,GSM_PERS,2026-07,2026-07-08,8,394,40,0.1015,328,393,3013,4415
AUSO,GSM_MOVI,2026-07,2026-07-08,9,1313,141,0.1074,998,1313,5588,9722
AYS3,GSM_MOVI,2026-07,2026-07-08,9,563,61,0.1083,551,563,5441,8091
AYS3,GSM_PERS,2026-07,2026-07-08,9,699,39,0.0558,629,673,9253,13813
AYS3,MOVI,2026-07,2026-07-08,9,77,5,0.0649,44,77,1845,2293
AYSA,GSM_PERS,2026-07,2026-07-08,9,160,18,0.1125,150,154,4908,5181
AYSA,MOVI,2026-07,2026-07-08,9,228,9,0.0395,144,228,1402,1647
AYSC,MOVI,2026-07,2026-07-08,9,1280,43,0.0336,586,1261,587,1263
AYSE,GSM_PERS,2026-07,2026-07-08,9,772,104,0.1347,704,767,6151,8796
CVIA,GSM_MOVI,2026-07,2026-07-08,9,5699,241,0.0423,4782,5692,34370,56418
CVIA,GSM_PERS,2026-07,2026-07-08,9,2512,198,0.0788,2050,1374,88499,117926
DRTV,GSM_PERS,2026-07,2026-07-08,9,580,13,0.0224,418,580,5993,9590
DRTW,GSM_MOVI,2026-07,2026-07-08,9,989,30,0.0303,869,989,5719,7369
DRTW,GSM_PERS,2026-07,2026-07-08,9,239,8,0.0335,186,236,4216,6945
MEL0,GSM_PERS,2026-07,2026-07-08,9,116,5,0.0431,112,116,12514,15688
OEST,GSM_MOVI,2026-07,2026-07-08,9,1698,177,0.1042,1378,1685,2787,3826
OEST,GSM_PERS,2026-07,2026-07-08,9,308,24,0.0779,261,308,3013,4415
AUSO,GSM_MOVI,2026-07,2026-07-08,10,1127,138,0.1224,877,1126,5588,9722
AYS3,GSM_MOVI,2026-07,2026-07-08,10,40,7,0.1750,40,40,5441,8091
AYS3,GSM_PERS,2026-07,2026-07-08,10,696,48,0.0690,609,652,9253,13813
AYS3,MOVI,2026-07,2026-07-08,10,20,20,1.0000,19,20,4160,5321
AYSA,GSM_PERS,2026-07,2026-07-08,10,585,75,0.1282,559,574,4908,5181
AYSE,GSM_PERS,2026-07,2026-07-08,10,410,49,0.1195,354,410,6151,8796
CVIA,GSM_MOVI,2026-07,2026-07-08,10,3206,198,0.0618,2822,3205,34370,56418
CVIA,GSM_PERS,2026-07,2026-07-08,10,2129,192,0.0902,1692,1045,88499,117926
DRTV,GSM_PERS,2026-07,2026-07-08,10,728,26,0.0357,527,728,5993,9590
DRTV,MOVI,2026-07,2026-07-08,10,571,37,0.0648,562,571,7484,8902
DRTW,GSM_MOVI,2026-07,2026-07-08,10,1712,57,0.0333,1506,1712,5719,7369
DRTW,GSM_PERS,2026-07,2026-07-08,10,211,5,0.0237,148,204,4216,6945
DRTW,MOVI,2026-07,2026-07-08,10,539,32,0.0594,531,539,7510,9361
FIME,GSM_MOVI,2026-07,2026-07-08,10,1576,62,0.0393,1532,1575,11521,12140
MEL0,GSM_MOVI,2026-07,2026-07-08,10,411,31,0.0754,355,411,18448,23791
MEL0,GSM_PERS,2026-07,2026-07-08,10,113,5,0.0442,103,113,12514,15688
MEL0,MOVI,2026-07,2026-07-08,10,1574,87,0.0553,1529,1574,49193,67874
OEST,GSM_MOVI,2026-07,2026-07-08,10,1841,220,0.1195,1472,1836,2787,3826
OEST,GSM_PERS,2026-07,2026-07-08,10,288,29,0.1007,231,288,3013,4415
OEST,Sin proveedor,2026-07,2026-07-08,10,1,1,1.0000,1,1,7,7
AUSO,GSM_MOVI,2026-07,2026-07-08,11,1380,180,0.1304,1031,1380,5588,9722
AYS3,GSM_MOVI,2026-07,2026-07-08,11,39,4,0.1026,38,39,5441,8091
AYS3,GSM_PERS,2026-07,2026-07-08,11,553,31,0.0561,511,540,9253,13813
AYS3,MOVI,2026-07,2026-07-08,11,42,42,1.0000,42,42,4160,5321
AYSA,GSM_PERS,2026-07,2026-07-08,11,749,110,0.1469,718,729,4908,5181
AYSE,GSM_PERS,2026-07,2026-07-08,11,371,39,0.1051,320,369,6151,8796
CVIA,GSM_MOVI,2026-07,2026-07-08,11,2980,208,0.0698,2643,2977,34370,56418
CVIA,GSM_PERS,2026-07,2026-07-08,11,2127,195,0.0917,1687,1065,88499,117926
DRTV,GSM_PERS,2026-07,2026-07-08,11,621,28,0.0451,487,621,5993,9590
DRTV,MOVI,2026-07,2026-07-08,11,787,72,0.0915,774,787,7484,8902
DRTW,GSM_MOVI,2026-07,2026-07-08,11,912,58,0.0636,796,912,5719,7369
DRTW,GSM_PERS,2026-07,2026-07-08,11,188,5,0.0266,143,187,4216,6945
DRTW,MOVI,2026-07,2026-07-08,11,849,48,0.0565,829,849,7510,9361
FIME,GSM_MOVI,2026-07,2026-07-08,11,2652,106,0.0400,2562,2652,11521,12140
MEL0,GSM_MOVI,2026-07,2026-07-08,11,2184,135,0.0618,1896,2184,18448,23791
MEL0,GSM_PERS,2026-07,2026-07-08,11,334,19,0.0569,309,331,12514,15688
MEL0,MOVI,2026-07,2026-07-08,11,3389,197,0.0581,3231,3389,49193,67874
OEST,GSM_PERS,2026-07,2026-07-08,11,329,39,0.1185,279,329,3013,4415
AUSO,GSM_MOVI,2026-07,2026-07-08,12,1465,201,0.1372,1131,1464,5588,9722
AYS3,GSM_MOVI,2026-07,2026-07-08,12,87,10,0.1149,86,87,8508,12038
AYS3,GSM_PERS,2026-07,2026-07-08,12,275,16,0.0582,236,260,9253,13813
AYS3,MOVI,2026-07,2026-07-08,12,96,4,0.0417,96,96,4160,5321
AYSA,GSM_PERS,2026-07,2026-07-08,12,293,45,0.1536,284,290,4908,5181
AYSE,GSM_PERS,2026-07,2026-07-08,12,498,62,0.1245,415,493,5656,8262
CVIA,GSM_MOVI,2026-07,2026-07-08,12,3186,169,0.0530,2784,3184,34370,56418
CVIA,GSM_PERS,2026-07,2026-07-08,12,2492,258,0.1035,1947,1364,88499,117926
DRTV,GSM_PERS,2026-07,2026-07-08,12,655,25,0.0382,507,655,5993,9590
DRTV,MOVI,2026-07,2026-07-08,12,778,64,0.0823,767,778,7484,8902
DRTW,GSM_MOVI,2026-07,2026-07-08,12,571,37,0.0648,523,571,4936,6258
DRTW,GSM_PERS,2026-07,2026-07-08,12,172,6,0.0349,130,171,4216,6945
DRTW,MOVI,2026-07,2026-07-08,12,793,46,0.0580,780,793,7510,9361
FIME,GSM_MOVI,2026-07,2026-07-08,12,2580,130,0.0504,2506,2580,11521,12140
MEL0,GSM_MOVI,2026-07,2026-07-08,12,2263,132,0.0583,1971,2263,18448,23791
MEL0,GSM_PERS,2026-07,2026-07-08,12,491,38,0.0774,450,487,12514,15688
MEL0,MOVI,2026-07,2026-07-08,12,3326,186,0.0559,3177,3326,49193,67874
OEST,GSM_PERS,2026-07,2026-07-08,12,361,32,0.0886,293,361,3013,4415
REVO,Sin proveedor,2026-07,2026-07-08,12,1,1,1.0000,1,1,3,3
AUSO,GSM_MOVI,2026-07,2026-07-08,13,1403,205,0.1461,1115,1400,5588,9722
AYS3,GSM_MOVI,2026-07,2026-07-08,13,226,29,0.1283,220,226,8508,12038
AYS3,GSM_PERS,2026-07,2026-07-08,13,264,7,0.0265,213,259,9253,13813
AYS3,MOVI,2026-07,2026-07-08,13,982,19,0.0193,781,976,4160,5321
AYSA,GSM_PERS,2026-07,2026-07-08,13,161,18,0.1118,158,161,4908,5181
AYSE,GSM_PERS,2026-07,2026-07-08,13,453,48,0.1060,379,450,6151,8796
CVIA,GSM_MOVI,2026-07,2026-07-08,13,3174,148,0.0466,2807,3174,34370,56418
CVIA,GSM_PERS,2026-07,2026-07-08,13,2527,261,0.1033,1980,1362,88499,117926
DRPW,Sin proveedor,2026-07,2026-07-08,13,1,1,1.0000,1,1,3,3
DRTV,GSM_PERS,2026-07,2026-07-08,13,937,31,0.0331,705,936,5993,9590
DRTV,MOVI,2026-07,2026-07-08,13,782,66,0.0844,770,782,7484,8902
DRTW,GSM_MOVI,2026-07,2026-07-08,13,574,33,0.0575,519,574,4936,6258
DRTW,GSM_PERS,2026-07,2026-07-08,13,192,4,0.0208,153,190,4216,6945
DRTW,MOVI,2026-07,2026-07-08,13,826,40,0.0484,809,826,7510,9361
FIME,GSM_MOVI,2026-07,2026-07-08,13,2641,135,0.0511,2572,2641,11521,12140
MEL0,GSM_MOVI,2026-07,2026-07-08,13,1853,118,0.0637,1642,1853,18448,23791
MEL0,GSM_PERS,2026-07,2026-07-08,13,452,34,0.0752,416,449,12514,15688
MEL0,MOVI,2026-07,2026-07-08,13,3103,175,0.0564,3008,3103,49193,67874
OEST,GSM_PERS,2026-07,2026-07-08,13,300,24,0.0800,239,300,3013,4415
AUSO,GSM_MOVI,2026-07,2026-07-08,14,1118,160,0.1431,909,1118,5588,9722
AYS3,GSM_MOVI,2026-07,2026-07-08,14,198,21,0.1061,198,198,8508,12038
AYS3,GSM_PERS,2026-07,2026-07-08,14,261,13,0.0498,234,260,9253,13813
AYS3,MOVI,2026-07,2026-07-08,14,285,6,0.0211,271,285,4160,5321
AYSA,GSM_PERS,2026-07,2026-07-08,14,175,16,0.0914,167,170,4908,5181
AYSE,GSM_PERS,2026-07,2026-07-08,14,477,61,0.1279,401,477,6151,8796
CVIA,GSM_MOVI,2026-07,2026-07-08,14,2502,179,0.0715,2260,2501,34370,56418
CVIA,GSM_PERS,2026-07,2026-07-08,14,2506,223,0.0890,1970,1303,88499,117926
DRTV,GSM_PERS,2026-07,2026-07-08,14,683,27,0.0395,544,683,5993,9590
DRTV,MOVI,2026-07,2026-07-08,14,776,61,0.0786,766,776,7484,8902
DRTW,GSM_MOVI,2026-07,2026-07-08,14,487,24,0.0493,450,487,4936,6258
DRTW,GSM_PERS,2026-07,2026-07-08,14,170,3,0.0176,130,169,4216,6945
DRTW,MOVI,2026-07,2026-07-08,14,778,53,0.0681,760,778,7510,9361
FIME,GSM_MOVI,2026-07,2026-07-08,14,2004,98,0.0489,1952,2004,11521,12140
MEL0,GSM_MOVI,2026-07,2026-07-08,14,1505,90,0.0598,1376,1505,18448,23791
MEL0,GSM_PERS,2026-07,2026-07-08,14,460,31,0.0674,420,458,12514,15688
MEL0,MOVI,2026-07,2026-07-08,14,2967,153,0.0516,2867,2967,49193,67874
OEST,GSM_PERS,2026-07,2026-07-08,14,535,53,0.0991,439,535,3013,4415
AUSO,GSM_MOVI,2026-07,2026-07-08,15,398,59,0.1482,347,398,5588,9722
AYS3,GSM_MOVI,2026-07,2026-07-08,15,321,43,0.1340,313,321,8508,12038
AYS3,GSM_PERS,2026-07,2026-07-08,15,612,30,0.0490,569,607,9253,13813
AYSA,GSM_PERS,2026-07,2026-07-08,15,189,23,0.1217,185,186,4908,5181
AYSE,GSM_PERS,2026-07,2026-07-08,15,774,84,0.1085,703,771,6151,8796
CVIA,GSM_MOVI,2026-07,2026-07-08,15,710,44,0.0620,685,709,34370,56418
CVIA,GSM_PERS,2026-07,2026-07-08,15,2670,246,0.0921,2241,1379,88499,117926
DRTV,GSM_PERS,2026-07,2026-07-08,15,723,22,0.0304,606,723,5993,9590
DRTV,MOVI,2026-07,2026-07-08,15,787,49,0.0623,773,787,7484,8902
DRTW,GSM_MOVI,2026-07,2026-07-08,15,753,36,0.0478,687,753,4936,6258
DRTW,GSM_PERS,2026-07,2026-07-08,15,194,14,0.0722,165,193,4216,6945
DRTW,MOVI,2026-07,2026-07-08,15,834,36,0.0432,810,834,7510,9361
FIME,GSM_MOVI,2026-07,2026-07-08,15,597,36,0.0603,589,597,11521,12140
MEL0,GSM_MOVI,2026-07,2026-07-08,15,1667,112,0.0672,1519,1667,18448,23791
MEL0,GSM_PERS,2026-07,2026-07-08,15,445,25,0.0562,410,443,12514,15688
MEL0,MOVI,2026-07,2026-07-08,15,2924,157,0.0537,2835,2924,49193,67874
OEST,GSM_PERS,2026-07,2026-07-08,15,546,43,0.0788,478,545,3013,4415
AYS3,GSM_PERS,2026-07,2026-07-08,16,845,48,0.0568,785,841,9253,13813
AYSA,GSM_PERS,2026-07,2026-07-08,16,181,31,0.1713,177,180,4908,5181
AYSE,GSM_PERS,2026-07,2026-07-08,16,594,81,0.1364,532,591,5656,8262
CVIA,GSM_MOVI,2026-07,2026-07-08,16,1344,26,0.0193,575,155,69487,84634
CVIA,GSM_PERS,2026-07,2026-07-08,16,2764,273,0.0988,2411,1455,88499,117926
DRTV,GSM_PERS,2026-07,2026-07-08,16,861,25,0.0290,736,861,5993,9590
DRTV,MOVI,2026-07,2026-07-08,16,832,59,0.0709,817,832,7484,8902
DRTW,GSM_PERS,2026-07,2026-07-08,16,153,5,0.0327,136,153,4216,6945
DRTW,MOVI,2026-07,2026-07-08,16,826,40,0.0484,800,825,7510,9361
MEL0,GSM_PERS,2026-07,2026-07-08,16,420,24,0.0571,400,417,12514,15688
MEL0,MOVI,2026-07,2026-07-08,16,2651,158,0.0596,2583,2651,49193,67874
OEST,GSM_PERS,2026-07,2026-07-08,16,462,53,0.1147,418,462,3013,4415
AYS3,GSM_PERS,2026-07,2026-07-08,17,244,11,0.0451,205,239,8823,13360
AYSA,GSM_PERS,2026-07,2026-07-08,17,229,17,0.0742,219,223,4908,5181
AYSE,GSM_PERS,2026-07,2026-07-08,17,329,39,0.1185,298,329,5656,8262
CVIA,GSM_MOVI,2026-07,2026-07-08,17,9018,204,0.0226,3847,1123,69487,84634
CVIA,GSM_PERS,2026-07,2026-07-08,17,2685,173,0.0644,2070,1005,88499,117926
DRTV,GSM_PERS,2026-07,2026-07-08,17,592,28,0.0473,517,591,5993,9590
DRTV,MOVI,2026-07,2026-07-08,17,654,48,0.0734,646,654,7484,8902
DRTW,GSM_PERS,2026-07,2026-07-08,17,221,7,0.0317,182,219,4216,6945
DRTW,MOVI,2026-07,2026-07-08,17,634,37,0.0584,625,634,7510,9361
MEL0,GSM_PERS,2026-07,2026-07-08,17,1090,79,0.0725,1003,1090,12514,15688
OEST,GSM_PERS,2026-07,2026-07-08,17,358,30,0.0838,321,358,3013,4415
AYS3,GSM_PERS,2026-07,2026-07-08,18,233,14,0.0601,192,232,8823,13360
AYSA,GSM_PERS,2026-07,2026-07-08,18,187,20,0.1070,183,185,4908,5181
AYSE,GSM_PERS,2026-07,2026-07-08,18,47,7,0.1489,45,47,5656,8262
CVIA,GSM_MOVI,2026-07,2026-07-08,18,10117,260,0.0257,4346,1292,81569,104749
CVIA,GSM_PERS,2026-07,2026-07-08,18,2698,134,0.0497,1893,680,88499,117926
DRTV,GSM_PERS,2026-07,2026-07-08,18,88,7,0.0795,76,88,5993,9590
DRTV,MOVI,2026-07,2026-07-08,18,433,45,0.1039,429,433,7484,8902
DRTV,Sin proveedor,2026-07,2026-07-08,18,1,1,1.0000,1,1,6,7
DRTW,GSM_PERS,2026-07,2026-07-08,18,212,9,0.0425,167,212,4216,6945
DRTW,MOVI,2026-07,2026-07-08,18,394,19,0.0482,390,394,7510,9361
MEL0,GSM_PERS,2026-07,2026-07-08,18,1959,146,0.0745,1754,1957,12514,15688
OEST,GSM_PERS,2026-07,2026-07-08,18,68,4,0.0588,65,68,3013,4415
AYS3,GSM_PERS,2026-07,2026-07-08,19,364,29,0.0797,300,362,8823,13360
AYSA,GSM_PERS,2026-07,2026-07-08,19,224,29,0.1295,218,220,4908,5181
AYSE,GSM_PERS,2026-07,2026-07-08,19,89,11,0.1236,84,89,6151,8796
CVIA,GSM_MOVI,2026-07,2026-07-08,19,10082,222,0.0220,4335,1224,69487,84634
CVIA,GSM_PERS,2026-07,2026-07-08,19,3618,137,0.0379,2360,757,88499,117926
DRTV,GSM_PERS,2026-07,2026-07-08,19,179,8,0.0447,162,179,5993,9590
DRTV,MOVI,2026-07,2026-07-08,19,436,39,0.0894,430,436,7484,8902
DRTW,GSM_PERS,2026-07,2026-07-08,19,214,7,0.0327,159,211,4216,6945
DRTW,MOVI,2026-07,2026-07-08,19,394,24,0.0609,389,394,7510,9361
MEL0,GSM_PERS,2026-07,2026-07-08,19,787,49,0.0623,718,781,12514,15688
OEST,GSM_PERS,2026-07,2026-07-08,19,20,4,0.2000,18,20,3013,4415
AYS3,GSM_PERS,2026-07,2026-07-08,20,440,14,0.0318,369,432,8823,13360
AYSA,GSM_PERS,2026-07,2026-07-08,20,276,32,0.1159,269,275,4908,5181
AYSE,GSM_PERS,2026-07,2026-07-08,20,58,4,0.0690,56,58,6151,8796
CVIA,GSM_MOVI,2026-07,2026-07-08,20,7493,153,0.0204,3286,972,69487,84634
CVIA,GSM_PERS,2026-07,2026-07-08,20,4120,173,0.0420,2812,984,88499,117926
DRPW,Sin proveedor,2026-07,2026-07-08,20,2,2,1.0000,1,1,3,3
DRTV,GSM_PERS,2026-07,2026-07-08,20,238,21,0.0882,205,238,5993,9590
DRTV,MOVI,2026-07,2026-07-08,20,415,31,0.0747,405,415,7484,8902
DRTW,GSM_PERS,2026-07,2026-07-08,20,294,12,0.0408,223,292,4216,6945
DRTW,MOVI,2026-07,2026-07-08,20,427,27,0.0632,419,427,7510,9361
MEL0,GSM_PERS,2026-07,2026-07-08,20,405,35,0.0864,369,402,12514,15688
OEST,GSM_PERS,2026-07,2026-07-08,20,64,3,0.0469,61,64,3013,4415
CVIA,GSM_PERS,2026-07,2026-07-08,21,20,0,0.0000,16,3,19113,9643
DRTV,MOVI,2026-07,2026-07-08,21,6,1,0.1667,6,6,7484,8902
DRTW,MOVI,2026-07,2026-07-08,21,4,0,0.0000,4,4,3356,4220
MEL0,GSM_PERS,2026-07,2026-07-08,21,2,0,0.0000,2,2,12514,15688
ADT1,GSM_MOVI,2026-07,2026-07-09,8,75,2,0.0267,42,74,322,711
AUSO,GSM_MOVI,2026-07,2026-07-09,8,164,9,0.0549,160,164,11317,14155
AYS3,GSM_PERS,2026-07,2026-07-09,8,168,5,0.0298,134,166,8823,13360
AYSA,GSM_PERS,2026-07,2026-07-09,8,87,9,0.1034,87,87,4908,5181
AYSE,GSM_PERS,2026-07,2026-07-09,8,34,3,0.0882,31,34,5656,8262
CVIA,GSM_MOVI,2026-07,2026-07-09,8,3753,155,0.0413,2421,1395,93274,123898
CVIA,GSM_PERS,2026-07,2026-07-09,8,1350,69,0.0511,975,534,88499,117926
DRTV,GSM_PERS,2026-07,2026-07-09,8,105,3,0.0286,97,105,5993,9590
DRTW,GSM_PERS,2026-07,2026-07-09,8,90,1,0.0111,74,90,4216,6945
MEL0,GSM_PERS,2026-07,2026-07-09,8,253,12,0.0474,227,253,12514,15688
OEST,GSM_MOVI,2026-07,2026-07-09,8,887,80,0.0902,789,887,8886,11054
REVO,GSM_PERS,2026-07,2026-07-09,8,448,25,0.0558,410,447,8462,9573
ADT1,GSM_MOVI,2026-07,2026-07-09,9,66,2,0.0303,41,65,322,711
AUSO,GSM_MOVI,2026-07,2026-07-09,9,721,69,0.0957,658,718,11317,14155
AYS3,GSM_PERS,2026-07,2026-07-09,9,305,12,0.0393,263,303,8823,13360
AYS3,MOVI,2026-07,2026-07-09,9,77,3,0.0390,44,77,1845,2293
AYSA,GSM_PERS,2026-07,2026-07-09,9,139,14,0.1007,138,139,4908,5181
AYSA,MOVI,2026-07,2026-07-09,9,229,10,0.0437,145,229,1402,1647
AYSC,MOVI,2026-07,2026-07-09,9,1281,37,0.0289,586,1262,587,1263
CVIA,GSM_MOVI,2026-07,2026-07-09,9,6654,537,0.0807,5235,3737,93274,123898
CVIA,GSM_PERS,2026-07,2026-07-09,9,2774,207,0.0746,2148,1455,88499,117926
DRTV,GSM_MOVI,2026-07,2026-07-09,9,251,13,0.0518,236,251,3798,4408
DRTV,GSM_PERS,2026-07,2026-07-09,9,557,20,0.0359,388,555,5993,9590
DRTW,GSM_MOVI,2026-07,2026-07-09,9,110,1,0.0091,93,110,783,1111
DRTW,GSM_PERS,2026-07,2026-07-09,9,506,9,0.0178,342,490,4216,6945
MEL0,GSM_PERS,2026-07,2026-07-09,9,343,13,0.0379,303,343,12514,15688
OEST,GSM_MOVI,2026-07,2026-07-09,9,2629,237,0.0901,2347,2623,8886,11054
OEST,GSM_PERS,2026-07,2026-07-09,9,11,0,0.0000,11,11,3013,4415
REVO,GSM_PERS,2026-07,2026-07-09,9,668,35,0.0524,615,668,8462,9573
ADT1,GSM_MOVI,2026-07,2026-07-09,10,53,2,0.0377,35,53,322,711
AUSO,GSM_MOVI,2026-07,2026-07-09,10,636,61,0.0959,583,635,11317,14155
AYS3,GSM_PERS,2026-07,2026-07-09,10,222,7,0.0315,178,210,8823,13360
AYSA,GSM_PERS,2026-07,2026-07-09,10,206,25,0.1214,199,205,4908,5181
AYSE,GSM_PERS,2026-07,2026-07-09,10,23,5,0.2174,23,23,5383,7958
CVIA,GSM_MOVI,2026-07,2026-07-09,10,5221,361,0.0691,3863,2395,93274,123898
CVIA,GSM_PERS,2026-07,2026-07-09,10,2315,222,0.0959,1828,1255,88499,117926
DRTV,GSM_MOVI,2026-07,2026-07-09,10,336,23,0.0685,301,336,3798,4408
DRTV,GSM_PERS,2026-07,2026-07-09,10,806,29,0.0360,539,793,5993,9590
DRTW,GSM_MOVI,2026-07,2026-07-09,10,50,0,0.0000,44,50,783,1111
DRTW,GSM_PERS,2026-07,2026-07-09,10,449,14,0.0312,323,443,4216,6945
FIME,GSM_MOVI,2026-07,2026-07-09,10,1953,75,0.0384,1891,1952,11521,12140
MEL0,GSM_MOVI,2026-07,2026-07-09,10,236,13,0.0551,210,236,18448,23791
MEL0,GSM_PERS,2026-07,2026-07-09,10,368,17,0.0462,320,362,12514,15688
MEL0,MOVI,2026-07,2026-07-09,10,1582,92,0.0582,1542,1582,49193,67874
OEST,GSM_MOVI,2026-07,2026-07-09,10,1709,173,0.1012,1567,1708,8886,11054
OEST,GSM_PERS,2026-07,2026-07-09,10,43,5,0.1163,42,43,3013,4415
OEST,Sin proveedor,2026-07,2026-07-09,10,1,1,1.0000,1,1,3,3
REVO,GSM_PERS,2026-07,2026-07-09,10,588,33,0.0561,546,588,8462,9573
AUSO,GSM_MOVI,2026-07,2026-07-09,11,748,70,0.0936,674,747,11317,14155
AYS3,GSM_PERS,2026-07,2026-07-09,11,280,17,0.0607,233,275,8823,13360
AYSA,GSM_PERS,2026-07,2026-07-09,11,108,11,0.1019,105,107,4908,5181
AYSE,GSM_PERS,2026-07,2026-07-09,11,23,0,0.0000,22,23,5656,8262
CVIA,GSM_MOVI,2026-07,2026-07-09,11,4346,304,0.0699,3130,1749,93274,123898
CVIA,GSM_PERS,2026-07,2026-07-09,11,2386,289,0.1211,1887,1454,88499,117926
DRTV,GSM_MOVI,2026-07,2026-07-09,11,375,30,0.0800,341,375,3798,4408
DRTV,GSM_PERS,2026-07,2026-07-09,11,659,20,0.0303,429,659,5993,9590
DRTW,GSM_MOVI,2026-07,2026-07-09,11,91,2,0.0220,68,91,783,1111
DRTW,GSM_PERS,2026-07,2026-07-09,11,345,8,0.0232,247,344,4216,6945
FIME,GSM_MOVI,2026-07,2026-07-09,11,2923,133,0.0455,2833,2920,11521,12140
MEL0,GSM_MOVI,2026-07,2026-07-09,11,926,74,0.0799,824,926,18448,23791
MEL0,GSM_PERS,2026-07,2026-07-09,11,524,32,0.0611,460,523,12514,15688
MEL0,MOVI,2026-07,2026-07-09,11,3417,183,0.0536,3278,3417,49193,67874
OEST,GSM_MOVI,2026-07,2026-07-09,11,1102,124,0.1125,1010,1101,8886,11054
REVO,GSM_PERS,2026-07,2026-07-09,11,861,55,0.0639,799,861,8462,9573
ADT1,GSM_MOVI,2026-07,2026-07-09,12,32,1,0.0313,25,31,322,711
AUSO,GSM_MOVI,2026-07,2026-07-09,12,597,57,0.0955,550,597,11317,14155
AYS3,GSM_PERS,2026-07,2026-07-09,12,268,7,0.0261,223,259,8823,13360
AYSA,GSM_PERS,2026-07,2026-07-09,12,192,12,0.0625,182,192,4908,5181
AYSE,GSM_PERS,2026-07,2026-07-09,12,53,4,0.0755,53,53,5656,8262
CVIA,GSM_MOVI,2026-07,2026-07-09,12,4301,274,0.0637,3052,1626,93274,123898
CVIA,GSM_PERS,2026-07,2026-07-09,12,2522,259,0.1027,1981,1311,88499,117926
DRTV,GSM_MOVI,2026-07,2026-07-09,12,298,19,0.0638,282,298,3798,4408
DRTV,GSM_PERS,2026-07,2026-07-09,12,742,32,0.0431,511,738,5993,9590
DRTW,GSM_MOVI,2026-07,2026-07-09,12,76,2,0.0263,61,76,783,1111
DRTW,GSM_PERS,2026-07,2026-07-09,12,347,14,0.0403,255,340,4216,6945
DRTW,Sin proveedor,2026-07,2026-07-09,12,1,1,1.0000,1,1,2,2
FIME,GSM_MOVI,2026-07,2026-07-09,12,3118,121,0.0388,3048,3118,11521,12140
MEL0,GSM_MOVI,2026-07,2026-07-09,12,912,74,0.0811,832,912,18448,23791
MEL0,GSM_PERS,2026-07,2026-07-09,12,479,28,0.0585,426,474,12514,15688
MEL0,MOVI,2026-07,2026-07-09,12,3387,171,0.0505,3260,3385,49193,67874
OEST,GSM_MOVI,2026-07,2026-07-09,12,1201,176,0.1465,1113,1199,8886,11054
REVO,GSM_PERS,2026-07,2026-07-09,12,625,32,0.0512,591,625,8462,9573
ADT1,GSM_MOVI,2026-07,2026-07-09,13,28,2,0.0714,18,28,322,711
AUSO,GSM_MOVI,2026-07,2026-07-09,13,694,81,0.1167,628,694,11317,14155
AYS3,GSM_PERS,2026-07,2026-07-09,13,218,11,0.0505,183,217,8823,13360
AYSA,GSM_PERS,2026-07,2026-07-09,13,99,7,0.0707,93,95,4908,5181
CVIA,GSM_MOVI,2026-07,2026-07-09,13,4393,307,0.0699,3200,1736,93274,123898
CVIA,GSM_PERS,2026-07,2026-07-09,13,2672,271,0.1014,2064,1533,88499,117926
DRTV,GSM_MOVI,2026-07,2026-07-09,13,281,23,0.0819,256,281,3798,4408
DRTV,GSM_PERS,2026-07,2026-07-09,13,764,32,0.0419,503,761,5993,9590
DRTW,GSM_MOVI,2026-07,2026-07-09,13,44,4,0.0909,35,44,783,1111
DRTW,GSM_PERS,2026-07,2026-07-09,13,375,12,0.0320,271,360,4216,6945
FIME,GSM_MOVI,2026-07,2026-07-09,13,3007,140,0.0466,2950,3007,11521,12140
MEL0,GSM_MOVI,2026-07,2026-07-09,13,951,74,0.0778,859,951,18448,23791
MEL0,GSM_PERS,2026-07,2026-07-09,13,573,38,0.0663,506,567,12514,15688
MEL0,MOVI,2026-07,2026-07-09,13,3120,129,0.0413,3027,3116,49193,67874
OEST,GSM_MOVI,2026-07,2026-07-09,13,1020,140,0.1373,943,1018,8886,11054
OEST,GSM_PERS,2026-07,2026-07-09,13,18,0,0.0000,15,18,3013,4415
REVO,GSM_PERS,2026-07,2026-07-09,13,451,20,0.0443,421,451,8462,9573
ADT1,GSM_MOVI,2026-07,2026-07-09,14,44,2,0.0455,29,43,322,711
AUSO,GSM_MOVI,2026-07,2026-07-09,14,1374,163,0.1186,1208,1374,11317,14155
AYS3,GSM_PERS,2026-07,2026-07-09,14,192,8,0.0417,166,188,8823,13360
AYSA,GSM_PERS,2026-07,2026-07-09,14,166,14,0.0843,163,164,4908,5181
CVIA,GSM_MOVI,2026-07,2026-07-09,14,5593,253,0.0452,3470,1654,93274,123898
CVIA,GSM_PERS,2026-07,2026-07-09,14,2639,295,0.1118,2102,1488,88499,117926
DRTV,GSM_MOVI,2026-07,2026-07-09,14,473,30,0.0634,429,473,3798,4408
DRTV,GSM_PERS,2026-07,2026-07-09,14,602,23,0.0382,417,601,5993,9590
DRTW,GSM_MOVI,2026-07,2026-07-09,14,84,4,0.0476,69,84,783,1111
DRTW,GSM_PERS,2026-07,2026-07-09,14,399,10,0.0251,296,388,4216,6945
FIME,GSM_MOVI,2026-07,2026-07-09,14,1049,42,0.0400,1032,1049,11521,12140
MEL0,GSM_MOVI,2026-07,2026-07-09,14,876,60,0.0685,778,876,18448,23791
MEL0,GSM_PERS,2026-07,2026-07-09,14,575,34,0.0591,507,569,12514,15688
MEL0,MOVI,2026-07,2026-07-09,14,2439,93,0.0381,2381,2436,49193,67874
OEST,GSM_MOVI,2026-07,2026-07-09,14,603,84,0.1393,570,603,8886,11054
OEST,GSM_PERS,2026-07,2026-07-09,14,42,4,0.0952,39,42,3013,4415
REVO,GSM_PERS,2026-07,2026-07-09,14,624,35,0.0561,590,624,8462,9573
ADT1,GSM_MOVI,2026-07,2026-07-09,15,105,5,0.0476,58,105,322,711
AUSO,GSM_MOVI,2026-07,2026-07-09,15,1484,175,0.1179,1299,1483,11317,14155
AYS3,GSM_PERS,2026-07,2026-07-09,15,215,11,0.0512,175,211,8823,13360
AYSA,GSM_PERS,2026-07,2026-07-09,15,217,22,0.1014,209,216,4908,5181
AYSE,GSM_PERS,2026-07,2026-07-09,15,22,2,0.0909,22,22,5383,7958
CVIA,GSM_MOVI,2026-07,2026-07-09,15,6337,200,0.0316,3672,1430,69487,84634
CVIA,GSM_PERS,2026-07,2026-07-09,15,2628,275,0.1046,2193,1545,88499,117926
DRTV,GSM_MOVI,2026-07,2026-07-09,15,527,39,0.0740,476,527,3798,4408
DRTV,GSM_PERS,2026-07,2026-07-09,15,618,23,0.0372,482,611,5993,9590
DRTW,GSM_MOVI,2026-07,2026-07-09,15,191,3,0.0157,152,191,783,1111
DRTW,GSM_PERS,2026-07,2026-07-09,15,381,12,0.0315,280,372,4216,6945
MEL0,GSM_MOVI,2026-07,2026-07-09,15,1086,78,0.0718,953,1086,18448,23791
MEL0,GSM_PERS,2026-07,2026-07-09,15,479,28,0.0585,426,475,12514,15688
MEL0,MOVI,2026-07,2026-07-09,15,7675,336,0.0438,7112,7653,49193,67874
OEST,GSM_PERS,2026-07,2026-07-09,15,20,1,0.0500,19,20,3013,4415
REVO,GSM_PERS,2026-07,2026-07-09,15,700,40,0.0571,652,699,8462,9573
ADT1,GSM_MOVI,2026-07,2026-07-09,16,97,5,0.0515,60,96,322,711
AUSO,GSM_MOVI,2026-07,2026-07-09,16,1604,156,0.0973,1443,1598,11317,14155
AYS3,GSM_PERS,2026-07,2026-07-09,16,221,6,0.0271,177,209,8823,13360
AYSA,GSM_PERS,2026-07,2026-07-09,16,130,11,0.0846,127,129,4908,5181
AYSE,GSM_PERS,2026-07,2026-07-09,16,52,7,0.1346,51,51,5383,7958
CVIA,GSM_MOVI,2026-07,2026-07-09,16,6326,238,0.0376,3639,1404,81569,104749
CVIA,GSM_PERS,2026-07,2026-07-09,16,2316,219,0.0946,1901,1272,88499,117926
DRTV,GSM_MOVI,2026-07,2026-07-09,16,605,45,0.0744,560,605,3798,4408
DRTV,GSM_PERS,2026-07,2026-07-09,16,770,24,0.0312,539,762,5993,9590
DRTW,GSM_MOVI,2026-07,2026-07-09,16,138,6,0.0435,109,138,783,1111
DRTW,GSM_PERS,2026-07,2026-07-09,16,361,11,0.0305,288,358,4216,6945
MEL0,GSM_MOVI,2026-07,2026-07-09,16,1013,76,0.0750,890,1013,18448,23791
MEL0,GSM_PERS,2026-07,2026-07-09,16,593,32,0.0540,530,591,12514,15688
MEL0,MOVI,2026-07,2026-07-09,16,2590,94,0.0363,2499,2589,49193,67874
OEST,GSM_PERS,2026-07,2026-07-09,16,12,1,0.0833,12,12,3013,4415
REVO,GSM_PERS,2026-07,2026-07-09,16,810,45,0.0556,760,810,8462,9573
ADT1,GSM_MOVI,2026-07,2026-07-09,17,51,4,0.0784,32,50,322,711
AUSO,GSM_MOVI,2026-07,2026-07-09,17,1505,167,0.1110,1345,1504,11317,14155
AYS3,GSM_PERS,2026-07,2026-07-09,17,258,9,0.0349,215,256,8823,13360
AYSA,GSM_PERS,2026-07,2026-07-09,17,158,20,0.1266,152,156,4908,5181
AYSE,GSM_PERS,2026-07,2026-07-09,17,52,7,0.1346,48,52,5656,8262
CVIA,GSM_MOVI,2026-07,2026-07-09,17,6311,196,0.0311,3658,1338,69487,84634
CVIA,GSM_PERS,2026-07,2026-07-09,17,2529,230,0.0909,2100,1343,88499,117926
DRTV,GSM_MOVI,2026-07,2026-07-09,17,631,47,0.0745,571,631,3798,4408
DRTV,GSM_PERS,2026-07,2026-07-09,17,641,25,0.0390,464,639,5993,9590
DRTW,GSM_MOVI,2026-07,2026-07-09,17,135,5,0.0370,102,135,783,1111
DRTW,GSM_PERS,2026-07,2026-07-09,17,357,13,0.0364,274,351,4216,6945
MEL0,GSM_MOVI,2026-07,2026-07-09,17,1158,74,0.0639,1021,1158,18448,23791
MEL0,GSM_PERS,2026-07,2026-07-09,17,568,26,0.0458,507,557,12514,15688
REVO,GSM_PERS,2026-07,2026-07-09,17,728,32,0.0440,702,725,8462,9573
ADT1,GSM_MOVI,2026-07,2026-07-09,18,30,3,0.1000,19,30,322,711
AUSO,GSM_MOVI,2026-07,2026-07-09,18,1354,159,0.1174,1201,1353,11317,14155
AYS3,GSM_PERS,2026-07,2026-07-09,18,230,13,0.0565,200,226,8823,13360
AYSA,GSM_PERS,2026-07,2026-07-09,18,140,16,0.1143,139,136,4908,5181
AYSE,GSM_PERS,2026-07,2026-07-09,18,38,5,0.1316,36,38,5383,7958
CVIA,GSM_MOVI,2026-07,2026-07-09,18,6722,196,0.0292,3792,1305,69487,84634
CVIA,GSM_PERS,2026-07,2026-07-09,18,2682,313,0.1167,2267,1538,88499,117926
DRTV,GSM_MOVI,2026-07,2026-07-09,18,272,19,0.0699,254,272,3798,4408
DRTV,GSM_PERS,2026-07,2026-07-09,18,757,30,0.0396,581,753,5993,9590
DRTW,GSM_MOVI,2026-07,2026-07-09,18,67,3,0.0448,58,67,783,1111
DRTW,GSM_PERS,2026-07,2026-07-09,18,393,21,0.0534,298,386,4216,6945
MEL0,GSM_MOVI,2026-07,2026-07-09,18,736,73,0.0992,656,736,18448,23791
MEL0,GSM_PERS,2026-07,2026-07-09,18,586,39,0.0666,539,583,12514,15688
OEST,GSM_PERS,2026-07,2026-07-09,18,3,0,0.0000,3,3,3013,4415
REVO,GSM_PERS,2026-07,2026-07-09,18,682,31,0.0455,651,682,8462,9573
AUSO,GSM_MOVI,2026-07,2026-07-09,19,231,32,0.1385,217,231,11317,14155
AYS3,GSM_PERS,2026-07,2026-07-09,19,412,11,0.0267,353,407,8823,13360
AYSA,GSM_PERS,2026-07,2026-07-09,19,168,21,0.1250,167,167,4908,5181
AYSE,GSM_PERS,2026-07,2026-07-09,19,17,1,0.0588,17,17,5656,8262
CVIA,GSM_MOVI,2026-07,2026-07-09,19,1139,21,0.0184,643,151,69487,84634
CVIA,GSM_PERS,2026-07,2026-07-09,19,2852,304,0.1066,2438,1524,88499,117926
DRTV,GSM_PERS,2026-07,2026-07-09,19,879,41,0.0466,660,873,5993,9590
DRTW,GSM_PERS,2026-07,2026-07-09,19,552,21,0.0380,417,536,4216,6945
MEL0,GSM_PERS,2026-07,2026-07-09,19,781,30,0.0384,695,758,12514,15688
OEST,GSM_PERS,2026-07,2026-07-09,19,3,0,0.0000,3,3,2353,3431
REVO,GSM_PERS,2026-07,2026-07-09,19,594,29,0.0488,570,594,8462,9573
AYS3,GSM_PERS,2026-07,2026-07-09,20,832,43,0.0517,622,781,8823,13360
AYSA,GSM_PERS,2026-07,2026-07-09,20,541,71,0.1312,516,524,4908,5181
DRTV,GSM_PERS,2026-07,2026-07-09,20,214,19,0.0888,187,214,2342,2913
DRTW,GSM_PERS,2026-07,2026-07-09,20,1439,69,0.0479,948,1356,4216,6945
MEL0,GSM_PERS,2026-07,2026-07-09,20,1896,143,0.0754,1602,1816,12514,15688
AYS3,GSM_PERS,2026-07,2026-07-09,21,1,0,0.0000,1,1,8266,12797
AYSA,GSM_PERS,2026-07,2026-07-09,21,5,1,0.2000,5,5,4908,5181
MEL0,GSM_PERS,2026-07,2026-07-09,21,1,0,0.0000,1,1,4733,6817
ADT1,GSM_MOVI,2026-07,2026-07-10,8,588,14,0.0238,278,578,322,711
AUSO,GSM_MOVI,2026-07,2026-07-10,8,654,69,0.1055,459,654,5588,9722
AYS3,GSM_PERS,2026-07,2026-07-10,8,111,4,0.0360,94,111,8823,13360
AYSA,GSM_PERS,2026-07,2026-07-10,8,56,5,0.0893,54,56,4908,5181
CVIA,GSM_MOVI,2026-07,2026-07-10,8,3860,119,0.0308,3194,3856,34370,56418
CVIA,GSM_PERS,2026-07,2026-07-10,8,651,90,0.1382,606,651,32082,48835
DRTV,GSM_PERS,2026-07,2026-07-10,8,28,2,0.0714,25,28,2342,2913
DRTW,GSM_PERS,2026-07,2026-07-10,8,137,2,0.0146,108,137,4216,6945
MEL0,GSM_PERS,2026-07,2026-07-10,8,432,21,0.0486,391,426,12514,15688
OEST,GSM_PERS,2026-07,2026-07-10,8,626,58,0.0927,480,626,3013,4415
AUSO,GSM_MOVI,2026-07,2026-07-10,9,1517,137,0.0903,1126,1515,5588,9722
AYS3,GSM_PERS,2026-07,2026-07-10,9,131,5,0.0382,109,130,8266,12797
AYS3,MOVI,2026-07,2026-07-10,9,77,7,0.0909,44,77,1845,2293
AYSA,GSM_PERS,2026-07,2026-07-10,9,97,6,0.0619,95,97,4908,5181
AYSA,MOVI,2026-07,2026-07-10,9,229,12,0.0524,145,229,1402,1647
AYSC,MOVI,2026-07,2026-07-10,9,1280,40,0.0313,586,1261,587,1263
CVIA,GSM_MOVI,2026-07,2026-07-10,9,6167,413,0.0670,5280,6160,34370,56418
CVIA,GSM_PERS,2026-07,2026-07-10,9,2008,330,0.1643,1872,2007,32082,48835
DRTV,GSM_PERS,2026-07,2026-07-10,9,1293,50,0.0387,858,1293,5993,9590
DRTW,GSM_MOVI,2026-07,2026-07-10,9,1001,22,0.0220,727,1001,783,1111
DRTW,GSM_PERS,2026-07,2026-07-10,9,440,8,0.0182,315,430,4216,6945
MEL0,GSM_PERS,2026-07,2026-07-10,9,594,23,0.0387,535,591,12514,15688
OEST,GSM_MOVI,2026-07,2026-07-10,9,1645,149,0.0906,1355,1635,2787,3826
OEST,GSM_PERS,2026-07,2026-07-10,9,705,58,0.0823,551,704,3013,4415
AUSO,GSM_MOVI,2026-07,2026-07-10,10,1542,142,0.0921,1148,1539,5588,9722
AYS3,GSM_PERS,2026-07,2026-07-10,10,142,10,0.0704,125,139,8823,13360
AYSA,GSM_PERS,2026-07,2026-07-10,10,84,12,0.1429,82,84,4908,5181
CVIA,GSM_MOVI,2026-07,2026-07-10,10,3022,236,0.0781,2641,3021,34370,56418
CVIA,GSM_PERS,2026-07,2026-07-10,10,1811,293,0.1618,1697,1811,32082,48835
DRTV,GSM_PERS,2026-07,2026-07-10,10,1502,66,0.0439,1003,1502,5993,9590
DRTW,GSM_PERS,2026-07,2026-07-10,10,433,18,0.0416,311,415,4216,6945
FIME,GSM_MOVI,2026-07,2026-07-10,10,3283,141,0.0429,3179,3281,11521,12140
MEL0,GSM_MOVI,2026-07,2026-07-10,10,728,57,0.0783,653,728,18448,23791
MEL0,GSM_PERS,2026-07,2026-07-10,10,572,29,0.0507,517,566,12514,15688
MEL0,MOVI,2026-07,2026-07-10,10,760,55,0.0724,753,760,49193,67874
OEST,GSM_MOVI,2026-07,2026-07-10,10,1833,171,0.0933,1475,1826,2787,3826
OEST,GSM_PERS,2026-07,2026-07-10,10,669,53,0.0792,537,667,3013,4415
AUSO,GSM_MOVI,2026-07,2026-07-10,11,1579,199,0.1260,1190,1577,5588,9722
AYS3,GSM_PERS,2026-07,2026-07-10,11,47,1,0.0213,40,47,8266,12797
AYSA,GSM_PERS,2026-07,2026-07-10,11,55,11,0.2000,55,55,4908,5181
CVIA,GSM_MOVI,2026-07,2026-07-10,11,1281,158,0.1233,1209,1281,34370,56418
CVIA,GSM_PERS,2026-07,2026-07-10,11,1438,277,0.1926,1372,1437,32082,48835
DRTV,GSM_PERS,2026-07,2026-07-10,11,1046,50,0.0478,800,1046,5993,9590
DRTW,GSM_PERS,2026-07,2026-07-10,11,319,13,0.0408,247,317,4216,6945
DRTW,Sin proveedor,2026-07,2026-07-10,11,1,1,1.0000,1,1,1,1
FIME,GSM_MOVI,2026-07,2026-07-10,11,4905,201,0.0410,4736,4901,11521,12140
MEL0,GSM_MOVI,2026-07,2026-07-10,11,2604,243,0.0933,2250,2603,18448,23791
MEL0,GSM_PERS,2026-07,2026-07-10,11,1945,105,0.0540,1734,1938,12514,15688
MEL0,MOVI,2026-07,2026-07-10,11,1669,98,0.0587,1642,1669,49193,67874
MEL0,Sin proveedor,2026-07,2026-07-10,11,1,0,0.0000,1,1,2,2
OEST,GSM_PERS,2026-07,2026-07-10,11,351,35,0.0997,298,351,3013,4415
AUSO,GSM_MOVI,2026-07,2026-07-10,12,2916,346,0.1187,2128,2910,5588,9722
AYS3,GSM_PERS,2026-07,2026-07-10,12,84,1,0.0119,74,84,8823,13360
AYSA,GSM_PERS,2026-07,2026-07-10,12,52,3,0.0577,52,52,4908,5181
CVIA,GSM_MOVI,2026-07,2026-07-10,12,1323,144,0.1088,1234,1322,34370,56418
CVIA,GSM_PERS,2026-07,2026-07-10,12,1351,243,0.1799,1303,1351,32082,48835
DRTV,GSM_PERS,2026-07,2026-07-10,12,1065,48,0.0451,873,1064,5993,9590
DRTW,GSM_PERS,2026-07,2026-07-10,12,355,7,0.0197,283,348,4216,6945
FIME,GSM_MOVI,2026-07,2026-07-10,12,3862,161,0.0417,3740,3862,11521,12140
MEL0,GSM_MOVI,2026-07,2026-07-10,12,314,37,0.1178,295,314,18448,23791
MEL0,GSM_PERS,2026-07,2026-07-10,12,2206,133,0.0603,1946,2195,12514,15688
MEL0,MOVI,2026-07,2026-07-10,12,1607,108,0.0672,1580,1607,49193,67874
OEST,GSM_PERS,2026-07,2026-07-10,12,567,61,0.1076,485,564,3013,4415
AUSO,GSM_MOVI,2026-07,2026-07-10,13,312,29,0.0929,251,312,5588,9722
AYS3,GSM_PERS,2026-07,2026-07-10,13,119,5,0.0420,114,119,8823,13360
AYSA,GSM_PERS,2026-07,2026-07-10,13,119,13,0.1092,117,118,4908,5181
CVIA,GSM_PERS,2026-07,2026-07-10,13,2125,387,0.1821,2041,2123,32082,48835
DRTV,GSM_PERS,2026-07,2026-07-10,13,1673,71,0.0424,1311,1671,5993,9590
DRTW,GSM_PERS,2026-07,2026-07-10,13,520,19,0.0365,430,511,4216,6945
MEL0,GSM_PERS,2026-07,2026-07-10,13,929,46,0.0495,866,907,12514,15688
MEL0,MOVI,2026-07,2026-07-10,13,1621,123,0.0759,1594,1621,49193,67874
OEST,GSM_PERS,2026-07,2026-07-10,13,820,77,0.0939,667,820,3013,4415
AYS3,GSM_PERS,2026-07,2026-07-10,14,309,18,0.0583,270,302,8823,13360
AYSA,GSM_PERS,2026-07,2026-07-10,14,175,21,0.1200,173,173,4908,5181
CVIA,GSM_PERS,2026-07,2026-07-10,14,976,192,0.1967,943,976,32082,48835
DRTV,GSM_PERS,2026-07,2026-07-10,14,1055,45,0.0427,907,1046,5993,9590
DRTV,Sin proveedor,2026-07,2026-07-10,14,1,1,1.0000,1,1,6,7
DRTW,GSM_PERS,2026-07,2026-07-10,14,1152,45,0.0391,749,1077,4216,6945
MEL0,GSM_PERS,2026-07,2026-07-10,14,1579,79,0.0500,1333,1508,12514,15688
MEL0,MOVI,2026-07,2026-07-10,14,1616,126,0.0780,1603,1616,49193,67874
OEST,GSM_PERS,2026-07,2026-07-10,14,373,29,0.0777,324,373,3013,4415
AYS3,GSM_PERS,2026-07,2026-07-10,15,376,19,0.0505,325,375,8823,13360
AYSA,GSM_PERS,2026-07,2026-07-10,15,322,45,0.1398,315,321,4908,5181
DRTV,GSM_PERS,2026-07,2026-07-10,15,664,41,0.0617,562,637,2342,2913
DRTW,GSM_PERS,2026-07,2026-07-10,15,1414,59,0.0417,875,1311,4216,6945
MEL0,GSM_PERS,2026-07,2026-07-10,15,2393,141,0.0589,1908,2157,12514,15688
MEL0,MOVI,2026-07,2026-07-10,15,6899,460,0.0667,6427,6899,49193,67874
AYS3,GSM_PERS,2026-07,2026-07-10,16,355,18,0.0507,311,351,8823,13360
AYSA,GSM_PERS,2026-07,2026-07-10,16,324,47,0.1451,318,322,4908,5181
DRTV,GSM_PERS,2026-07,2026-07-10,16,724,41,0.0566,590,682,2342,2913
DRTW,GSM_PERS,2026-07,2026-07-10,16,1585,59,0.0372,1009,1436,4216,6945
MEL0,GSM_PERS,2026-07,2026-07-10,16,2179,122,0.0560,1789,2033,12514,15688
MEL0,MOVI,2026-07,2026-07-10,16,3545,212,0.0598,3360,3545,49193,67874
AYS3,GSM_PERS,2026-07,2026-07-10,17,383,16,0.0418,324,382,8823,13360
AYSA,GSM_PERS,2026-07,2026-07-10,17,388,47,0.1211,373,388,4908,5181
DRTV,GSM_PERS,2026-07,2026-07-10,17,493,40,0.0811,424,479,2342,2913
DRTW,GSM_PERS,2026-07,2026-07-10,17,1604,65,0.0405,1037,1463,4216,6945
MEL0,GSM_PERS,2026-07,2026-07-10,17,2263,143,0.0632,1884,2100,12514,15688
AYS3,GSM_PERS,2026-07,2026-07-10,18,283,10,0.0353,247,281,8823,13360
AYSA,GSM_PERS,2026-07,2026-07-10,18,133,18,0.1353,132,133,4908,5181
DRTV,GSM_PERS,2026-07,2026-07-10,18,478,27,0.0565,406,461,2342,2913
DRTW,GSM_PERS,2026-07,2026-07-10,18,898,35,0.0390,599,850,4216,6945
MEL0,GSM_PERS,2026-07,2026-07-10,18,1491,106,0.0711,1267,1416,12514,15688
ADT1,GSM_MOVI,2026-07,2026-07-11,8,602,15,0.0249,284,590,322,711
AUSO,GSM_PERS,2026-07,2026-07-11,8,413,38,0.0920,382,413,3716,4632
CVIA,GSM_MOVI,2026-07,2026-07-11,8,4214,156,0.0370,2548,1593,93274,123898
CVIA,GSM_PERS,2026-07,2026-07-11,8,1318,73,0.0554,1029,655,88499,117926
REVO,GSM_PERS,2026-07,2026-07-11,8,945,50,0.0529,895,943,8462,9573
AUSO,GSM_MOVI,2026-07,2026-07-11,9,1694,219,0.1293,1526,1693,11630,14190
AUSO,GSM_PERS,2026-07,2026-07-11,9,732,77,0.1052,649,702,3752,4682
CVIA,GSM_MOVI,2026-07,2026-07-11,9,4875,283,0.0581,3861,2729,93274,123898
CVIA,GSM_PERS,2026-07,2026-07-11,9,2813,224,0.0796,2265,1552,88499,117926
DRTV,GSM_PERS,2026-07,2026-07-11,9,865,25,0.0289,670,864,5993,9590
DRTW,GSM_MOVI,2026-07,2026-07-11,9,190,5,0.0263,161,190,783,1111
DRTW,GSM_PERS,2026-07,2026-07-11,9,501,13,0.0259,385,501,4216,6945
OEST,GSM_MOVI,2026-07,2026-07-11,9,3509,345,0.0983,3153,3506,11196,13807
REVO,GSM_PERS,2026-07,2026-07-11,9,509,22,0.0432,490,509,8462,9573
REVO,MOVI,2026-07,2026-07-11,9,15517,413,0.0266,12821,15498,55041,70715
AUSO,GSM_MOVI,2026-07,2026-07-11,10,1802,270,0.1498,1654,1799,11630,14190
AUSO,GSM_PERS,2026-07,2026-07-11,10,701,76,0.1084,622,679,3752,4682
CVIA,GSM_MOVI,2026-07,2026-07-11,10,3056,186,0.0609,2301,1207,93274,123898
CVIA,GSM_PERS,2026-07,2026-07-11,10,2250,187,0.0831,1808,1205,88499,117926
DRTV,GSM_PERS,2026-07,2026-07-11,10,922,34,0.0369,716,922,5993,9590
DRTW,GSM_MOVI,2026-07,2026-07-11,10,238,8,0.0336,200,238,783,1111
DRTW,GSM_PERS,2026-07,2026-07-11,10,531,23,0.0433,416,531,4216,6945
FIME,GSM_MOVI,2026-07,2026-07-11,10,1461,64,0.0438,1425,1461,11521,12140
MEL0,GSM_MOVI,2026-07,2026-07-11,10,220,18,0.0818,208,220,18448,23791
MEL0,GSM_PERS,2026-07,2026-07-11,10,92,4,0.0435,89,92,12514,15688
MEL0,MOVI,2026-07,2026-07-11,10,8227,122,0.0148,7331,8224,49193,67874
OEST,GSM_MOVI,2026-07,2026-07-11,10,2482,293,0.1180,2243,2481,11196,13807
REVO,GSM_MOVI,2026-07,2026-07-11,10,889,112,0.1260,839,889,11756,14432
REVO,GSM_PERS,2026-07,2026-07-11,10,662,39,0.0589,605,662,34500,47555
REVO,MOVI,2026-07,2026-07-11,10,4362,119,0.0273,3759,4360,55041,70715
AUSO,GSM_MOVI,2026-07,2026-07-11,11,1140,165,0.1447,1043,1140,11630,14190
AUSO,GSM_PERS,2026-07,2026-07-11,11,669,81,0.1211,593,645,3752,4682
CVIA,GSM_MOVI,2026-07,2026-07-11,11,2688,113,0.0420,1868,718,93274,123898
CVIA,GSM_PERS,2026-07,2026-07-11,11,1664,107,0.0643,1248,652,88499,117926
DRTV,GSM_PERS,2026-07,2026-07-11,11,429,12,0.0280,335,429,5993,9590
DRTW,GSM_MOVI,2026-07,2026-07-11,11,123,4,0.0325,100,123,783,1111
DRTW,GSM_PERS,2026-07,2026-07-11,11,350,10,0.0286,288,350,4216,6945
FIME,GSM_MOVI,2026-07,2026-07-11,11,2229,103,0.0462,2171,2228,11521,12140
MEL0,GSM_MOVI,2026-07,2026-07-11,11,1272,102,0.0802,1178,1272,18448,23791
MEL0,GSM_PERS,2026-07,2026-07-11,11,500,23,0.0460,465,500,12514,15688
MEL0,MOVI,2026-07,2026-07-11,11,15838,182,0.0115,13794,15799,49193,67874
OEST,GSM_MOVI,2026-07,2026-07-11,11,2213,301,0.1360,2019,2212,11196,13807
REVO,GSM_MOVI,2026-07,2026-07-11,11,656,85,0.1296,614,656,11756,14432
REVO,GSM_PERS,2026-07,2026-07-11,11,1650,76,0.0461,1400,1650,34500,47555
AUSO,GSM_MOVI,2026-07,2026-07-11,12,1090,186,0.1706,999,1090,11630,14190
AUSO,GSM_PERS,2026-07,2026-07-11,12,688,87,0.1265,610,660,3752,4682
CVIA,GSM_MOVI,2026-07,2026-07-11,12,2977,167,0.0561,2185,990,93274,123898
CVIA,GSM_PERS,2026-07,2026-07-11,12,1691,122,0.0721,1265,667,88499,117926
DRTV,GSM_PERS,2026-07,2026-07-11,12,366,13,0.0355,308,366,5993,9590
DRTW,GSM_MOVI,2026-07,2026-07-11,12,123,5,0.0407,105,123,783,1111
DRTW,GSM_PERS,2026-07,2026-07-11,12,295,14,0.0475,244,295,4216,6945
FIME,GSM_MOVI,2026-07,2026-07-11,12,2360,119,0.0504,2298,2359,11521,12140
MEL0,GSM_MOVI,2026-07,2026-07-11,12,1121,99,0.0883,1056,1121,18448,23791
MEL0,GSM_PERS,2026-07,2026-07-11,12,550,36,0.0655,508,550,12514,15688
MEL0,MOVI,2026-07,2026-07-11,12,668,13,0.0195,640,668,49193,67874
OEST,GSM_MOVI,2026-07,2026-07-11,12,1874,277,0.1478,1700,1872,11196,13807
REVO,GSM_MOVI,2026-07,2026-07-11,12,853,115,0.1348,808,852,11756,14432
REVO,GSM_PERS,2026-07,2026-07-11,12,1657,77,0.0465,1402,1657,34500,47555
AUSO,GSM_MOVI,2026-07,2026-07-11,13,1080,182,0.1685,1002,1080,11630,14190
AUSO,GSM_PERS,2026-07,2026-07-11,13,694,97,0.1398,617,665,3752,4682
CVIA,GSM_MOVI,2026-07,2026-07-11,13,2931,140,0.0478,1986,763,93274,123898
CVIA,GSM_PERS,2026-07,2026-07-11,13,1647,107,0.0650,1216,605,88499,117926
DRTV,GSM_PERS,2026-07,2026-07-11,13,400,17,0.0425,314,400,5993,9590
DRTW,GSM_MOVI,2026-07,2026-07-11,13,170,3,0.0176,147,170,783,1111
DRTW,GSM_PERS,2026-07,2026-07-11,13,355,10,0.0282,294,355,4216,6945
FIME,GSM_MOVI,2026-07,2026-07-11,13,1596,70,0.0439,1561,1596,11521,12140
MEL0,GSM_MOVI,2026-07,2026-07-11,13,1215,103,0.0848,1135,1215,18448,23791
MEL0,GSM_PERS,2026-07,2026-07-11,13,530,38,0.0717,505,530,12514,15688
OEST,GSM_MOVI,2026-07,2026-07-11,13,1337,209,0.1563,1251,1337,11196,13807
REVO,GSM_MOVI,2026-07,2026-07-11,13,2131,202,0.0948,1889,2130,11756,14432
REVO,GSM_PERS,2026-07,2026-07-11,13,1681,110,0.0654,1411,1680,34500,47555
AUSO,GSM_MOVI,2026-07,2026-07-11,14,1421,199,0.1400,1329,1421,11630,14190
AUSO,GSM_PERS,2026-07,2026-07-11,14,663,78,0.1176,581,641,3752,4682
CVIA,GSM_MOVI,2026-07,2026-07-11,14,2925,162,0.0554,2024,814,93274,123898
CVIA,GSM_PERS,2026-07,2026-07-11,14,1605,81,0.0505,1147,532,88499,117926
DRTV,GSM_PERS,2026-07,2026-07-11,14,383,21,0.0548,321,383,5993,9590
DRTW,GSM_MOVI,2026-07,2026-07-11,14,125,3,0.0240,113,125,783,1111
DRTW,GSM_PERS,2026-07,2026-07-11,14,303,7,0.0231,257,303,4216,6945
FIME,GSM_MOVI,2026-07,2026-07-11,14,2232,106,0.0475,2182,2232,11521,12140
MEL0,GSM_MOVI,2026-07,2026-07-11,14,1116,119,0.1066,1056,1116,18448,23791
MEL0,GSM_PERS,2026-07,2026-07-11,14,581,40,0.0688,551,581,12514,15688
OEST,GSM_MOVI,2026-07,2026-07-11,14,564,68,0.1206,534,564,7072,8645
REVO,GSM_MOVI,2026-07,2026-07-11,14,2073,223,0.1076,1868,2073,11756,14432
REVO,GSM_PERS,2026-07,2026-07-11,14,1781,81,0.0455,1490,1781,34500,47555
AUSO,GSM_MOVI,2026-07,2026-07-11,15,662,84,0.1269,614,662,11630,14190
AUSO,GSM_PERS,2026-07,2026-07-11,15,660,73,0.1106,595,638,3752,4682
CVIA,GSM_MOVI,2026-07,2026-07-11,15,3788,192,0.0507,2480,1036,93274,123898
CVIA,GSM_PERS,2026-07,2026-07-11,15,1582,93,0.0588,1165,554,88499,117926
DRTV,GSM_PERS,2026-07,2026-07-11,15,354,15,0.0424,301,354,5993,9590
DRTW,GSM_MOVI,2026-07,2026-07-11,15,53,2,0.0377,46,53,783,1111
DRTW,GSM_PERS,2026-07,2026-07-11,15,338,8,0.0237,280,338,4216,6945
FIME,GSM_MOVI,2026-07,2026-07-11,15,2101,86,0.0409,2046,2098,11521,12140
MEL0,GSM_MOVI,2026-07,2026-07-11,15,388,46,0.1186,372,388,18448,23791
MEL0,GSM_PERS,2026-07,2026-07-11,15,466,36,0.0773,438,466,12514,15688
OEST,GSM_MOVI,2026-07,2026-07-11,15,795,115,0.1447,760,795,7072,8645
REVO,GSM_MOVI,2026-07,2026-07-11,15,2947,276,0.0937,2601,2945,11756,14432
REVO,GSM_PERS,2026-07,2026-07-11,15,1898,93,0.0490,1571,1898,34500,47555
AUSO,GSM_MOVI,2026-07,2026-07-11,16,1694,195,0.1151,1474,1692,6956,8531
AUSO,GSM_PERS,2026-07,2026-07-11,16,726,87,0.1198,657,690,3752,4682
CVIA,GSM_MOVI,2026-07,2026-07-11,16,6521,182,0.0279,3598,991,93274,123898
CVIA,GSM_PERS,2026-07,2026-07-11,16,1917,109,0.0569,1542,694,88499,117926
DRTV,GSM_PERS,2026-07,2026-07-11,16,464,23,0.0496,413,464,5993,9590
DRTW,GSM_PERS,2026-07,2026-07-11,16,388,18,0.0464,342,388,4216,6945
FIME,GSM_MOVI,2026-07,2026-07-11,16,71,5,0.0704,71,71,11521,12140
MEL0,GSM_PERS,2026-07,2026-07-11,16,506,35,0.0692,494,506,12514,15688
OEST,GSM_MOVI,2026-07,2026-07-11,16,5,0,0.0000,5,5,3577,4310
REVO,GSM_MOVI,2026-07,2026-07-11,16,125,9,0.0720,109,125,11756,14432
REVO,GSM_PERS,2026-07,2026-07-11,16,1898,78,0.0411,1661,1897,34500,47555
AUSO,GSM_MOVI,2026-07,2026-07-11,17,1559,200,0.1283,1373,1559,6956,8531
AUSO,GSM_PERS,2026-07,2026-07-11,17,781,71,0.0909,708,749,3752,4682
CVIA,GSM_MOVI,2026-07,2026-07-11,17,6781,232,0.0342,3833,1116,69487,84634
CVIA,GSM_PERS,2026-07,2026-07-11,17,1803,109,0.0605,1470,607,88499,117926
DRTV,GSM_PERS,2026-07,2026-07-11,17,515,21,0.0408,452,515,5993,9590
DRTW,GSM_PERS,2026-07,2026-07-11,17,394,20,0.0508,354,394,4216,6945
MEL0,GSM_PERS,2026-07,2026-07-11,17,539,34,0.0631,514,539,12514,15688
REVO,GSM_PERS,2026-07,2026-07-11,17,1937,94,0.0485,1730,1937,34500,47555
AUSO,GSM_MOVI,2026-07,2026-07-11,18,808,109,0.1349,715,808,6956,8531
AUSO,GSM_PERS,2026-07,2026-07-11,18,758,96,0.1266,684,726,3752,4682
CVIA,GSM_MOVI,2026-07,2026-07-11,18,5191,186,0.0358,2926,780,69487,84634
CVIA,GSM_PERS,2026-07,2026-07-11,18,1941,115,0.0592,1635,756,88499,117926
DRTV,GSM_PERS,2026-07,2026-07-11,18,393,22,0.0560,348,393,5993,9590
DRTW,GSM_PERS,2026-07,2026-07-11,18,420,29,0.0690,374,420,4216,6945
MEL0,GSM_PERS,2026-07,2026-07-11,18,622,50,0.0804,600,622,12514,15688
REVO,GSM_PERS,2026-07,2026-07-11,18,1912,105,0.0549,1730,1909,34500,47555
AUSO,GSM_PERS,2026-07,2026-07-11,19,835,114,0.1365,747,797,3752,4682
CVIA,GSM_PERS,2026-07,2026-07-11,19,1955,149,0.0762,1700,732,88499,117926
DRTV,GSM_PERS,2026-07,2026-07-11,19,440,27,0.0614,394,440,5993,9590
DRTW,GSM_PERS,2026-07,2026-07-11,19,366,25,0.0683,333,366,4216,6945
MEL0,GSM_PERS,2026-07,2026-07-11,19,738,56,0.0759,716,738,12514,15688
REVO,GSM_PERS,2026-07,2026-07-11,19,2217,135,0.0609,2039,2217,34500,47555
AUSO,GSM_PERS,2026-07,2026-07-11,20,694,90,0.1297,624,659,3752,4682
CVIA,GSM_PERS,2026-07,2026-07-11,20,2134,136,0.0637,1857,818,88499,117926
DRTV,GSM_PERS,2026-07,2026-07-11,20,488,31,0.0635,443,488,5993,9590
DRTW,GSM_PERS,2026-07,2026-07-11,20,454,17,0.0374,429,454,4216,6945
MEL0,GSM_PERS,2026-07,2026-07-11,20,674,44,0.0653,653,674,12514,15688
REVO,GSM_PERS,2026-07,2026-07-11,20,2206,122,0.0553,2020,2204,34500,47555
CVIA,GSM_PERS,2026-07,2026-07-11,21,11,0,0.0000,10,3,19113,9643
DRTV,GSM_PERS,2026-07,2026-07-11,21,2,0,0.0000,2,2,5993,9590
MEL0,GSM_PERS,2026-07,2026-07-11,21,1,0,0.0000,1,1,7781,8871
REVO,GSM_PERS,2026-07,2026-07-11,21,5,1,0.2000,5,5,33370,46410
AUSO,GSM_MOVI,2026-07,2026-07-12,8,615,39,0.0634,437,615,5588,9722
CVIA,GSM_MOVI,2026-07,2026-07-12,8,4131,116,0.0281,3198,4126,34370,56418
CVIA,GSM_PERS,2026-07,2026-07-12,8,1314,46,0.0350,1084,723,88499,117926
DRTV,GSM_PERS,2026-07,2026-07-12,8,103,2,0.0194,91,103,5993,9590
DRTW,GSM_PERS,2026-07,2026-07-12,8,55,2,0.0364,50,55,4216,6945
MEL0,GSM_PERS,2026-07,2026-07-12,8,133,7,0.0526,130,133,12514,15688
OEST,GSM_PERS,2026-07,2026-07-12,8,72,4,0.0556,56,72,3013,4415
REVO,GSM_PERS,2026-07,2026-07-12,8,894,34,0.0380,803,894,34500,47555
AUSO,GSM_MOVI,2026-07,2026-07-12,9,1565,95,0.0607,1165,1564,5588,9722
CVIA,GSM_MOVI,2026-07,2026-07-12,9,6578,533,0.0810,5844,6573,34370,56418
CVIA,GSM_PERS,2026-07,2026-07-12,9,3409,162,0.0475,2908,2161,88499,117926
DRTV,GSM_PERS,2026-07,2026-07-12,9,136,7,0.0515,109,136,5993,9590
DRTW,GSM_PERS,2026-07,2026-07-12,9,190,1,0.0053,150,190,4216,6945
MEL0,GSM_PERS,2026-07,2026-07-12,9,177,11,0.0621,169,177,12514,15688
OEST,GSM_MOVI,2026-07,2026-07-12,9,1780,106,0.0596,1461,1771,2787,3826
OEST,GSM_PERS,2026-07,2026-07-12,9,285,19,0.0667,232,284,3013,4415
REVO,GSM_PERS,2026-07,2026-07-12,9,1503,44,0.0293,1351,1492,34500,47555
REVO,MOVI,2026-07,2026-07-12,9,7853,491,0.0625,6688,7851,55041,70715
AUSO,GSM_MOVI,2026-07,2026-07-12,10,1816,131,0.0721,1332,1815,5588,9722
CVIA,GSM_MOVI,2026-07,2026-07-12,10,356,36,0.1011,338,356,34370,56418
CVIA,GSM_PERS,2026-07,2026-07-12,10,3059,180,0.0588,2595,1869,88499,117926
DRTV,GSM_PERS,2026-07,2026-07-12,10,184,4,0.0217,148,184,5993,9590
DRTW,GSM_PERS,2026-07,2026-07-12,10,178,0,0.0000,143,175,4216,6945
MEL0,GSM_MOVI,2026-07,2026-07-12,10,1807,104,0.0576,1640,1807,18448,23791
MEL0,GSM_PERS,2026-07,2026-07-12,10,215,9,0.0419,201,215,12514,15688
MEL0,MOVI,2026-07,2026-07-12,10,3470,210,0.0605,3194,3469,49193,67874
OEST,GSM_MOVI,2026-07,2026-07-12,10,1684,100,0.0594,1353,1679,2787,3826
OEST,GSM_PERS,2026-07,2026-07-12,10,275,23,0.0836,227,275,3013,4415
REVO,GSM_MOVI,2026-07,2026-07-12,10,3921,302,0.0770,3537,3916,11756,14432
REVO,GSM_PERS,2026-07,2026-07-12,10,1396,56,0.0401,1263,1392,34500,47555
REVO,MOVI,2026-07,2026-07-12,10,4956,311,0.0628,4359,4954,55041,70715
AUSO,GSM_MOVI,2026-07,2026-07-12,11,3788,312,0.0824,2657,3774,5588,9722
CVIA,GSM_PERS,2026-07,2026-07-12,11,2762,164,0.0594,2369,1574,88499,117926
DRTV,GSM_PERS,2026-07,2026-07-12,11,97,3,0.0309,87,97,5993,9590
DRTW,GSM_PERS,2026-07,2026-07-12,11,182,6,0.0330,148,182,4216,6945
MEL0,GSM_MOVI,2026-07,2026-07-12,11,3363,217,0.0645,3030,3363,18448,23791
MEL0,GSM_PERS,2026-07,2026-07-12,11,639,34,0.0532,601,633,12514,15688
MEL0,MOVI,2026-07,2026-07-12,11,6046,334,0.0552,5559,6036,49193,67874
OEST,GSM_PERS,2026-07,2026-07-12,11,117,7,0.0598,105,117,3013,4415
REVO,GSM_PERS,2026-07,2026-07-12,11,2236,99,0.0443,1888,2197,34500,47555
REVO,MOVI,2026-07,2026-07-12,11,2071,138,0.0666,1868,2070,55041,70715
AUSO,GSM_MOVI,2026-07,2026-07-12,12,676,60,0.0888,509,674,5588,9722
CVIA,GSM_PERS,2026-07,2026-07-12,12,3056,205,0.0671,2719,1796,88499,117926
DRTV,GSM_PERS,2026-07,2026-07-12,12,134,6,0.0448,127,134,5993,9590
DRTW,GSM_PERS,2026-07,2026-07-12,12,170,5,0.0294,147,169,4216,6945
MEL0,GSM_PERS,2026-07,2026-07-12,12,643,40,0.0622,605,624,12514,15688
MEL0,MOVI,2026-07,2026-07-12,12,5615,282,0.0502,5163,5608,49193,67874
OEST,GSM_PERS,2026-07,2026-07-12,12,134,8,0.0597,110,134,3013,4415
REVO,GSM_MOVI,2026-07,2026-07-12,12,4,0,0.0000,4,4,11756,14432
REVO,GSM_PERS,2026-07,2026-07-12,12,2279,91,0.0399,2046,2253,34500,47555
REVO,MOVI,2026-07,2026-07-12,12,2274,191,0.0840,2101,2274,55041,70715
CVIA,GSM_PERS,2026-07,2026-07-12,13,2456,150,0.0611,2112,1326,88499,117926
DRTV,GSM_PERS,2026-07,2026-07-12,13,127,8,0.0630,116,127,5993,9590
DRTW,GSM_PERS,2026-07,2026-07-12,13,192,6,0.0313,159,189,4216,6945
MEL0,GSM_PERS,2026-07,2026-07-12,13,556,37,0.0665,527,543,12514,15688
MEL0,MOVI,2026-07,2026-07-12,13,5674,315,0.0555,5260,5665,49193,67874
OEST,GSM_PERS,2026-07,2026-07-12,13,141,13,0.0922,125,141,3013,4415
REVO,GSM_MOVI,2026-07,2026-07-12,13,5565,428,0.0769,4507,5557,11756,14432
REVO,GSM_PERS,2026-07,2026-07-12,13,2269,113,0.0498,1970,2238,34500,47555
REVO,MOVI,2026-07,2026-07-12,13,2262,186,0.0822,2090,2262,55041,70715
CVIA,GSM_PERS,2026-07,2026-07-12,14,3070,184,0.0599,2760,1796,88499,117926
DRTV,GSM_PERS,2026-07,2026-07-12,14,113,5,0.0442,102,113,5993,9590
DRTW,GSM_PERS,2026-07,2026-07-12,14,172,7,0.0407,145,168,4216,6945
MEL0,GSM_PERS,2026-07,2026-07-12,14,685,39,0.0569,644,672,12514,15688
MEL0,MOVI,2026-07,2026-07-12,14,1077,73,0.0678,1049,1077,49193,67874
OEST,GSM_PERS,2026-07,2026-07-12,14,130,8,0.0615,116,130,3013,4415
REVO,GSM_PERS,2026-07,2026-07-12,14,2372,106,0.0447,2144,2340,34500,47555
REVO,MOVI,2026-07,2026-07-12,14,454,37,0.0815,442,454,55041,70715
CVIA,GSM_PERS,2026-07,2026-07-12,15,2905,175,0.0602,2607,1581,88499,117926
DRTV,GSM_PERS,2026-07,2026-07-12,15,159,7,0.0440,149,159,5993,9590
DRTW,GSM_PERS,2026-07,2026-07-12,15,218,9,0.0413,183,216,4216,6945
MEL0,GSM_PERS,2026-07,2026-07-12,15,710,47,0.0662,658,692,12514,15688
OEST,GSM_PERS,2026-07,2026-07-12,15,156,13,0.0833,139,156,3013,4415
REVO,GSM_PERS,2026-07,2026-07-12,15,2461,97,0.0394,2200,2432,34500,47555
CVIA,GSM_PERS,2026-07,2026-07-12,16,3102,222,0.0716,2831,1776,88499,117926
DRTV,GSM_PERS,2026-07,2026-07-12,16,124,9,0.0726,115,124,5993,9590
DRTW,GSM_PERS,2026-07,2026-07-12,16,227,6,0.0264,198,224,4216,6945
MEL0,GSM_PERS,2026-07,2026-07-12,16,635,56,0.0882,603,623,12514,15688
OEST,GSM_PERS,2026-07,2026-07-12,16,176,23,0.1307,161,175,3013,4415
REVO,GSM_PERS,2026-07,2026-07-12,16,2316,105,0.0453,2078,2291,34500,47555
CVIA,GSM_PERS,2026-07,2026-07-12,17,3017,183,0.0607,2727,1647,88499,117926
DRTV,GSM_PERS,2026-07,2026-07-12,17,126,5,0.0397,116,126,5993,9590
DRTW,GSM_PERS,2026-07,2026-07-12,17,231,8,0.0346,204,231,4216,6945
MEL0,GSM_PERS,2026-07,2026-07-12,17,661,46,0.0696,636,650,12514,15688
OEST,GSM_PERS,2026-07,2026-07-12,17,190,21,0.1105,175,190,3013,4415
REVO,GSM_PERS,2026-07,2026-07-12,17,2424,93,0.0384,2191,2391,34500,47555
CVIA,GSM_PERS,2026-07,2026-07-12,18,2809,174,0.0619,2580,1506,88499,117926
DRTV,GSM_PERS,2026-07,2026-07-12,18,133,3,0.0226,125,133,5993,9590
DRTW,GSM_PERS,2026-07,2026-07-12,18,209,9,0.0431,186,207,4216,6945
MEL0,GSM_PERS,2026-07,2026-07-12,18,726,58,0.0799,691,712,12514,15688
OEST,GSM_PERS,2026-07,2026-07-12,18,243,17,0.0700,219,243,3013,4415
REVO,GSM_PERS,2026-07,2026-07-12,18,2434,136,0.0559,2198,2390,34500,47555
CVIA,GSM_PERS,2026-07,2026-07-12,19,3044,230,0.0756,2821,1775,88499,117926
DRTV,GSM_PERS,2026-07,2026-07-12,19,138,1,0.0072,131,138,5993,9590
DRTW,GSM_PERS,2026-07,2026-07-12,19,177,6,0.0339,161,177,4216,6945
MEL0,GSM_PERS,2026-07,2026-07-12,19,696,52,0.0747,661,686,12514,15688
OEST,GSM_PERS,2026-07,2026-07-12,19,116,17,0.1466,104,116,3013,4415
REVO,GSM_PERS,2026-07,2026-07-12,19,2385,117,0.0491,2168,2363,34500,47555
CVIA,GSM_PERS,2026-07,2026-07-12,20,3185,218,0.0684,2950,1835,88499,117926
DRTV,GSM_PERS,2026-07,2026-07-12,20,96,6,0.0625,88,96,5993,9590
DRTW,GSM_PERS,2026-07,2026-07-12,20,159,4,0.0252,143,158,4216,6945
MEL0,GSM_PERS,2026-07,2026-07-12,20,733,72,0.0982,703,723,12514,15688
OEST,GSM_PERS,2026-07,2026-07-12,20,177,19,0.1073,152,177,3013,4415
REVO,GSM_PERS,2026-07,2026-07-12,20,2231,104,0.0466,2025,2200,34500,47555
CVIA,GSM_PERS,2026-07,2026-07-12,21,9,1,0.1111,9,7,34346,33219
MEL0,GSM_PERS,2026-07,2026-07-12,21,1,0,0.0000,1,1,7781,8871
REVO,GSM_PERS,2026-07,2026-07-12,21,4,1,0.2500,3,4,33370,46410
ADT1,GSM_MOVI,2026-07,2026-07-13,8,245,15,0.0612,143,241,322,711
AUSO,GSM_MOVI,2026-07,2026-07-13,8,418,25,0.0598,322,418,5588,9722
AYS3,GSM_MOVI,2026-07,2026-07-13,8,316,39,0.1234,310,316,6857,9719
AYS3,GSM_PERS,2026-07,2026-07-13,8,6,2,0.3333,6,6,8823,13360
AYSA,GSM_MOVI,2026-07,2026-07-13,8,95,20,0.2105,86,95,4232,5753
AYSA,GSM_PERS,2026-07,2026-07-13,8,24,4,0.1667,23,23,2716,2855
AYSE,GSM_MOVI,2026-07,2026-07-13,8,186,47,0.2527,173,186,4071,6160
AYSE,GSM_PERS,2026-07,2026-07-13,8,205,20,0.0976,163,205,8004,11927
CVIA,GSM_MOVI,2026-07,2026-07-13,8,3732,138,0.0370,2682,2443,93274,123898
CVIA,GSM_PERS,2026-07,2026-07-13,8,1315,69,0.0525,1013,662,88499,117926
DRTV,GSM_PERS,2026-07,2026-07-13,8,39,3,0.0769,35,39,5993,9590
DRTW,GSM_PERS,2026-07,2026-07-13,8,76,0,0.0000,68,76,4216,6945
MEL0,GSM_PERS,2026-07,2026-07-13,8,97,5,0.0515,92,97,12514,15688
OEST,GSM_PERS,2026-07,2026-07-13,8,110,14,0.1273,94,110,3013,4415
REVO,GSM_PERS,2026-07,2026-07-13,8,694,28,0.0403,606,692,34500,47555
ADT1,GSM_MOVI,2026-07,2026-07-13,9,219,11,0.0502,141,218,322,711
AUSO,GSM_MOVI,2026-07,2026-07-13,9,1138,71,0.0624,873,1135,5588,9722
AYS3,GSM_MOVI,2026-07,2026-07-13,9,318,41,0.1289,314,318,8508,12038
AYS3,GSM_PERS,2026-07,2026-07-13,9,164,23,0.1402,153,161,9253,13813
AYS3,MOVI,2026-07,2026-07-13,9,77,5,0.0649,44,77,1845,2293
AYSA,GSM_MOVI,2026-07,2026-07-13,9,49,10,0.2041,48,49,4232,5753
AYSA,GSM_PERS,2026-07,2026-07-13,9,47,7,0.1489,46,47,2716,2855
AYSA,MOVI,2026-07,2026-07-13,9,266,47,0.1767,182,266,5376,6829
AYSC,MOVI,2026-07,2026-07-13,9,1281,48,0.0375,586,1262,587,1263
AYSE,GSM_MOVI,2026-07,2026-07-13,9,91,33,0.3626,85,91,4071,6160
AYSE,GSM_PERS,2026-07,2026-07-13,9,363,41,0.1129,309,362,8004,11927
CVIA,GSM_MOVI,2026-07,2026-07-13,9,7248,744,0.1026,5736,4801,93274,123898
CVIA,GSM_PERS,2026-07,2026-07-13,9,2514,215,0.0855,1922,1210,88499,117926
DRTV,GSM_PERS,2026-07,2026-07-13,9,410,16,0.0390,306,407,5993,9590
DRTW,GSM_MOVI,2026-07,2026-07-13,9,935,54,0.0578,787,935,5719,7369
DRTW,GSM_PERS,2026-07,2026-07-13,9,264,8,0.0303,205,263,4216,6945
MEL0,GSM_PERS,2026-07,2026-07-13,9,167,11,0.0659,160,167,12514,15688
OEST,GSM_MOVI,2026-07,2026-07-13,9,126,9,0.0714,114,126,2787,3826
OEST,GSM_PERS,2026-07,2026-07-13,9,306,16,0.0523,248,302,3013,4415
REVO,GSM_PERS,2026-07,2026-07-13,9,958,38,0.0397,871,957,34500,47555
ADT1,GSM_MOVI,2026-07,2026-07-13,10,36,4,0.1111,26,33,322,711
AUSO,GSM_MOVI,2026-07,2026-07-13,10,1134,98,0.0864,889,1132,5588,9722
AYS3,GSM_MOVI,2026-07,2026-07-13,10,48,8,0.1667,48,48,7092,10410
AYS3,GSM_PERS,2026-07,2026-07-13,10,175,25,0.1429,165,174,9253,13813
AYSA,GSM_MOVI,2026-07,2026-07-13,10,16,3,0.1875,15,16,4232,5753
AYSA,GSM_PERS,2026-07,2026-07-13,10,141,13,0.0922,140,140,4908,5181
AYSA,MOVI,2026-07,2026-07-13,10,74,74,1.0000,72,74,3974,5182
AYSE,GSM_MOVI,2026-07,2026-07-13,10,17,10,0.5882,17,17,3404,5154
AYSE,GSM_PERS,2026-07,2026-07-13,10,356,38,0.1067,283,353,8004,11927
CVIA,GSM_MOVI,2026-07,2026-07-13,10,4716,405,0.0859,3607,2435,93274,123898
CVIA,GSM_PERS,2026-07,2026-07-13,10,2137,156,0.0730,1524,833,88499,117926
DRTV,GSM_PERS,2026-07,2026-07-13,10,458,18,0.0393,352,458,5993,9590
DRTW,GSM_MOVI,2026-07,2026-07-13,10,1343,103,0.0767,1183,1343,5719,7369
DRTW,GSM_PERS,2026-07,2026-07-13,10,265,6,0.0226,210,263,4216,6945
FIME,GSM_MOVI,2026-07,2026-07-13,10,2424,89,0.0367,2347,2423,11521,12140
MEL0,GSM_MOVI,2026-07,2026-07-13,10,228,19,0.0833,216,228,18448,23791
MEL0,GSM_PERS,2026-07,2026-07-13,10,266,12,0.0451,248,264,12514,15688
MEL0,MOVI,2026-07,2026-07-13,10,1523,79,0.0519,1495,1523,49193,67874
OEST,GSM_MOVI,2026-07,2026-07-13,10,196,15,0.0765,168,194,2787,3826
OEST,GSM_PERS,2026-07,2026-07-13,10,263,21,0.0798,217,255,3013,4415
REVO,GSM_PERS,2026-07,2026-07-13,10,1134,50,0.0441,1007,1119,34500,47555
ADT1,GSM_MOVI,2026-07,2026-07-13,11,9,0,0.0000,6,9,322,711
AUSO,GSM_MOVI,2026-07,2026-07-13,11,1048,87,0.0830,822,1047,5588,9722
AYS3,GSM_MOVI,2026-07,2026-07-13,11,33,3,0.0909,33,33,5441,8091
AYS3,GSM_PERS,2026-07,2026-07-13,11,110,16,0.1455,107,110,9253,13813
AYSA,GSM_MOVI,2026-07,2026-07-13,11,2,0,0.0000,2,2,82,95
AYSA,GSM_PERS,2026-07,2026-07-13,11,136,18,0.1324,133,136,4908,5181
AYSA,MOVI,2026-07,2026-07-13,11,77,77,1.0000,76,77,3974,5182
AYSE,GSM_MOVI,2026-07,2026-07-13,11,10,2,0.2000,8,10,2323,3491
AYSE,GSM_PERS,2026-07,2026-07-13,11,379,37,0.0976,297,372,8004,11927
AYSJ,GSM_MOVI,2026-07,2026-07-13,11,368,21,0.0571,261,332,929,1296
CVIA,GSM_MOVI,2026-07,2026-07-13,11,2978,181,0.0608,2076,966,93274,123898
CVIA,GSM_PERS,2026-07,2026-07-13,11,2087,172,0.0824,1459,795,88499,117926
DRTV,GSM_PERS,2026-07,2026-07-13,11,555,19,0.0342,413,555,5993,9590
DRTW,GSM_MOVI,2026-07,2026-07-13,11,573,53,0.0925,505,573,5719,7369
DRTW,GSM_PERS,2026-07,2026-07-13,11,177,6,0.0339,146,175,4216,6945
FIME,GSM_MOVI,2026-07,2026-07-13,11,3870,154,0.0398,3760,3868,11521,12140
MEL0,GSM_MOVI,2026-07,2026-07-13,11,932,91,0.0976,854,932,18448,23791
MEL0,GSM_PERS,2026-07,2026-07-13,11,530,38,0.0717,496,524,12514,15688
MEL0,MOVI,2026-07,2026-07-13,11,3232,200,0.0619,3113,3232,49193,67874
OEST,GSM_MOVI,2026-07,2026-07-13,11,213,15,0.0704,184,213,2787,3826
OEST,GSM_PERS,2026-07,2026-07-13,11,246,20,0.0813,198,241,3013,4415
REVO,GSM_PERS,2026-07,2026-07-13,11,1077,50,0.0464,948,1061,34500,47555
ADT1,GSM_MOVI,2026-07,2026-07-13,12,106,9,0.0849,74,105,322,711
AUSO,GSM_MOVI,2026-07,2026-07-13,12,1114,107,0.0961,920,1113,5588,9722
AYS3,GSM_MOVI,2026-07,2026-07-13,12,14,3,0.2143,14,14,8508,12038
AYS3,GSM_PERS,2026-07,2026-07-13,12,89,8,0.0899,83,88,9253,13813
AYSA,GSM_MOVI,2026-07,2026-07-13,12,20,8,0.4000,19,20,4232,5753
AYSA,GSM_PERS,2026-07,2026-07-13,12,78,12,0.1538,78,78,4908,5181
AYSA,MOVI,2026-07,2026-07-13,12,471,60,0.1274,442,471,3974,5182
AYSE,GSM_MOVI,2026-07,2026-07-13,12,48,21,0.4375,46,48,4071,6160
AYSE,GSM_PERS,2026-07,2026-07-13,12,608,72,0.1184,519,600,8004,11927
AYSJ,GSM_MOVI,2026-07,2026-07-13,12,350,13,0.0371,243,316,929,1296
CVIA,GSM_MOVI,2026-07,2026-07-13,12,3181,168,0.0528,2223,1014,93274,123898
CVIA,GSM_PERS,2026-07,2026-07-13,12,1961,186,0.0948,1507,886,88499,117926
DRTV,GSM_PERS,2026-07,2026-07-13,12,388,26,0.0670,295,384,5993,9590
DRTW,GSM_MOVI,2026-07,2026-07-13,12,643,51,0.0793,568,643,5719,7369
DRTW,GSM_PERS,2026-07,2026-07-13,12,153,7,0.0458,124,152,4216,6945
DRTW,MOVI,2026-07,2026-07-13,12,430,25,0.0581,423,430,7510,9361
FIME,GSM_MOVI,2026-07,2026-07-13,12,3985,174,0.0437,3878,3984,11521,12140
MEL0,GSM_MOVI,2026-07,2026-07-13,12,844,85,0.1007,794,844,18448,23791
MEL0,GSM_PERS,2026-07,2026-07-13,12,428,29,0.0678,390,422,12514,15688
MEL0,MOVI,2026-07,2026-07-13,12,3190,202,0.0633,3108,3190,49193,67874
OEST,GSM_MOVI,2026-07,2026-07-13,12,134,13,0.0970,110,134,2787,3826
OEST,GSM_PERS,2026-07,2026-07-13,12,218,15,0.0688,182,218,3013,4415
REVO,GSM_PERS,2026-07,2026-07-13,12,1303,64,0.0491,1164,1300,34500,47555
ADT1,GSM_MOVI,2026-07,2026-07-13,13,1,0,0.0000,1,1,322,711
AUSO,GSM_MOVI,2026-07,2026-07-13,13,1101,94,0.0854,889,1098,5588,9722
AUSO,Sin proveedor,2026-07,2026-07-13,13,1,1,1.0000,1,1,3,3
AYS3,GSM_MOVI,2026-07,2026-07-13,13,261,35,0.1341,256,260,8508,12038
AYS3,GSM_PERS,2026-07,2026-07-13,13,242,17,0.0702,236,238,9253,13813
AYSA,GSM_PERS,2026-07,2026-07-13,13,60,6,0.1000,59,60,4908,5181
AYSA,MOVI,2026-07,2026-07-13,13,797,43,0.0540,718,797,3974,5182
AYSE,GSM_PERS,2026-07,2026-07-13,13,541,71,0.1312,438,520,8004,11927
AYSJ,GSM_MOVI,2026-07,2026-07-13,13,361,19,0.0526,273,340,929,1296
CVIA,GSM_MOVI,2026-07,2026-07-13,13,5147,200,0.0389,3165,863,93274,123898
CVIA,GSM_PERS,2026-07,2026-07-13,13,1634,115,0.0704,1229,628,88499,117926
DRTV,GSM_PERS,2026-07,2026-07-13,13,318,15,0.0472,238,316,5993,9590
DRTW,GSM_MOVI,2026-07,2026-07-13,13,562,55,0.0979,493,562,5719,7369
DRTW,GSM_PERS,2026-07,2026-07-13,13,154,7,0.0455,121,153,4216,6945
DRTW,MOVI,2026-07,2026-07-13,13,811,59,0.0727,795,811,7510,9361
FIME,GSM_MOVI,2026-07,2026-07-13,13,1771,83,0.0469,1740,1770,11521,12140
MEL0,GSM_MOVI,2026-07,2026-07-13,13,859,101,0.1176,808,859,18448,23791
MEL0,GSM_PERS,2026-07,2026-07-13,13,455,29,0.0637,428,454,12514,15688
MEL0,MOVI,2026-07,2026-07-13,13,2980,162,0.0544,2896,2980,49193,67874
OEST,GSM_MOVI,2026-07,2026-07-13,13,589,48,0.0815,501,589,2787,3826
OEST,GSM_PERS,2026-07,2026-07-13,13,211,12,0.0569,174,210,3013,4415
REVO,GSM_PERS,2026-07,2026-07-13,13,1516,73,0.0482,1414,1504,34500,47555
AUSO,GSM_MOVI,2026-07,2026-07-13,14,1168,109,0.0933,958,1167,5588,9722
AYS3,GSM_MOVI,2026-07,2026-07-13,14,65,3,0.0462,65,65,3067,3947
AYS3,GSM_PERS,2026-07,2026-07-13,14,254,26,0.1024,247,254,9253,13813
AYSA,GSM_PERS,2026-07,2026-07-13,14,46,7,0.1522,45,46,4908,5181
AYSA,MOVI,2026-07,2026-07-13,14,481,37,0.0769,451,481,3974,5182
AYSE,GSM_PERS,2026-07,2026-07-13,14,686,100,0.1458,567,665,8004,11927
AYSJ,GSM_MOVI,2026-07,2026-07-13,14,283,13,0.0459,217,261,929,1296
CVIA,GSM_MOVI,2026-07,2026-07-13,14,7814,257,0.0329,4656,1171,69487,84634
CVIA,GSM_PERS,2026-07,2026-07-13,14,1690,158,0.0935,1255,696,88499,117926
DRTV,GSM_PERS,2026-07,2026-07-13,14,348,18,0.0517,281,348,5993,9590
DRTW,GSM_MOVI,2026-07,2026-07-13,14,631,46,0.0729,573,631,5719,7369
DRTW,GSM_PERS,2026-07,2026-07-13,14,204,4,0.0196,149,201,4216,6945
DRTW,MOVI,2026-07,2026-07-13,14,830,41,0.0494,810,830,7510,9361
MEL0,GSM_MOVI,2026-07,2026-07-13,14,688,77,0.1119,638,688,18448,23791
MEL0,GSM_PERS,2026-07,2026-07-13,14,456,28,0.0614,423,455,12514,15688
MEL0,MOVI,2026-07,2026-07-13,14,2916,180,0.0617,2847,2916,49193,67874
OEST,GSM_MOVI,2026-07,2026-07-13,14,385,37,0.0961,328,385,2787,3826
OEST,GSM_PERS,2026-07,2026-07-13,14,127,19,0.1496,101,127,3013,4415
REVO,GSM_PERS,2026-07,2026-07-13,14,1168,53,0.0454,1035,1160,34500,47555
AUSO,GSM_MOVI,2026-07,2026-07-13,15,764,73,0.0955,651,764,5588,9722
AYS3,GSM_MOVI,2026-07,2026-07-13,15,130,18,0.1385,127,130,3067,3947
AYS3,GSM_PERS,2026-07,2026-07-13,15,268,29,0.1082,248,268,9253,13813
AYSA,GSM_PERS,2026-07,2026-07-13,15,132,15,0.1136,130,131,4908,5181
AYSE,GSM_PERS,2026-07,2026-07-13,15,568,87,0.1532,470,546,8004,11927
AYSJ,GSM_MOVI,2026-07,2026-07-13,15,366,12,0.0328,282,351,929,1296
CVIA,GSM_MOVI,2026-07,2026-07-13,15,7640,261,0.0342,4748,1089,81569,104749
CVIA,GSM_PERS,2026-07,2026-07-13,15,1876,160,0.0853,1448,871,88499,117926
DRTV,GSM_PERS,2026-07,2026-07-13,15,444,25,0.0563,318,443,5993,9590
DRTW,GSM_MOVI,2026-07,2026-07-13,15,883,67,0.0759,759,883,5719,7369
DRTW,GSM_PERS,2026-07,2026-07-13,15,158,5,0.0316,125,158,4216,6945
DRTW,MOVI,2026-07,2026-07-13,15,1006,52,0.0517,972,1006,7510,9361
MEL0,GSM_MOVI,2026-07,2026-07-13,15,661,76,0.1150,630,661,18448,23791
MEL0,GSM_PERS,2026-07,2026-07-13,15,351,19,0.0541,327,350,12514,15688
MEL0,MOVI,2026-07,2026-07-13,15,2691,171,0.0635,2631,2691,49193,67874
OEST,GSM_MOVI,2026-07,2026-07-13,15,622,55,0.0884,514,622,2787,3826
OEST,GSM_PERS,2026-07,2026-07-13,15,241,26,0.1079,196,241,3013,4415
REVO,GSM_PERS,2026-07,2026-07-13,15,996,47,0.0472,872,989,34066,47118
AYS3,GSM_MOVI,2026-07,2026-07-13,16,87,14,0.1609,80,87,3067,3947
AYS3,GSM_PERS,2026-07,2026-07-13,16,202,16,0.0792,196,202,9253,13813
AYSA,GSM_MOVI,2026-07,2026-07-13,16,153,11,0.0719,133,152,4150,5658
AYSA,GSM_PERS,2026-07,2026-07-13,16,74,5,0.0676,73,73,4908,5181
AYSE,GSM_MOVI,2026-07,2026-07-13,16,272,19,0.0699,203,272,6247,9593
AYSE,GSM_PERS,2026-07,2026-07-13,16,446,84,0.1883,393,429,8004,11927
AYSJ,GSM_MOVI,2026-07,2026-07-13,16,294,14,0.0476,229,277,929,1296
CVIA,GSM_MOVI,2026-07,2026-07-13,16,8806,297,0.0337,5696,1314,69487,84634
CVIA,GSM_PERS,2026-07,2026-07-13,16,1665,145,0.0871,1265,736,88499,117926
CVIA,MOVI,2026-07,2026-07-13,16,400,48,0.1200,381,400,6902,8284
DRTV,GSM_PERS,2026-07,2026-07-13,16,465,20,0.0430,350,462,5993,9590
DRTW,GSM_MOVI,2026-07,2026-07-13,16,476,24,0.0504,428,476,4936,6258
DRTW,GSM_PERS,2026-07,2026-07-13,16,202,6,0.0297,158,197,2547,4811
DRTW,MOVI,2026-07,2026-07-13,16,1917,100,0.0522,1840,1917,7510,9361
MEL0,GSM_MOVI,2026-07,2026-07-13,16,416,53,0.1274,391,416,18448,23791
MEL0,GSM_PERS,2026-07,2026-07-13,16,425,29,0.0682,399,422,12514,15688
OEST,GSM_MOVI,2026-07,2026-07-13,16,707,43,0.0608,606,705,2787,3826
OEST,GSM_PERS,2026-07,2026-07-13,16,323,31,0.0960,262,320,3013,4415
REVO,GSM_PERS,2026-07,2026-07-13,16,1044,51,0.0489,954,1037,34500,47555
AYS3,GSM_MOVI,2026-07,2026-07-13,17,173,20,0.1156,171,173,3067,3947
AYS3,GSM_PERS,2026-07,2026-07-13,17,150,16,0.1067,144,149,9253,13813
AYSA,GSM_MOVI,2026-07,2026-07-13,17,3066,210,0.0685,2081,2658,4150,5658
AYSA,GSM_PERS,2026-07,2026-07-13,17,104,17,0.1635,101,104,4908,5181
AYSE,GSM_MOVI,2026-07,2026-07-13,17,2721,229,0.0842,1939,2709,6247,9593
AYSE,GSM_PERS,2026-07,2026-07-13,17,639,82,0.1283,539,633,8004,11927
AYSJ,GSM_MOVI,2026-07,2026-07-13,17,302,13,0.0430,245,287,929,1296
CVIA,GSM_MOVI,2026-07,2026-07-13,17,3418,106,0.0310,2421,484,69487,84634
CVIA,GSM_PERS,2026-07,2026-07-13,17,1811,170,0.0939,1400,830,88499,117926
CVIA,MOVI,2026-07,2026-07-13,17,686,77,0.1122,636,686,6902,8284
DRTV,GSM_PERS,2026-07,2026-07-13,17,325,10,0.0308,257,324,5993,9590
DRTV,MOVI,2026-07,2026-07-13,17,277,14,0.0505,275,277,7484,8902
DRTW,GSM_MOVI,2026-07,2026-07-13,17,180,12,0.0667,177,180,4936,6258
DRTW,GSM_PERS,2026-07,2026-07-13,17,142,11,0.0775,109,140,2547,4811
DRTW,MOVI,2026-07,2026-07-13,17,2032,99,0.0487,1920,2031,7510,9361
MEL0,GSM_MOVI,2026-07,2026-07-13,17,452,51,0.1128,432,452,18448,23791
MEL0,GSM_PERS,2026-07,2026-07-13,17,491,32,0.0652,453,484,12514,15688
OEST,GSM_MOVI,2026-07,2026-07-13,17,284,27,0.0951,254,284,2787,3826
OEST,GSM_PERS,2026-07,2026-07-13,17,302,24,0.0795,247,295,3013,4415
REVO,GSM_PERS,2026-07,2026-07-13,17,1139,59,0.0518,1023,1135,34500,47555
AYS3,GSM_MOVI,2026-07,2026-07-13,18,26,6,0.2308,26,26,3067,3947
AYS3,GSM_PERS,2026-07,2026-07-13,18,76,4,0.0526,65,68,8823,13360
AYSA,GSM_MOVI,2026-07,2026-07-13,18,4600,311,0.0676,2851,3659,4150,5658
AYSA,GSM_PERS,2026-07,2026-07-13,18,99,11,0.1111,99,98,4908,5181
AYSE,GSM_MOVI,2026-07,2026-07-13,18,4325,372,0.0860,3107,4278,6247,9593
AYSE,GSM_PERS,2026-07,2026-07-13,18,391,35,0.0895,322,391,8004,11927
AYSJ,GSM_MOVI,2026-07,2026-07-13,18,223,5,0.0224,193,222,929,1296
CVIA,GSM_PERS,2026-07,2026-07-13,18,1845,149,0.0808,1431,776,88499,117926
CVIA,MOVI,2026-07,2026-07-13,18,100,22,0.2200,99,99,6902,8284
DRTV,GSM_PERS,2026-07,2026-07-13,18,486,26,0.0535,363,474,5993,9590
DRTV,MOVI,2026-07,2026-07-13,18,2030,118,0.0581,1944,2030,7484,8902
DRTW,GSM_MOVI,2026-07,2026-07-13,18,397,41,0.1033,369,397,4936,6258
DRTW,GSM_PERS,2026-07,2026-07-13,18,186,8,0.0430,148,185,2547,4811
DRTW,MOVI,2026-07,2026-07-13,18,347,12,0.0346,343,347,7510,9361
MEL0,GSM_MOVI,2026-07,2026-07-13,18,692,90,0.1301,662,692,18448,23791
MEL0,GSM_PERS,2026-07,2026-07-13,18,413,28,0.0678,390,411,12514,15688
OEST,GSM_PERS,2026-07,2026-07-13,18,295,30,0.1017,246,289,3013,4415
REVO,GSM_PERS,2026-07,2026-07-13,18,1496,76,0.0508,1333,1487,34500,47555
AUSO,Sin proveedor,2026-07,2026-07-13,19,1,1,1.0000,1,1,1,1
AYS3,GSM_PERS,2026-07,2026-07-13,19,67,7,0.1045,64,67,8823,13360
AYSA,GSM_MOVI,2026-07,2026-07-13,19,3173,206,0.0649,2178,2779,4150,5658
AYSA,GSM_PERS,2026-07,2026-07-13,19,92,8,0.0870,90,92,4908,5181
AYSE,GSM_MOVI,2026-07,2026-07-13,19,1814,168,0.0926,1395,1811,6247,9593
AYSE,GSM_PERS,2026-07,2026-07-13,19,464,47,0.1013,397,464,8004,11927
AYSJ,GSM_MOVI,2026-07,2026-07-13,19,57,0,0.0000,52,57,899,1258
CVIA,GSM_PERS,2026-07,2026-07-13,19,2100,169,0.0805,1731,966,88499,117926
CVIA,MOVI,2026-07,2026-07-13,19,114,15,0.1316,113,114,6902,8284
DRTV,GSM_PERS,2026-07,2026-07-13,19,581,19,0.0327,491,577,5993,9590
DRTV,MOVI,2026-07,2026-07-13,19,2021,146,0.0722,1936,2021,7484,8902
DRTW,GSM_MOVI,2026-07,2026-07-13,19,334,40,0.1198,298,334,4936,6258
DRTW,GSM_PERS,2026-07,2026-07-13,19,186,8,0.0430,162,184,4216,6945
DRTW,MOVI,2026-07,2026-07-13,19,350,20,0.0571,350,350,7510,9361
MEL0,GSM_MOVI,2026-07,2026-07-13,19,110,8,0.0727,104,110,18448,23791
MEL0,GSM_PERS,2026-07,2026-07-13,19,704,54,0.0767,667,689,12514,15688
OEST,GSM_PERS,2026-07,2026-07-13,19,189,10,0.0529,163,188,3013,4415
OEST,Sin proveedor,2026-07,2026-07-13,19,2,2,1.0000,1,1,7,7
REVO,GSM_PERS,2026-07,2026-07-13,19,1417,50,0.0353,1308,1408,34500,47555
AYS3,GSM_PERS,2026-07,2026-07-13,20,94,8,0.0851,91,94,8823,13360
AYSA,GSM_PERS,2026-07,2026-07-13,20,128,14,0.1094,128,128,4908,5181
AYSE,GSM_PERS,2026-07,2026-07-13,20,297,23,0.0774,265,296,8004,11927
CVIA,GSM_PERS,2026-07,2026-07-13,20,2294,189,0.0824,2013,1015,88499,117926
CVIA,MOVI,2026-07,2026-07-13,20,125,18,0.1440,125,125,6902,8284
DRTV,GSM_PERS,2026-07,2026-07-13,20,518,26,0.0502,453,513,5993,9590
DRTV,MOVI,2026-07,2026-07-13,20,1961,154,0.0785,1897,1961,7484,8902
DRTV,Sin proveedor,2026-07,2026-07-13,20,1,0,0.0000,1,1,2,2
DRTW,GSM_PERS,2026-07,2026-07-13,20,193,6,0.0311,172,192,4216,6945
DRTW,MOVI,2026-07,2026-07-13,20,343,21,0.0612,339,343,7510,9361
MEL0,GSM_PERS,2026-07,2026-07-13,20,820,61,0.0744,776,806,12514,15688
OEST,GSM_PERS,2026-07,2026-07-13,20,289,24,0.0830,252,289,3013,4415
REVO,GSM_PERS,2026-07,2026-07-13,20,1747,104,0.0595,1613,1727,26038,37982
CVIA,GSM_PERS,2026-07,2026-07-13,21,3,0,0.0000,3,2,19113,9643
CVIA,MOVI,2026-07,2026-07-13,21,1,0,0.0000,1,1,6902,8284
DRTV,MOVI,2026-07,2026-07-13,21,8,1,0.1250,8,8,5899,7096
DRTW,MOVI,2026-07,2026-07-13,21,3,0,0.0000,3,3,4745,5930
MEL0,GSM_PERS,2026-07,2026-07-13,21,1,0,0.0000,1,1,7781,8871
OEST,GSM_PERS,2026-07,2026-07-13,21,1,0,0.0000,1,1,2353,3431
REVO,GSM_PERS,2026-07,2026-07-13,21,4,0,0.0000,4,4,26038,37982
ADT1,GSM_MOVI,2026-07,2026-07-14,8,62,1,0.0161,41,62,322,711
AUSO,GSM_MOVI,2026-07,2026-07-14,8,656,95,0.1448,612,656,11317,14155
AUSO,GSM_PERS,2026-07,2026-07-14,8,243,19,0.0782,224,243,3679,4594
AYS3,GSM_MOVI,2026-07,2026-07-14,8,92,11,0.1196,91,92,7092,10410
AYS3,GSM_PERS,2026-07,2026-07-14,8,53,4,0.0755,51,52,9253,13813
AYSA,GSM_MOVI,2026-07,2026-07-14,8,14,7,0.5000,13,14,4232,5753
AYSA,GSM_PERS,2026-07,2026-07-14,8,14,2,0.1429,14,14,4908,5181
AYSE,GSM_MOVI,2026-07,2026-07-14,8,90,33,0.3667,84,90,4071,6160
AYSE,GSM_PERS,2026-07,2026-07-14,8,346,27,0.0780,283,345,8004,11927
CVIA,GSM_MOVI,2026-07,2026-07-14,8,2555,139,0.0544,2307,1310,93274,123898
CVIA,GSM_PERS,2026-07,2026-07-14,8,1171,98,0.0837,954,620,88499,117926
DRTV,GSM_PERS,2026-07,2026-07-14,8,112,6,0.0536,96,112,5993,9590
DRTW,GSM_PERS,2026-07,2026-07-14,8,50,2,0.0400,43,50,2547,4811
MEL0,GSM_PERS,2026-07,2026-07-14,8,108,4,0.0370,101,106,12514,15688
OEST,GSM_MOVI,2026-07,2026-07-14,8,1332,165,0.1239,1209,1331,8886,11054
OEST,GSM_PERS,2026-07,2026-07-14,8,99,8,0.0808,91,98,3013,4415
REVO,GSM_PERS,2026-07,2026-07-14,8,293,11,0.0375,267,293,26038,37982
ADT1,GSM_MOVI,2026-07,2026-07-14,9,56,2,0.0357,42,55,322,711
AUSO,GSM_MOVI,2026-07,2026-07-14,9,3011,490,0.1627,2749,3007,17419,21460
AUSO,GSM_PERS,2026-07,2026-07-14,9,597,42,0.0704,525,572,3752,4682
AYS3,GSM_MOVI,2026-07,2026-07-14,9,83,14,0.1687,82,83,6857,9719
AYS3,GSM_PERS,2026-07,2026-07-14,9,85,4,0.0471,83,85,9253,13813
AYS3,MOVI,2026-07,2026-07-14,9,91,17,0.1868,58,91,4199,5390
AYSA,GSM_MOVI,2026-07,2026-07-14,9,113,27,0.2389,100,113,4232,5753
AYSA,GSM_PERS,2026-07,2026-07-14,9,69,8,0.1159,68,69,4908,5181
AYSA,MOVI,2026-07,2026-07-14,9,221,11,0.0498,142,221,1402,1647
AYSC,MOVI,2026-07,2026-07-14,9,1280,44,0.0344,586,1261,587,1263
AYSE,GSM_MOVI,2026-07,2026-07-14,9,24,4,0.1667,24,24,4071,6160
AYSE,GSM_PERS,2026-07,2026-07-14,9,511,43,0.0841,420,501,8004,11927
CVIA,GSM_MOVI,2026-07,2026-07-14,9,2985,306,0.1025,2824,2413,93274,123898
CVIA,GSM_PERS,2026-07,2026-07-14,9,2763,247,0.0894,2326,1638,88499,117926
DRTV,GSM_MOVI,2026-07,2026-07-14,9,311,22,0.0707,295,311,3798,4408
DRTV,GSM_PERS,2026-07,2026-07-14,9,452,12,0.0265,355,452,5993,9590
DRTW,GSM_MOVI,2026-07,2026-07-14,9,72,1,0.0139,60,72,783,1111
DRTW,GSM_PERS,2026-07,2026-07-14,9,141,6,0.0426,118,141,4216,6945
MEL0,GSM_PERS,2026-07,2026-07-14,9,222,11,0.0495,211,222,12514,15688
OEST,GSM_MOVI,2026-07,2026-07-14,9,3120,433,0.1388,2817,3113,14143,17255
OEST,GSM_PERS,2026-07,2026-07-14,9,184,17,0.0924,167,182,3013,4415
REVO,GSM_PERS,2026-07,2026-07-14,9,483,16,0.0331,455,483,26038,37982
ADT1,GSM_MOVI,2026-07,2026-07-14,10,34,2,0.0588,25,34,322,711
AUSO,GSM_MOVI,2026-07,2026-07-14,10,2864,514,0.1795,2609,2864,17419,21460
AUSO,GSM_PERS,2026-07,2026-07-14,10,517,44,0.0851,466,500,3752,4682
AYS3,GSM_MOVI,2026-07,2026-07-14,10,53,10,0.1887,53,53,5441,8091
AYS3,GSM_PERS,2026-07,2026-07-14,10,87,5,0.0575,83,86,9253,13813
AYS3,MOVI,2026-07,2026-07-14,10,28,28,1.0000,28,28,4160,5321
AYSA,GSM_MOVI,2026-07,2026-07-14,10,57,20,0.3509,49,57,4232,5753
AYSA,GSM_PERS,2026-07,2026-07-14,10,105,12,0.1143,105,105,4908,5181
AYSE,GSM_MOVI,2026-07,2026-07-14,10,12,1,0.0833,11,12,4071,6160
AYSE,GSM_PERS,2026-07,2026-07-14,10,506,36,0.0711,426,501,8004,11927
CVIA,GSM_MOVI,2026-07,2026-07-14,10,2033,222,0.1092,1958,1615,93274,123898
CVIA,GSM_PERS,2026-07,2026-07-14,10,2499,246,0.0984,2113,1453,88499,117926
CVIA,MOVI,2026-07,2026-07-14,10,125,11,0.0880,125,125,6902,8284
DRTV,GSM_MOVI,2026-07,2026-07-14,10,294,15,0.0510,279,294,3798,4408
DRTV,GSM_PERS,2026-07,2026-07-14,10,643,27,0.0420,498,635,5993,9590
DRTW,GSM_MOVI,2026-07,2026-07-14,10,105,2,0.0190,91,105,783,1111
DRTW,GSM_PERS,2026-07,2026-07-14,10,103,3,0.0291,82,103,4216,6945
DRTW,MOVI,2026-07,2026-07-14,10,664,36,0.0542,643,664,7510,9361
FIME,GSM_MOVI,2026-07,2026-07-14,10,1273,51,0.0401,1237,1273,11521,12140
MEL0,GSM_MOVI,2026-07,2026-07-14,10,152,14,0.0921,145,152,18448,23791
MEL0,GSM_PERS,2026-07,2026-07-14,10,196,11,0.0561,184,196,12514,15688
MEL0,MOVI,2026-07,2026-07-14,10,1474,107,0.0726,1435,1474,49193,67874
OEST,GSM_MOVI,2026-07,2026-07-14,10,1814,279,0.1538,1682,1813,14143,17255
OEST,GSM_PERS,2026-07,2026-07-14,10,138,11,0.0797,125,137,3013,4415
REVO,GSM_PERS,2026-07,2026-07-14,10,360,25,0.0694,328,360,26038,37982
ADT1,GSM_MOVI,2026-07,2026-07-14,11,32,2,0.0625,24,32,322,711
AUSO,GSM_MOVI,2026-07,2026-07-14,11,2637,496,0.1881,2446,2635,17328,21342
AUSO,GSM_PERS,2026-07,2026-07-14,11,526,46,0.0875,467,504,3752,4682
AYS3,GSM_MOVI,2026-07,2026-07-14,11,69,8,0.1159,68,69,5441,8091
AYS3,GSM_PERS,2026-07,2026-07-14,11,82,6,0.0732,76,81,9253,13813
AYS3,MOVI,2026-07,2026-07-14,11,23,23,1.0000,23,23,4160,5321
AYSA,GSM_PERS,2026-07,2026-07-14,11,80,12,0.1500,79,80,4908,5181
AYSE,GSM_MOVI,2026-07,2026-07-14,11,251,84,0.3347,231,251,4071,6160
AYSE,GSM_PERS,2026-07,2026-07-14,11,640,89,0.1391,543,631,8004,11927
AYSJ,GSM_MOVI,2026-07,2026-07-14,11,171,11,0.0643,131,157,929,1296
CVIA,GSM_MOVI,2026-07,2026-07-14,11,1238,164,0.1325,1192,1008,93274,123898
CVIA,GSM_PERS,2026-07,2026-07-14,11,2395,217,0.0906,1943,1253,88499,117926
CVIA,MOVI,2026-07,2026-07-14,11,83,17,0.2048,83,83,6902,8284
DRTV,GSM_MOVI,2026-07,2026-07-14,11,186,19,0.1022,172,186,3798,4408
DRTV,GSM_PERS,2026-07,2026-07-14,11,509,20,0.0393,403,501,5993,9590
DRTW,GSM_MOVI,2026-07,2026-07-14,11,62,5,0.0806,54,62,783,1111
DRTW,GSM_PERS,2026-07,2026-07-14,11,145,5,0.0345,117,145,4216,6945
DRTW,MOVI,2026-07,2026-07-14,11,1651,88,0.0533,1582,1651,7510,9361
DRTW,Sin proveedor,2026-07,2026-07-14,11,1,1,1.0000,1,1,1,1
FIME,GSM_MOVI,2026-07,2026-07-14,11,2144,77,0.0359,2095,2144,11521,12140
MEL0,GSM_MOVI,2026-07,2026-07-14,11,499,38,0.0762,477,499,18448,23791
MEL0,GSM_PERS,2026-07,2026-07-14,11,208,13,0.0625,201,208,12514,15688
MEL0,MOVI,2026-07,2026-07-14,11,3231,222,0.0687,3105,3230,49193,67874
OEST,GSM_MOVI,2026-07,2026-07-14,11,1154,187,0.1620,1081,1153,14143,17255
OEST,GSM_PERS,2026-07,2026-07-14,11,85,4,0.0471,75,85,3013,4415
REVO,GSM_PERS,2026-07,2026-07-14,11,485,25,0.0515,451,485,26038,37982
ADT1,GSM_MOVI,2026-07,2026-07-14,12,346,15,0.0434,194,342,322,711
AUSO,GSM_MOVI,2026-07,2026-07-14,12,2936,556,0.1894,2740,2933,17419,21460
AUSO,GSM_PERS,2026-07,2026-07-14,12,506,44,0.0870,459,496,3752,4682
AYS3,GSM_MOVI,2026-07,2026-07-14,12,47,6,0.1277,47,47,8508,12038
AYS3,GSM_PERS,2026-07,2026-07-14,12,84,11,0.1310,83,83,9253,13813
AYS3,MOVI,2026-07,2026-07-14,12,2,2,1.0000,2,2,2354,3097
AYSA,GSM_PERS,2026-07,2026-07-14,12,99,16,0.1616,99,99,4908,5181
AYSE,GSM_PERS,2026-07,2026-07-14,12,766,97,0.1266,666,754,8004,11927
AYSJ,GSM_MOVI,2026-07,2026-07-14,12,192,11,0.0573,151,182,929,1296
CVIA,GSM_MOVI,2026-07,2026-07-14,12,1075,160,0.1488,1039,875,93274,123898
CVIA,GSM_PERS,2026-07,2026-07-14,12,1877,196,0.1044,1598,1192,88499,117926
CVIA,MOVI,2026-07,2026-07-14,12,123,19,0.1545,123,123,6902,8284
DRTV,GSM_MOVI,2026-07,2026-07-14,12,197,26,0.1320,179,196,3798,4408
DRTV,GSM_PERS,2026-07,2026-07-14,12,517,12,0.0232,397,516,5993,9590
DRTW,GSM_MOVI,2026-07,2026-07-14,12,55,1,0.0182,49,55,783,1111
DRTW,GSM_PERS,2026-07,2026-07-14,12,161,4,0.0248,130,160,4216,6945
DRTW,MOVI,2026-07,2026-07-14,12,1616,81,0.0501,1532,1616,7510,9361
FIME,GSM_MOVI,2026-07,2026-07-14,12,2332,102,0.0437,2278,2330,11521,12140
MEL0,GSM_MOVI,2026-07,2026-07-14,12,461,43,0.0933,446,461,18448,23791
MEL0,GSM_PERS,2026-07,2026-07-14,12,587,37,0.0630,552,587,12514,15688
MEL0,MOVI,2026-07,2026-07-14,12,3017,178,0.0590,2925,3017,49193,67874
OEST,GSM_MOVI,2026-07,2026-07-14,12,1272,226,0.1777,1186,1271,14112,17218
OEST,GSM_PERS,2026-07,2026-07-14,12,128,10,0.0781,116,128,3013,4415
REVO,GSM_PERS,2026-07,2026-07-14,12,383,15,0.0392,355,383,26038,37982
AUSO,GSM_MOVI,2026-07,2026-07-14,13,2784,557,0.2001,2599,2783,17347,21371
AUSO,GSM_PERS,2026-07,2026-07-14,13,498,38,0.0763,446,475,3752,4682
AYS3,GSM_MOVI,2026-07,2026-07-14,13,67,11,0.1642,67,67,8508,12038
AYS3,GSM_PERS,2026-07,2026-07-14,13,440,23,0.0523,427,437,9253,13813
AYS3,MOVI,2026-07,2026-07-14,13,5,5,1.0000,5,5,2354,3097
AYSA,GSM_PERS,2026-07,2026-07-14,13,103,16,0.1553,100,103,4908,5181
AYSE,GSM_PERS,2026-07,2026-07-14,13,459,46,0.1002,392,459,8004,11927
AYSJ,GSM_MOVI,2026-07,2026-07-14,13,138,5,0.0362,119,138,929,1296
CVIA,GSM_MOVI,2026-07,2026-07-14,13,1130,137,0.1212,1077,837,93274,123898
CVIA,GSM_PERS,2026-07,2026-07-14,13,1125,186,0.1653,1037,1097,88499,117926
CVIA,MOVI,2026-07,2026-07-14,13,94,18,0.1915,94,94,6902,8284
DRTV,GSM_MOVI,2026-07,2026-07-14,13,268,16,0.0597,253,268,3798,4408
DRTV,GSM_PERS,2026-07,2026-07-14,13,423,19,0.0449,344,416,5993,9590
DRTW,GSM_MOVI,2026-07,2026-07-14,13,37,0,0.0000,34,37,783,1111
DRTW,GSM_PERS,2026-07,2026-07-14,13,125,8,0.0640,107,124,4216,6945
DRTW,MOVI,2026-07,2026-07-14,13,1559,85,0.0545,1503,1559,7510,9361
FIME,GSM_MOVI,2026-07,2026-07-14,13,2560,126,0.0492,2511,2559,11521,12140
MEL0,GSM_MOVI,2026-07,2026-07-14,13,545,67,0.1229,523,545,18448,23791
MEL0,GSM_PERS,2026-07,2026-07-14,13,1454,100,0.0688,1332,1454,12514,15688
MEL0,MOVI,2026-07,2026-07-14,13,2776,171,0.0616,2694,2774,49193,67874
OEST,GSM_MOVI,2026-07,2026-07-14,13,1375,245,0.1782,1299,1375,14143,17255
OEST,GSM_PERS,2026-07,2026-07-14,13,145,13,0.0897,125,145,3013,4415
REVO,GSM_PERS,2026-07,2026-07-14,13,384,18,0.0469,364,384,26038,37982
AUSO,GSM_MOVI,2026-07,2026-07-14,14,1088,207,0.1903,1037,1088,17419,21460
AUSO,GSM_PERS,2026-07,2026-07-14,14,497,59,0.1187,458,478,3752,4682
AUSO,Sin proveedor,2026-07,2026-07-14,14,1,1,1.0000,1,1,3,3
AYS3,GSM_MOVI,2026-07,2026-07-14,14,71,10,0.1408,70,70,8508,12038
AYS3,GSM_PERS,2026-07,2026-07-14,14,487,52,0.1068,471,486,9253,13813
AYSA,GSM_PERS,2026-07,2026-07-14,14,69,3,0.0435,68,65,4908,5181
AYSE,GSM_PERS,2026-07,2026-07-14,14,732,65,0.0888,611,718,8004,11927
AYSJ,GSM_MOVI,2026-07,2026-07-14,14,188,10,0.0532,147,181,929,1296
CVIA,GSM_MOVI,2026-07,2026-07-14,14,1464,214,0.1462,1421,1201,93274,123898
CVIA,GSM_PERS,2026-07,2026-07-14,14,1316,189,0.1436,1235,1285,88499,117926
CVIA,MOVI,2026-07,2026-07-14,14,72,15,0.2083,72,72,6902,8284
DRTV,GSM_MOVI,2026-07,2026-07-14,14,232,18,0.0776,221,232,3798,4408
DRTV,GSM_PERS,2026-07,2026-07-14,14,558,19,0.0341,413,548,5993,9590
DRTW,GSM_MOVI,2026-07,2026-07-14,14,80,2,0.0250,64,80,783,1111
DRTW,GSM_PERS,2026-07,2026-07-14,14,147,1,0.0068,119,146,4216,6945
DRTW,MOVI,2026-07,2026-07-14,14,1629,77,0.0473,1560,1629,7510,9361
FIME,GSM_MOVI,2026-07,2026-07-14,14,3717,191,0.0514,3635,3714,11521,12140
MEL0,GSM_MOVI,2026-07,2026-07-14,14,575,62,0.1078,552,575,18448,23791
MEL0,GSM_PERS,2026-07,2026-07-14,14,527,44,0.0835,499,525,12514,15688
MEL0,MOVI,2026-07,2026-07-14,14,2815,175,0.0622,2711,2814,49193,67874
OEST,GSM_MOVI,2026-07,2026-07-14,14,1740,304,0.1747,1648,1736,14143,17255
OEST,GSM_PERS,2026-07,2026-07-14,14,159,14,0.0881,140,158,3013,4415
REVO,GSM_PERS,2026-07,2026-07-14,14,609,29,0.0476,572,609,26038,37982
AUSO,GSM_MOVI,2026-07,2026-07-14,15,581,88,0.1515,538,580,6102,7305
AUSO,GSM_PERS,2026-07,2026-07-14,15,501,51,0.1018,460,489,3730,4655
AYS3,GSM_MOVI,2026-07,2026-07-14,15,392,64,0.1633,382,392,8508,12038
AYS3,GSM_PERS,2026-07,2026-07-14,15,75,5,0.0667,65,75,8823,13360
AYS3,MOVI,2026-07,2026-07-14,15,237,4,0.0169,223,236,4160,5321
AYSA,GSM_PERS,2026-07,2026-07-14,15,87,6,0.0690,86,87,4908,5181
AYSA,MOVI,2026-07,2026-07-14,15,185,25,0.1351,176,185,3974,5182
AYSE,GSM_PERS,2026-07,2026-07-14,15,1028,94,0.0914,808,1006,8004,11927
AYSJ,GSM_MOVI,2026-07,2026-07-14,15,1366,57,0.0417,804,1059,929,1296
CVIA,GSM_MOVI,2026-07,2026-07-14,15,3065,202,0.0659,2810,1309,93274,123898
CVIA,GSM_PERS,2026-07,2026-07-14,15,1535,267,0.1739,1398,1479,88499,117926
CVIA,MOVI,2026-07,2026-07-14,15,100,15,0.1500,99,100,6902,8284
DRTV,GSM_MOVI,2026-07,2026-07-14,15,1204,88,0.0731,1095,1204,3798,4408
DRTV,GSM_PERS,2026-07,2026-07-14,15,529,18,0.0340,433,518,5993,9590
DRTW,GSM_MOVI,2026-07,2026-07-14,15,390,20,0.0513,319,390,783,1111
DRTW,GSM_PERS,2026-07,2026-07-14,15,135,5,0.0370,109,134,4216,6945
DRTW,MOVI,2026-07,2026-07-14,15,1331,57,0.0428,1282,1331,7510,9361
FIME,GSM_MOVI,2026-07,2026-07-14,15,24,0,0.0000,24,24,11521,12140
MEL0,GSM_MOVI,2026-07,2026-07-14,15,2527,252,0.0997,2238,2526,18448,23791
MEL0,GSM_PERS,2026-07,2026-07-14,15,106,7,0.0660,101,106,12514,15688
MEL0,MOVI,2026-07,2026-07-14,15,2878,158,0.0549,2798,2874,49193,67874
OEST,GSM_MOVI,2026-07,2026-07-14,15,610,100,0.1639,566,610,14143,17255
OEST,GSM_PERS,2026-07,2026-07-14,15,472,35,0.0742,396,461,3013,4415
REVO,GSM_PERS,2026-07,2026-07-14,15,614,24,0.0391,577,614,26038,37982
AUSO,GSM_MOVI,2026-07,2026-07-14,16,1835,299,0.1629,1699,1834,6102,7305
AUSO,GSM_PERS,2026-07,2026-07-14,16,512,35,0.0684,467,487,3721,4646
AYS3,GSM_MOVI,2026-07,2026-07-14,16,1052,91,0.0865,936,1039,8508,12038
AYS3,GSM_PERS,2026-07,2026-07-14,16,78,8,0.1026,73,77,8266,12797
AYS3,MOVI,2026-07,2026-07-14,16,424,4,0.0094,381,423,4160,5321
AYSA,GSM_PERS,2026-07,2026-07-14,16,88,10,0.1136,85,88,4908,5181
AYSA,MOVI,2026-07,2026-07-14,16,500,54,0.1080,445,498,3974,5182
AYSE,GSM_PERS,2026-07,2026-07-14,16,894,124,0.1387,780,871,8004,11927
AYSJ,GSM_MOVI,2026-07,2026-07-14,16,549,22,0.0401,446,539,929,1296
CVIA,GSM_MOVI,2026-07,2026-07-14,16,2397,158,0.0659,2239,948,69487,84634
CVIA,GSM_PERS,2026-07,2026-07-14,16,1407,251,0.1784,1305,1374,88499,117926
CVIA,MOVI,2026-07,2026-07-14,16,118,15,0.1271,117,118,6902,8284
DRTV,GSM_MOVI,2026-07,2026-07-14,16,1519,139,0.0915,1410,1519,3798,4408
DRTV,GSM_PERS,2026-07,2026-07-14,16,607,18,0.0297,492,605,5993,9590
DRTW,GSM_MOVI,2026-07,2026-07-14,16,196,4,0.0204,173,196,783,1111
DRTW,GSM_PERS,2026-07,2026-07-14,16,157,7,0.0446,129,157,4216,6945
MEL0,GSM_MOVI,2026-07,2026-07-14,16,1178,118,0.1002,1115,1178,18448,23791
MEL0,GSM_PERS,2026-07,2026-07-14,16,128,10,0.0781,119,126,12514,15688
MEL0,MOVI,2026-07,2026-07-14,16,2794,176,0.0630,2719,2790,49193,67874
OEST,GSM_MOVI,2026-07,2026-07-14,16,1418,241,0.1700,1320,1417,5257,6201
OEST,GSM_PERS,2026-07,2026-07-14,16,839,65,0.0775,723,826,3013,4415
REVO,GSM_PERS,2026-07,2026-07-14,16,402,16,0.0398,381,402,26038,37982
AUSO,GSM_MOVI,2026-07,2026-07-14,17,566,98,0.1731,548,566,6060,7258
AUSO,GSM_PERS,2026-07,2026-07-14,17,513,38,0.0741,461,496,3752,4682
AYS3,GSM_MOVI,2026-07,2026-07-14,17,7094,271,0.0382,5240,7053,8508,12038
AYS3,GSM_PERS,2026-07,2026-07-14,17,98,16,0.1633,87,96,8823,13360
AYS3,MOVI,2026-07,2026-07-14,17,354,8,0.0226,326,354,4160,5321
AYSA,GSM_PERS,2026-07,2026-07-14,17,95,8,0.0842,93,93,4908,5181
AYSA,MOVI,2026-07,2026-07-14,17,491,47,0.0957,420,490,3974,5182
AYSE,GSM_MOVI,2026-07,2026-07-14,17,2456,276,0.1124,1660,2426,2236,3503
AYSE,GSM_PERS,2026-07,2026-07-14,17,725,51,0.0703,597,698,8004,11927
CVIA,GSM_PERS,2026-07,2026-07-14,17,1789,325,0.1817,1640,1721,88499,117926
CVIA,MOVI,2026-07,2026-07-14,17,112,18,0.1607,111,112,6902,8284
DRTV,GSM_PERS,2026-07,2026-07-14,17,846,30,0.0355,669,839,5993,9590
DRTW,GSM_PERS,2026-07,2026-07-14,17,161,5,0.0311,138,160,4216,6945
MEL0,GSM_PERS,2026-07,2026-07-14,17,120,6,0.0500,114,120,12514,15688
MEL0,MOVI,2026-07,2026-07-14,17,1520,94,0.0618,1489,1519,49193,67874
OEST,GSM_MOVI,2026-07,2026-07-14,17,490,80,0.1633,470,490,5257,6201
OEST,GSM_PERS,2026-07,2026-07-14,17,55,3,0.0545,50,55,3013,4415
REVO,GSM_PERS,2026-07,2026-07-14,17,692,34,0.0491,656,692,26038,37982
AUSO,GSM_MOVI,2026-07,2026-07-14,18,1442,277,0.1921,1358,1442,6102,7305
AUSO,GSM_PERS,2026-07,2026-07-14,18,585,48,0.0821,546,569,3752,4682
AYS3,GSM_MOVI,2026-07,2026-07-14,18,3443,145,0.0421,2773,3436,8508,12038
AYS3,GSM_PERS,2026-07,2026-07-14,18,103,10,0.0971,100,103,8823,13360
AYS3,MOVI,2026-07,2026-07-14,18,113,1,0.0088,111,113,4160,5321
AYSA,GSM_PERS,2026-07,2026-07-14,18,159,9,0.0566,156,158,4908,5181
AYSA,MOVI,2026-07,2026-07-14,18,109,8,0.0734,108,109,3974,5182
AYSE,GSM_MOVI,2026-07,2026-07-14,18,1082,105,0.0970,808,1075,2236,3503
AYSE,GSM_PERS,2026-07,2026-07-14,18,801,73,0.0911,682,777,8004,11927
CVIA,GSM_PERS,2026-07,2026-07-14,18,1852,185,0.0999,1696,1818,88499,117926
CVIA,MOVI,2026-07,2026-07-14,18,379,56,0.1478,370,379,6902,8284
DRTV,GSM_PERS,2026-07,2026-07-14,18,890,38,0.0427,713,862,5993,9590
DRTW,GSM_PERS,2026-07,2026-07-14,18,242,9,0.0372,193,239,4216,6945
MEL0,GSM_PERS,2026-07,2026-07-14,18,220,13,0.0591,212,219,12514,15688
OEST,GSM_MOVI,2026-07,2026-07-14,18,1523,251,0.1648,1413,1521,5257,6201
OEST,GSM_PERS,2026-07,2026-07-14,18,38,2,0.0526,37,38,3013,4415
REVO,GSM_PERS,2026-07,2026-07-14,18,764,34,0.0445,725,764,26038,37982
AUSO,GSM_PERS,2026-07,2026-07-14,19,678,42,0.0619,623,650,3752,4682
AYS3,GSM_PERS,2026-07,2026-07-14,19,155,14,0.0903,149,153,8823,13360
AYSA,GSM_PERS,2026-07,2026-07-14,19,215,34,0.1581,212,214,4908,5181
AYSE,GSM_PERS,2026-07,2026-07-14,19,912,62,0.0680,780,870,8004,11927
CVIA,GSM_PERS,2026-07,2026-07-14,19,2166,204,0.0942,2046,2112,88499,117926
CVIA,MOVI,2026-07,2026-07-14,19,280,46,0.1643,276,280,6902,8284
DRTV,GSM_PERS,2026-07,2026-07-14,19,1159,50,0.0431,947,1112,5993,9590
DRTV,Sin proveedor,2026-07,2026-07-14,19,1,1,1.0000,1,1,6,7
DRTW,GSM_PERS,2026-07,2026-07-14,19,291,14,0.0481,258,289,4216,6945
MEL0,GSM_PERS,2026-07,2026-07-14,19,213,16,0.0751,206,211,12514,15688
OEST,GSM_PERS,2026-07,2026-07-14,19,87,10,0.1149,83,87,3013,4415
REVO,GSM_PERS,2026-07,2026-07-14,19,634,31,0.0489,611,634,26038,37982
AUSO,GSM_PERS,2026-07,2026-07-14,20,665,50,0.0752,618,636,3752,4682
AYS3,GSM_PERS,2026-07,2026-07-14,20,174,19,0.1092,163,170,8823,13360
AYSA,GSM_PERS,2026-07,2026-07-14,20,164,27,0.1646,161,164,4908,5181
AYSE,GSM_PERS,2026-07,2026-07-14,20,1014,78,0.0769,866,987,8004,11927
CVIA,GSM_PERS,2026-07,2026-07-14,20,2170,215,0.0991,2066,2108,88499,117926
CVIA,MOVI,2026-07,2026-07-14,20,317,46,0.1451,303,317,6902,8284
DRTV,GSM_PERS,2026-07,2026-07-14,20,1040,38,0.0365,864,1011,5993,9590
DRTW,GSM_PERS,2026-07,2026-07-14,20,292,20,0.0685,261,289,4216,6945
MEL0,GSM_PERS,2026-07,2026-07-14,20,231,14,0.0606,225,229,12514,15688
OEST,GSM_PERS,2026-07,2026-07-14,20,82,11,0.1341,78,82,3013,4415
REVO,GSM_PERS,2026-07,2026-07-14,20,665,27,0.0406,642,665,26038,37982
CVIA,GSM_PERS,2026-07,2026-07-14,21,2,0,0.0000,2,2,33520,53306
CVIA,MOVI,2026-07,2026-07-14,21,3,1,0.3333,3,3,6902,8284
REVO,GSM_PERS,2026-07,2026-07-14,21,2,0,0.0000,1,2,26038,37982
ADT1,GSM_MOVI,2026-07,2026-07-15,8,546,14,0.0256,256,533,322,711
AUSO,GSM_MOVI,2026-07,2026-07-15,8,363,31,0.0854,291,362,5588,9722
AUSO,GSM_PERS,2026-07,2026-07-15,8,254,17,0.0669,241,249,3752,4682
AYS3,GSM_PERS,2026-07,2026-07-15,8,79,7,0.0886,74,79,9253,13813
AYSA,GSM_PERS,2026-07,2026-07-15,8,93,5,0.0538,91,91,4908,5181
AYSE,GSM_MOVI,2026-07,2026-07-15,8,372,118,0.3172,335,372,4011,6090
AYSE,GSM_PERS,2026-07,2026-07-15,8,579,56,0.0967,506,563,8004,11927
CVIA,GSM_MOVI,2026-07,2026-07-15,8,3554,165,0.0464,2627,3550,34370,56418
CVIA,GSM_PERS,2026-07,2026-07-15,8,1044,70,0.0670,847,609,88499,117926
DRTV,GSM_PERS,2026-07,2026-07-15,8,227,8,0.0352,204,227,5993,9590
DRTW,GSM_PERS,2026-07,2026-07-15,8,125,4,0.0320,100,124,4216,6945
MEL0,GSM_PERS,2026-07,2026-07-15,8,50,6,0.1200,47,50,12514,15688
OEST,GSM_PERS,2026-07,2026-07-15,8,186,14,0.0753,155,186,3013,4415
ADT0,GSM_MOVI,2026-07,2026-07-15,9,935,150,0.1604,639,920,1999,4191
AUSO,GSM_MOVI,2026-07,2026-07-15,9,1054,110,0.1044,859,1054,5588,9722
AUSO,GSM_PERS,2026-07,2026-07-15,9,350,33,0.0943,337,342,3752,4682
AYS3,GSM_PERS,2026-07,2026-07-15,9,175,18,0.1029,171,173,9253,13813
AYS3,MOVI,2026-07,2026-07-15,9,77,3,0.0390,44,77,1845,2293
AYSA,GSM_PERS,2026-07,2026-07-15,9,109,14,0.1284,106,107,4908,5181
AYSA,MOVI,2026-07,2026-07-15,9,296,85,0.2872,215,296,5376,6829
AYSC,MOVI,2026-07,2026-07-15,9,1281,35,0.0273,586,1262,587,1263
AYSE,GSM_PERS,2026-07,2026-07-15,9,898,88,0.0980,737,876,8004,11927
CVIA,GSM_MOVI,2026-07,2026-07-15,9,5167,692,0.1339,4841,5158,34370,56418
CVIA,GSM_PERS,2026-07,2026-07-15,9,2516,228,0.0906,2147,1669,88499,117926
CVIA,MOVI,2026-07,2026-07-15,9,108,108,1.0000,106,108,6902,8284
DRTV,GSM_PERS,2026-07,2026-07-15,9,799,19,0.0238,658,794,5993,9590
DRTW,GSM_MOVI,2026-07,2026-07-15,9,456,18,0.0395,413,456,5719,7369
DRTW,GSM_PERS,2026-07,2026-07-15,9,276,6,0.0217,219,266,4216,6945
MEL0,GSM_PERS,2026-07,2026-07-15,9,108,9,0.0833,106,108,12514,15688
OEST,GSM_MOVI,2026-07,2026-07-15,9,2060,189,0.0917,1652,2054,2787,3826
OEST,GSM_PERS,2026-07,2026-07-15,9,409,31,0.0758,357,409,3013,4415
ADT0,GSM_MOVI,2026-07,2026-07-15,10,927,147,0.1586,655,906,1999,4191
AUSO,GSM_MOVI,2026-07,2026-07-15,10,1034,125,0.1209,831,1034,5588,9722
AYS3,GSM_PERS,2026-07,2026-07-15,10,98,13,0.1327,91,94,9253,13813
AYSA,GSM_PERS,2026-07,2026-07-15,10,180,27,0.1500,175,176,4908,5181
AYSA,MOVI,2026-07,2026-07-15,10,69,69,1.0000,69,69,3974,5182
AYSE,GSM_PERS,2026-07,2026-07-15,10,526,56,0.1065,438,519,7364,11236
CVIA,GSM_PERS,2026-07,2026-07-15,10,2375,252,0.1061,1997,1588,88499,117926
CVIA,MOVI,2026-07,2026-07-15,10,310,77,0.2484,303,310,6902,8284
DRTV,GSM_PERS,2026-07,2026-07-15,10,1237,48,0.0388,946,1212,5993,9590
DRTV,MOVI,2026-07,2026-07-15,10,289,29,0.1003,280,289,1623,1977
DRTW,GSM_MOVI,2026-07,2026-07-15,10,1883,93,0.0494,1668,1883,5719,7369
DRTW,GSM_PERS,2026-07,2026-07-15,10,206,13,0.0631,158,201,4216,6945
DRTW,MOVI,2026-07,2026-07-15,10,207,18,0.0870,196,207,1241,1526
FIME,GSM_MOVI,2026-07,2026-07-15,10,4685,176,0.0376,4535,4685,11521,12140
MEL0,GSM_MOVI,2026-07,2026-07-15,10,255,22,0.0863,244,255,18448,23791
MEL0,GSM_PERS,2026-07,2026-07-15,10,144,7,0.0486,131,141,12514,15688
MEL0,MOVI,2026-07,2026-07-15,10,1516,83,0.0547,1478,1516,49193,67874
OEST,GSM_MOVI,2026-07,2026-07-15,10,1288,100,0.0776,1098,1285,2787,3826
OEST,GSM_PERS,2026-07,2026-07-15,10,391,27,0.0691,326,391,3013,4415
ADT0,GSM_MOVI,2026-07,2026-07-15,11,301,59,0.1960,241,296,1999,4191
AUSO,GSM_MOVI,2026-07,2026-07-15,11,1101,116,0.1054,869,1100,5588,9722
AYS3,GSM_PERS,2026-07,2026-07-15,11,104,9,0.0865,99,102,9253,13813
AYSA,GSM_PERS,2026-07,2026-07-15,11,133,14,0.1053,128,130,4908,5181
AYSA,MOVI,2026-07,2026-07-15,11,81,81,1.0000,80,81,3974,5182
AYSE,GSM_PERS,2026-07,2026-07-15,11,851,69,0.0811,688,826,8004,11927
CVIA,GSM_PERS,2026-07,2026-07-15,11,2356,256,0.1087,1930,1532,88499,117926
CVIA,MOVI,2026-07,2026-07-15,11,419,57,0.1360,402,419,6902,8284
DRTV,GSM_PERS,2026-07,2026-07-15,11,1021,46,0.0451,770,1003,5993,9590
DRTV,MOVI,2026-07,2026-07-15,11,420,38,0.0905,406,420,1623,1977
DRTV,Sin proveedor,2026-07,2026-07-15,11,1,1,1.0000,1,1,6,7
DRTW,GSM_MOVI,2026-07,2026-07-15,11,530,34,0.0642,479,530,5719,7369
DRTW,GSM_PERS,2026-07,2026-07-15,11,210,8,0.0381,172,209,4216,6945
DRTW,MOVI,2026-07,2026-07-15,11,294,36,0.1224,280,294,1241,1526
FIME,GSM_MOVI,2026-07,2026-07-15,11,7052,307,0.0435,6833,7046,11521,12140
MEL0,GSM_MOVI,2026-07,2026-07-15,11,1406,120,0.0853,1311,1405,18448,23791
MEL0,GSM_PERS,2026-07,2026-07-15,11,271,18,0.0664,255,271,12514,15688
MEL0,MOVI,2026-07,2026-07-15,11,3199,220,0.0688,3077,3198,49193,67874
OEST,GSM_PERS,2026-07,2026-07-15,11,315,25,0.0794,262,315,3013,4415
ADT0,GSM_MOVI,2026-07,2026-07-15,12,1603,321,0.2002,1058,1549,1999,4191
AUSO,GSM_MOVI,2026-07,2026-07-15,12,1045,124,0.1187,856,1045,5588,9722
AYS3,GSM_MOVI,2026-07,2026-07-15,12,584,118,0.2021,572,581,8508,12038
AYS3,GSM_PERS,2026-07,2026-07-15,12,118,10,0.0847,110,117,9253,13813
AYSA,GSM_PERS,2026-07,2026-07-15,12,153,18,0.1176,148,149,4908,5181
AYSA,MOVI,2026-07,2026-07-15,12,608,29,0.0477,552,608,3974,5182
AYSE,GSM_PERS,2026-07,2026-07-15,12,643,72,0.1120,539,627,8004,11927
CVIA,GSM_PERS,2026-07,2026-07-15,12,2526,293,0.1160,2169,1727,88499,117926
CVIA,MOVI,2026-07,2026-07-15,12,475,62,0.1305,459,474,6902,8284
DRTV,GSM_PERS,2026-07,2026-07-15,12,911,38,0.0417,717,899,5993,9590
DRTV,MOVI,2026-07,2026-07-15,12,424,41,0.0967,401,424,1623,1977
DRTW,GSM_MOVI,2026-07,2026-07-15,12,2641,131,0.0496,2297,2641,5719,7369
DRTW,GSM_PERS,2026-07,2026-07-15,12,203,3,0.0148,167,200,4216,6945
DRTW,MOVI,2026-07,2026-07-15,12,324,39,0.1204,314,324,1241,1526
FIME,GSM_MOVI,2026-07,2026-07-15,12,313,14,0.0447,309,313,11521,12140
MEL0,GSM_MOVI,2026-07,2026-07-15,12,3450,328,0.0951,3155,3449,18448,23791
MEL0,GSM_PERS,2026-07,2026-07-15,12,294,22,0.0748,273,291,12514,15688
MEL0,MOVI,2026-07,2026-07-15,12,2982,176,0.0590,2895,2982,49193,67874
OEST,GSM_PERS,2026-07,2026-07-15,12,398,33,0.0829,347,398,3013,4415
ADT0,GSM_MOVI,2026-07,2026-07-15,13,4357,754,0.1731,2806,4223,10561,23572
AUSO,GSM_MOVI,2026-07,2026-07-15,13,1414,182,0.1287,1171,1410,5588,9722
AYS3,GSM_MOVI,2026-07,2026-07-15,13,787,150,0.1906,764,783,8508,12038
AYS3,GSM_PERS,2026-07,2026-07-15,13,89,11,0.1236,79,85,9253,13813
AYSA,GSM_PERS,2026-07,2026-07-15,13,182,29,0.1593,178,179,4908,5181
AYSA,MOVI,2026-07,2026-07-15,13,774,48,0.0620,704,773,3974,5182
AYSE,GSM_PERS,2026-07,2026-07-15,13,609,66,0.1084,535,606,8004,11927
CVIA,GSM_MOVI,2026-07,2026-07-15,13,1738,115,0.0662,1154,423,69487,84634
CVIA,GSM_PERS,2026-07,2026-07-15,13,2105,281,0.1335,1880,1674,88499,117926
CVIA,MOVI,2026-07,2026-07-15,13,281,39,0.1388,276,281,6902,8284
DRTV,GSM_PERS,2026-07,2026-07-15,13,846,29,0.0343,685,833,5993,9590
DRTV,MOVI,2026-07,2026-07-15,13,404,28,0.0693,393,404,1623,1977
DRTW,GSM_MOVI,2026-07,2026-07-15,13,534,28,0.0524,509,534,5719,7369
DRTW,GSM_PERS,2026-07,2026-07-15,13,213,9,0.0423,177,213,4216,6945
DRTW,MOVI,2026-07,2026-07-15,13,334,29,0.0868,315,334,1241,1526
MEL0,GSM_MOVI,2026-07,2026-07-15,13,800,86,0.1075,761,800,18448,23791
MEL0,GSM_PERS,2026-07,2026-07-15,13,738,50,0.0678,675,736,12514,15688
MEL0,MOVI,2026-07,2026-07-15,13,2812,155,0.0551,2739,2812,49193,67874
OEST,GSM_PERS,2026-07,2026-07-15,13,362,36,0.0994,299,361,3013,4415
ADT0,GSM_MOVI,2026-07,2026-07-15,14,2591,416,0.1606,1676,2543,8562,19381
AUSO,GSM_MOVI,2026-07,2026-07-15,14,1085,135,0.1244,930,1083,5588,9722
AYS3,GSM_PERS,2026-07,2026-07-15,14,81,19,0.2346,78,81,9253,13813
AYSA,GSM_PERS,2026-07,2026-07-15,14,138,16,0.1159,136,137,4908,5181
AYSA,MOVI,2026-07,2026-07-15,14,724,36,0.0497,646,724,3974,5182
AYSE,GSM_PERS,2026-07,2026-07-15,14,749,76,0.1015,616,715,8004,11927
CVIA,GSM_MOVI,2026-07,2026-07-15,14,6503,464,0.0714,4126,1532,69487,84634
CVIA,GSM_PERS,2026-07,2026-07-15,14,1237,243,0.1964,1180,1223,32082,48835
CVIA,MOVI,2026-07,2026-07-15,14,46,4,0.0870,46,46,6902,8284
DRTV,GSM_PERS,2026-07,2026-07-15,14,874,37,0.0423,720,849,5993,9590
DRTV,MOVI,2026-07,2026-07-15,14,48,6,0.1250,48,48,1623,1977
DRTW,GSM_PERS,2026-07,2026-07-15,14,201,4,0.0199,170,200,4216,6945
DRTW,MOVI,2026-07,2026-07-15,14,27,2,0.0741,27,27,1241,1526
MEL0,GSM_PERS,2026-07,2026-07-15,14,1604,114,0.0711,1458,1601,12514,15688
MEL0,MOVI,2026-07,2026-07-15,14,2817,168,0.0596,2747,2817,49193,67874
OEST,GSM_PERS,2026-07,2026-07-15,14,365,29,0.0795,312,365,3013,4415
ADT0,GSM_MOVI,2026-07,2026-07-15,15,2703,408,0.1509,1780,2659,8562,19381
AUSO,GSM_MOVI,2026-07,2026-07-15,15,1095,111,0.1014,948,1095,5588,9722
AYS3,GSM_PERS,2026-07,2026-07-15,15,119,13,0.1092,116,118,9253,13813
AYSA,GSM_PERS,2026-07,2026-07-15,15,135,21,0.1556,132,133,4908,5181
AYSE,GSM_PERS,2026-07,2026-07-15,15,1206,135,0.1119,980,1083,8004,11927
CVIA,GSM_MOVI,2026-07,2026-07-15,15,6556,389,0.0593,4361,1514,69487,84634
CVIA,GSM_PERS,2026-07,2026-07-15,15,985,164,0.1665,955,979,32082,48835
DRTV,GSM_PERS,2026-07,2026-07-15,15,845,30,0.0355,672,822,5993,9590
DRTW,GSM_PERS,2026-07,2026-07-15,15,171,8,0.0468,142,170,4216,6945
MEL0,GSM_PERS,2026-07,2026-07-15,15,1491,120,0.0805,1349,1487,12514,15688
MEL0,MOVI,2026-07,2026-07-15,15,3966,241,0.0608,3819,3966,49193,67874
OEST,GSM_PERS,2026-07,2026-07-15,15,344,32,0.0930,289,344,3013,4415
ADT0,GSM_MOVI,2026-07,2026-07-15,16,2706,363,0.1341,1865,2648,8562,19381
AUSO,GSM_MOVI,2026-07,2026-07-15,16,95,8,0.0842,92,95,5588,9722
AYS3,GSM_PERS,2026-07,2026-07-15,16,75,3,0.0400,70,75,9253,13813
AYSA,GSM_PERS,2026-07,2026-07-15,16,167,19,0.1138,164,167,4908,5181
AYSE,GSM_PERS,2026-07,2026-07-15,16,1330,145,0.1090,1138,1264,7364,11236
CVIA,GSM_MOVI,2026-07,2026-07-15,16,7678,396,0.0516,5119,1723,69487,84634
CVIA,GSM_PERS,2026-07,2026-07-15,16,1493,195,0.1306,1442,1481,32082,48835
DRTV,GSM_PERS,2026-07,2026-07-15,16,1059,33,0.0312,869,1048,5993,9590
DRTW,GSM_PERS,2026-07,2026-07-15,16,180,6,0.0333,141,176,4216,6945
MEL0,GSM_PERS,2026-07,2026-07-15,16,222,9,0.0405,210,220,12514,15688
OEST,GSM_PERS,2026-07,2026-07-15,16,710,48,0.0676,618,709,3013,4415
ADT0,GSM_MOVI,2026-07,2026-07-15,17,7581,832,0.1097,4542,7393,8562,19381
AYS3,GSM_PERS,2026-07,2026-07-15,17,315,26,0.0825,286,291,9253,13813
AYSA,GSM_PERS,2026-07,2026-07-15,17,723,63,0.0871,673,679,4908,5181
AYSE,GSM_PERS,2026-07,2026-07-15,17,535,44,0.0822,481,528,8004,11927
CVIA,GSM_MOVI,2026-07,2026-07-15,17,2489,124,0.0498,1949,596,69487,84634
CVIA,GSM_PERS,2026-07,2026-07-15,17,1087,139,0.1279,1059,1081,32082,48835
DRTV,GSM_PERS,2026-07,2026-07-15,17,905,49,0.0541,774,900,5993,9590
DRTW,GSM_PERS,2026-07,2026-07-15,17,794,17,0.0214,612,756,4216,6945
MEL0,GSM_PERS,2026-07,2026-07-15,17,681,46,0.0675,633,666,12514,15688
OEST,GSM_PERS,2026-07,2026-07-15,17,312,16,0.0513,280,312,3013,4415
ADT0,GSM_MOVI,2026-07,2026-07-15,18,503,36,0.0716,434,501,8562,19381
AYS3,GSM_PERS,2026-07,2026-07-15,18,835,71,0.0850,738,766,9253,13813
AYSA,GSM_PERS,2026-07,2026-07-15,18,1304,131,0.1005,1143,1160,4908,5181
DRTV,GSM_PERS,2026-07,2026-07-15,18,650,32,0.0492,572,621,2342,2913
DRTW,GSM_PERS,2026-07,2026-07-15,18,1727,48,0.0278,1182,1548,4216,6945
MEL0,GSM_PERS,2026-07,2026-07-15,18,1841,114,0.0619,1672,1761,12514,15688
AYS3,GSM_PERS,2026-07,2026-07-15,19,914,72,0.0788,796,832,9253,13813
AYSA,GSM_PERS,2026-07,2026-07-15,19,1392,122,0.0876,1209,1229,4908,5181
DRTV,GSM_PERS,2026-07,2026-07-15,19,650,34,0.0523,568,608,2342,2913
DRTW,GSM_PERS,2026-07,2026-07-15,19,1724,61,0.0354,1243,1565,4216,6945
MEL0,GSM_PERS,2026-07,2026-07-15,19,1706,104,0.0610,1555,1627,12514,15688
AYS3,GSM_PERS,2026-07,2026-07-15,20,911,69,0.0757,808,831,9253,13813
AYSA,GSM_PERS,2026-07,2026-07-15,20,1219,95,0.0779,1093,1111,4908,5181
DRTV,GSM_PERS,2026-07,2026-07-15,20,655,25,0.0382,581,618,2342,2913
DRTW,GSM_PERS,2026-07,2026-07-15,20,1726,53,0.0307,1275,1578,4216,6945
MEL0,GSM_PERS,2026-07,2026-07-15,20,2010,112,0.0557,1828,1894,12514,15688
AYS3,GSM_PERS,2026-07,2026-07-15,21,1,0,0.0000,1,1,557,563
AYSA,GSM_PERS,2026-07,2026-07-15,21,13,3,0.2308,13,13,4908,5181
DRTV,GSM_PERS,2026-07,2026-07-15,21,1,0,0.0000,1,1,2342,2913
MEL0,GSM_PERS,2026-07,2026-07-15,21,3,0,0.0000,3,3,4733,6817
AUSO,GSM_MOVI,2026-07,2026-07-16,8,302,17,0.0563,272,302,11317,14155
AYS3,GSM_PERS,2026-07,2026-07-16,8,88,6,0.0682,86,85,9253,13813
AYSA,GSM_PERS,2026-07,2026-07-16,8,178,26,0.1461,172,171,4908,5181
AYSE,GSM_MOVI,2026-07,2026-07-16,8,247,70,0.2834,224,247,6247,9593
AYSE,GSM_PERS,2026-07,2026-07-16,8,734,65,0.0886,593,734,7364,11236
CVIA,GSM_MOVI,2026-07,2026-07-16,8,3786,116,0.0306,2190,686,93274,123898
CVIA,GSM_PERS,2026-07,2026-07-16,8,646,83,0.1285,615,646,32082,48835
DRTV,GSM_PERS,2026-07,2026-07-16,8,63,1,0.0159,59,63,2342,2913
DRTW,GSM_PERS,2026-07,2026-07-16,8,238,8,0.0336,205,238,4216,6945
MEL0,GSM_PERS,2026-07,2026-07-16,8,174,11,0.0632,167,174,12514,15688
OEST,GSM_MOVI,2026-07,2026-07-16,8,988,109,0.1103,882,988,8886,11054
REVO,GSM_PERS,2026-07,2026-07-16,8,213,3,0.0141,213,213,8462,9573
ADT0,GSM_MOVI,2026-07,2026-07-16,9,1386,128,0.0924,887,1362,10561,23572
ADT1,GSM_MOVI,2026-07,2026-07-16,9,37,1,0.0270,23,37,322,711
AUSO,GSM_MOVI,2026-07,2026-07-16,9,1551,131,0.0845,1394,1549,11317,14155
AYS3,GSM_PERS,2026-07,2026-07-16,9,163,13,0.0798,157,153,9253,13813
AYS3,MOVI,2026-07,2026-07-16,9,77,2,0.0260,44,77,1845,2293
AYSA,GSM_PERS,2026-07,2026-07-16,9,159,22,0.1384,157,159,4908,5181
AYSA,MOVI,2026-07,2026-07-16,9,223,8,0.0359,142,223,1402,1647
AYSC,MOVI,2026-07,2026-07-16,9,1279,34,0.0266,585,1260,587,1263
AYSE,GSM_MOVI,2026-07,2026-07-16,9,38,10,0.2632,38,38,6247,9593
AYSE,GSM_PERS,2026-07,2026-07-16,9,811,66,0.0814,647,801,7364,11236
CVIA,GSM_MOVI,2026-07,2026-07-16,9,6268,323,0.0515,4131,1728,93274,123898
CVIA,GSM_PERS,2026-07,2026-07-16,9,2405,343,0.1426,2296,2402,32082,48835
DRTV,GSM_MOVI,2026-07,2026-07-16,9,226,15,0.0664,215,226,3798,4408
DRTV,GSM_PERS,2026-07,2026-07-16,9,1312,38,0.0290,937,1312,5993,9590
DRTW,GSM_MOVI,2026-07,2026-07-16,9,23,0,0.0000,19,23,783,1111
DRTW,GSM_PERS,2026-07,2026-07-16,9,251,7,0.0279,194,249,4216,6945
MEL0,GSM_PERS,2026-07,2026-07-16,9,108,10,0.0926,106,108,12514,15688
OEST,GSM_MOVI,2026-07,2026-07-16,9,1286,148,0.1151,1151,1286,8886,11054
ADT0,GSM_MOVI,2026-07,2026-07-16,10,1363,145,0.1064,882,1341,10561,23572
ADT1,GSM_MOVI,2026-07,2026-07-16,10,196,10,0.0510,113,194,322,711
AUSO,GSM_MOVI,2026-07,2026-07-16,10,1647,188,0.1141,1511,1645,11317,14155
AUSO,Sin proveedor,2026-07,2026-07-16,10,1,1,1.0000,1,1,2,2
AYS3,GSM_PERS,2026-07,2026-07-16,10,201,17,0.0846,192,188,9253,13813
AYSA,GSM_PERS,2026-07,2026-07-16,10,420,59,0.1405,402,406,4908,5181
AYSE,GSM_MOVI,2026-07,2026-07-16,10,122,41,0.3361,112,122,6247,9593
AYSE,GSM_PERS,2026-07,2026-07-16,10,1051,108,0.1028,861,1043,7364,11236
CVIA,GSM_MOVI,2026-07,2026-07-16,10,4787,261,0.0545,3292,1218,93274,123898
CVIA,GSM_PERS,2026-07,2026-07-16,10,1598,249,0.1558,1541,1597,32082,48835
DRTV,GSM_MOVI,2026-07,2026-07-16,10,231,14,0.0606,214,231,3798,4408
DRTV,GSM_PERS,2026-07,2026-07-16,10,1497,61,0.0407,1097,1497,5993,9590
DRTW,GSM_MOVI,2026-07,2026-07-16,10,38,0,0.0000,32,38,783,1111
DRTW,GSM_PERS,2026-07,2026-07-16,10,207,10,0.0483,171,203,4216,6945
FIME,GSM_MOVI,2026-07,2026-07-16,10,783,34,0.0434,762,783,11521,12140
MEL0,GSM_MOVI,2026-07,2026-07-16,10,108,10,0.0926,100,108,18448,23791
MEL0,GSM_PERS,2026-07,2026-07-16,10,117,4,0.0342,113,117,12514,15688
MEL0,MOVI,2026-07,2026-07-16,10,1145,56,0.0489,1129,1145,49193,67874
OEST,GSM_MOVI,2026-07,2026-07-16,10,1048,108,0.1031,959,1047,8886,11054
OEST,Sin proveedor,2026-07,2026-07-16,10,2,2,1.0000,1,1,3,3
ADT0,GSM_MOVI,2026-07,2026-07-16,11,1138,133,0.1169,736,1120,10561,23572
ADT1,GSM_MOVI,2026-07,2026-07-16,11,313,11,0.0351,182,304,322,711
AUSO,GSM_MOVI,2026-07,2026-07-16,11,1515,172,0.1135,1385,1515,11317,14155
AYS3,GSM_PERS,2026-07,2026-07-16,11,281,32,0.1139,275,278,9253,13813
AYSA,GSM_PERS,2026-07,2026-07-16,11,148,17,0.1149,143,146,4908,5181
AYSE,GSM_PERS,2026-07,2026-07-16,11,1231,172,0.1397,1054,1217,7364,11236
CVIA,GSM_MOVI,2026-07,2026-07-16,11,4584,291,0.0635,3259,1453,93274,123898
CVIA,GSM_PERS,2026-07,2026-07-16,11,1718,299,0.1740,1630,1718,32082,48835
DRTV,GSM_MOVI,2026-07,2026-07-16,11,194,14,0.0722,176,194,3798,4408
DRTV,GSM_PERS,2026-07,2026-07-16,11,1296,32,0.0247,979,1296,5993,9590
DRTW,GSM_MOVI,2026-07,2026-07-16,11,67,1,0.0149,60,67,783,1111
DRTW,GSM_PERS,2026-07,2026-07-16,11,218,8,0.0367,174,218,4216,6945
FIME,GSM_MOVI,2026-07,2026-07-16,11,916,39,0.0426,892,916,11521,12140
MEL0,GSM_MOVI,2026-07,2026-07-16,11,451,45,0.0998,425,451,18448,23791
MEL0,GSM_PERS,2026-07,2026-07-16,11,211,20,0.0948,204,211,12514,15688
MEL0,MOVI,2026-07,2026-07-16,11,2507,119,0.0475,2443,2507,49193,67874
OEST,GSM_MOVI,2026-07,2026-07-16,11,1188,170,0.1431,1096,1188,8886,11054
ADT0,GSM_MOVI,2026-07,2026-07-16,12,1129,127,0.1125,756,1108,10561,23572
AUSO,GSM_MOVI,2026-07,2026-07-16,12,1472,173,0.1175,1372,1471,11317,14155
AYS3,GSM_MOVI,2026-07,2026-07-16,12,13,1,0.0769,13,13,8508,12038
AYS3,GSM_PERS,2026-07,2026-07-16,12,420,45,0.1071,403,408,9253,13813
AYSA,GSM_PERS,2026-07,2026-07-16,12,149,15,0.1007,140,144,4908,5181
AYSE,GSM_PERS,2026-07,2026-07-16,12,911,103,0.1131,785,908,7364,11236
CVIA,GSM_MOVI,2026-07,2026-07-16,12,4650,293,0.0630,3279,1274,93274,123898
CVIA,GSM_PERS,2026-07,2026-07-16,12,1812,328,0.1810,1741,1811,32082,48835
CVIA,MOVI,2026-07,2026-07-16,12,376,81,0.2154,367,376,13840,16489
DRTV,GSM_MOVI,2026-07,2026-07-16,12,207,20,0.0966,192,207,3798,4408
DRTV,GSM_PERS,2026-07,2026-07-16,12,1366,53,0.0388,1036,1365,5993,9590
DRTW,GSM_MOVI,2026-07,2026-07-16,12,36,0,0.0000,32,36,783,1111
DRTW,GSM_PERS,2026-07,2026-07-16,12,226,13,0.0575,185,224,4216,6945
DRTW,MOVI,2026-07,2026-07-16,12,112,112,1.0000,112,112,1241,1526
FIME,GSM_MOVI,2026-07,2026-07-16,12,1222,61,0.0499,1196,1222,11521,12140
MEL0,GSM_MOVI,2026-07,2026-07-16,12,510,49,0.0961,484,510,18448,23791
MEL0,GSM_PERS,2026-07,2026-07-16,12,277,17,0.0614,262,272,12514,15688
MEL0,MOVI,2026-07,2026-07-16,12,3166,191,0.0603,3090,3165,49193,67874
OEST,GSM_MOVI,2026-07,2026-07-16,12,1195,168,0.1406,1085,1193,8886,11054
ADT0,GSM_MOVI,2026-07,2026-07-16,13,1096,129,0.1177,722,1079,10561,23572
AUSO,GSM_MOVI,2026-07,2026-07-16,13,1543,158,0.1024,1445,1543,11317,14155
AYS3,GSM_MOVI,2026-07,2026-07-16,13,123,30,0.2439,118,122,8508,12038
AYS3,GSM_PERS,2026-07,2026-07-16,13,181,11,0.0608,178,180,9253,13813
AYSA,GSM_PERS,2026-07,2026-07-16,13,398,51,0.1281,387,386,4908,5181
AYSE,GSM_PERS,2026-07,2026-07-16,13,602,74,0.1229,515,602,7364,11236
CVIA,GSM_MOVI,2026-07,2026-07-16,13,4732,295,0.0623,3435,1298,93274,123898
CVIA,GSM_PERS,2026-07,2026-07-16,13,1414,251,0.1775,1374,1413,32082,48835
CVIA,MOVI,2026-07,2026-07-16,13,443,74,0.1670,432,443,13840,16489
DRTV,GSM_MOVI,2026-07,2026-07-16,13,140,12,0.0857,130,140,3798,4408
DRTV,GSM_PERS,2026-07,2026-07-16,13,1168,35,0.0300,924,1168,5993,9590
DRTW,GSM_MOVI,2026-07,2026-07-16,13,43,0,0.0000,36,43,783,1111
DRTW,GSM_PERS,2026-07,2026-07-16,13,733,32,0.0437,559,712,4216,6945
FIME,GSM_MOVI,2026-07,2026-07-16,13,1201,55,0.0458,1171,1201,11521,12140
MEL0,GSM_MOVI,2026-07,2026-07-16,13,450,50,0.1111,423,450,18448,23791
MEL0,GSM_PERS,2026-07,2026-07-16,13,747,52,0.0696,698,736,12514,15688
MEL0,MOVI,2026-07,2026-07-16,13,3535,164,0.0464,3400,3534,49193,67874
OEST,GSM_MOVI,2026-07,2026-07-16,13,1144,146,0.1276,1058,1144,8886,11054
ADT0,GSM_MOVI,2026-07,2026-07-16,14,984,104,0.1057,678,970,10561,23572
AUSO,GSM_MOVI,2026-07,2026-07-16,14,1541,192,0.1246,1452,1541,11317,14155
AYS3,GSM_MOVI,2026-07,2026-07-16,14,84,15,0.1786,83,84,8508,12038
AYS3,GSM_PERS,2026-07,2026-07-16,14,602,77,0.1279,567,568,9253,13813
AYSA,GSM_PERS,2026-07,2026-07-16,14,887,87,0.0981,820,838,4908,5181
AYSE,GSM_PERS,2026-07,2026-07-16,14,100,12,0.1200,94,100,7364,11236
CVIA,GSM_MOVI,2026-07,2026-07-16,14,4272,266,0.0623,3216,1170,93274,123898
CVIA,MOVI,2026-07,2026-07-16,14,431,81,0.1879,425,431,13840,16489
DRTV,GSM_MOVI,2026-07,2026-07-16,14,360,19,0.0528,331,360,3798,4408
DRTV,GSM_PERS,2026-07,2026-07-16,14,111,7,0.0631,108,111,2342,2913
DRTW,GSM_MOVI,2026-07,2026-07-16,14,53,0,0.0000,44,53,783,1111
DRTW,GSM_PERS,2026-07,2026-07-16,14,1561,40,0.0256,1217,1497,4216,6945
DRTW,MOVI,2026-07,2026-07-16,14,1037,54,0.0521,902,1036,1241,1526
FIME,GSM_MOVI,2026-07,2026-07-16,14,1677,86,0.0513,1649,1677,11521,12140
MEL0,GSM_MOVI,2026-07,2026-07-16,14,316,34,0.1076,295,316,18448,23791
MEL0,GSM_PERS,2026-07,2026-07-16,14,2025,153,0.0756,1800,1924,12514,15688
MEL0,MOVI,2026-07,2026-07-16,14,3503,183,0.0522,3409,3503,49193,67874
OEST,GSM_MOVI,2026-07,2026-07-16,14,1226,164,0.1338,1136,1225,8886,11054
ADT0,GSM_MOVI,2026-07,2026-07-16,15,1158,135,0.1166,793,1132,10561,23572
AUSO,GSM_MOVI,2026-07,2026-07-16,15,1379,158,0.1146,1297,1379,11317,14155
AYS3,GSM_MOVI,2026-07,2026-07-16,15,99,12,0.1212,95,97,8508,12038
AYS3,GSM_PERS,2026-07,2026-07-16,15,609,66,0.1084,578,597,9253,13813
AYSA,GSM_PERS,2026-07,2026-07-16,15,1167,145,0.1243,1036,1058,4908,5181
AYSE,GSM_PERS,2026-07,2026-07-16,15,108,19,0.1759,106,108,7364,11236
CVIA,GSM_MOVI,2026-07,2026-07-16,15,4881,285,0.0584,3554,1338,93274,123898
CVIA,MOVI,2026-07,2026-07-16,15,449,50,0.1114,441,449,13840,16489
DRTV,GSM_MOVI,2026-07,2026-07-16,15,255,11,0.0431,234,255,3798,4408
DRTV,GSM_PERS,2026-07,2026-07-16,15,138,6,0.0435,134,138,2342,2913
DRTW,GSM_MOVI,2026-07,2026-07-16,15,45,3,0.0667,38,45,783,1111
DRTW,GSM_PERS,2026-07,2026-07-16,15,1752,62,0.0354,1317,1648,4216,6945
DRTW,MOVI,2026-07,2026-07-16,15,119,8,0.0672,118,119,1241,1526
FIME,GSM_MOVI,2026-07,2026-07-16,15,1223,57,0.0466,1199,1223,11521,12140
MEL0,GSM_MOVI,2026-07,2026-07-16,15,407,55,0.1351,389,407,18448,23791
MEL0,GSM_PERS,2026-07,2026-07-16,15,1530,105,0.0686,1388,1460,12514,15688
MEL0,MOVI,2026-07,2026-07-16,15,3018,175,0.0580,2906,3018,49193,67874
OEST,GSM_MOVI,2026-07,2026-07-16,15,1114,163,0.1463,1045,1111,8886,11054
ADT0,GSM_MOVI,2026-07,2026-07-16,16,1124,120,0.1068,754,1091,10561,23572
AUSO,MOVI,2026-07,2026-07-16,16,1,1,1.0000,1,1,128,142
AYS3,GSM_MOVI,2026-07,2026-07-16,16,45,6,0.1333,45,45,8508,12038
AYS3,GSM_PERS,2026-07,2026-07-16,16,498,56,0.1124,468,481,9253,13813
AYSA,GSM_PERS,2026-07,2026-07-16,16,1046,108,0.1033,949,963,4908,5181
AYSE,GSM_PERS,2026-07,2026-07-16,16,105,18,0.1714,105,105,7364,11236
CVIA,GSM_MOVI,2026-07,2026-07-16,16,6616,472,0.0713,4985,2075,93274,123898
CVIA,MOVI,2026-07,2026-07-16,16,427,82,0.1920,420,427,13840,16489
DRTV,GSM_MOVI,2026-07,2026-07-16,16,233,24,0.1030,219,233,3798,4408
DRTV,GSM_PERS,2026-07,2026-07-16,16,218,12,0.0550,204,218,2342,2913
DRTW,GSM_MOVI,2026-07,2026-07-16,16,152,3,0.0197,133,152,783,1111
DRTW,GSM_PERS,2026-07,2026-07-16,16,1459,57,0.0391,1086,1375,4216,6945
FIME,GSM_MOVI,2026-07,2026-07-16,16,2287,137,0.0599,2235,2287,11521,12140
MEL0,GSM_MOVI,2026-07,2026-07-16,16,421,39,0.0926,406,421,18448,23791
MEL0,GSM_PERS,2026-07,2026-07-16,16,1808,104,0.0575,1612,1700,12514,15688
MEL0,MOVI,2026-07,2026-07-16,16,2062,117,0.0567,2015,2062,49193,67874
OEST,MOVI,2026-07,2026-07-16,16,2,2,1.0000,2,1,119,136
ADT0,GSM_MOVI,2026-07,2026-07-16,17,1082,94,0.0869,725,1067,10561,23572
AYS3,GSM_MOVI,2026-07,2026-07-16,17,81,12,0.1481,79,81,8508,12038
AYS3,GSM_PERS,2026-07,2026-07-16,17,288,33,0.1146,276,278,9253,13813
AYSA,GSM_PERS,2026-07,2026-07-16,17,1173,119,0.1014,1086,1099,4908,5181
AYSE,GSM_PERS,2026-07,2026-07-16,17,30,6,0.2000,30,30,7364,11236
CVIA,GSM_MOVI,2026-07,2026-07-16,17,6659,361,0.0542,4925,1567,93274,123898
CVIA,MOVI,2026-07,2026-07-16,17,444,64,0.1441,437,444,13840,16489
DRTV,GSM_MOVI,2026-07,2026-07-16,17,305,21,0.0689,280,305,3798,4408
DRTV,GSM_PERS,2026-07,2026-07-16,17,123,10,0.0813,122,123,2342,2913
DRTW,GSM_MOVI,2026-07,2026-07-16,17,502,12,0.0239,390,502,783,1111
DRTW,GSM_PERS,2026-07,2026-07-16,17,1689,70,0.0414,1282,1619,4216,6945
FIME,GSM_MOVI,2026-07,2026-07-16,17,2075,100,0.0482,2033,2075,11521,12140
MEL0,GSM_MOVI,2026-07,2026-07-16,17,376,37,0.0984,360,376,18448,23791
MEL0,GSM_PERS,2026-07,2026-07-16,17,1771,126,0.0711,1594,1699,12514,15688
OEST,MOVI,2026-07,2026-07-16,17,231,21,0.0909,194,228,718,878
ADT0,GSM_MOVI,2026-07,2026-07-16,18,5086,558,0.1097,3445,4987,10561,23572
AYS3,GSM_MOVI,2026-07,2026-07-16,18,301,41,0.1362,296,301,8508,12038
AYS3,GSM_PERS,2026-07,2026-07-16,18,178,26,0.1461,177,176,9253,13813
AYSA,GSM_PERS,2026-07,2026-07-16,18,229,30,0.1310,228,228,4908,5181
AYSE,GSM_PERS,2026-07,2026-07-16,18,32,6,0.1875,32,32,7364,11236
CVIA,GSM_MOVI,2026-07,2026-07-16,18,2143,161,0.0751,1803,624,93274,123898
CVIA,MOVI,2026-07,2026-07-16,18,501,76,0.1517,489,501,13840,16489
DRTV,GSM_MOVI,2026-07,2026-07-16,18,819,56,0.0684,777,819,3798,4408
DRTW,GSM_PERS,2026-07,2026-07-16,18,323,12,0.0372,282,319,4216,6945
FIME,GSM_MOVI,2026-07,2026-07-16,18,666,36,0.0541,663,666,11521,12140
MEL0,GSM_MOVI,2026-07,2026-07-16,18,1553,166,0.1069,1447,1552,18448,23791
MEL0,GSM_PERS,2026-07,2026-07-16,18,142,6,0.0423,142,142,12514,15688
ADT0,GSM_MOVI,2026-07,2026-07-16,19,4452,479,0.1076,3115,4376,10561,23572
AYS3,GSM_MOVI,2026-07,2026-07-16,19,623,100,0.1605,607,622,8508,12038
CVIA,MOVI,2026-07,2026-07-16,19,525,77,0.1467,508,525,13840,16489
DRTV,GSM_MOVI,2026-07,2026-07-16,19,1057,87,0.0823,988,1056,3798,4408
MEL0,GSM_MOVI,2026-07,2026-07-16,19,934,97,0.1039,904,934,18448,23791
CVIA,MOVI,2026-07,2026-07-16,20,423,72,0.1702,412,423,13840,16489
CVIA,MOVI,2026-07,2026-07-16,21,2,0,0.0000,2,2,13840,16489
DRTW,Sin proveedor,2026-07,2026-07-17,12,1,1,1.0000,1,1,2,2
DRTW,Sin proveedor,2026-07,2026-07-17,13,1,1,1.0000,1,1,2,2
AUSO,GSM_PERS,2026-07,2026-07-18,8,1401,128,0.0914,1232,1400,3752,4682
CVIA,GSM_MOVI,2026-07,2026-07-18,8,5351,248,0.0463,3237,1943,93274,123898
CVIA,GSM_PERS,2026-07,2026-07-18,8,996,136,0.1365,943,996,32082,48835
REVO,GSM_PERS,2026-07,2026-07-18,8,25,0,0.0000,25,25,8462,9573
ADT0,GSM_MOVI,2026-07,2026-07-18,9,768,84,0.1094,468,754,1999,4191
ADT1,GSM_MOVI,2026-07,2026-07-18,9,174,7,0.0402,110,171,322,711
AUSO,GSM_MOVI,2026-07,2026-07-18,9,904,117,0.1294,824,903,11630,14190
AUSO,GSM_PERS,2026-07,2026-07-18,9,618,49,0.0793,562,604,3752,4682
CVIA,GSM_MOVI,2026-07,2026-07-18,9,4686,347,0.0741,3710,2779,93274,123898
CVIA,GSM_PERS,2026-07,2026-07-18,9,4081,606,0.1485,3824,4079,32082,48835
DRPW,GSM_MOVI,2026-07,2026-07-18,9,181,5,0.0276,123,181,4638,8757
DRTV,GSM_PERS,2026-07,2026-07-18,9,238,16,0.0672,210,238,5993,9590
DRTW,GSM_PERS,2026-07,2026-07-18,9,235,11,0.0468,213,235,4216,6945
OEST,GSM_MOVI,2026-07,2026-07-18,9,3513,377,0.1073,3141,3511,11196,13807
REVO,MOVI,2026-07,2026-07-18,9,1641,130,0.0792,1607,1641,55041,70715
ADT0,GSM_MOVI,2026-07,2026-07-18,10,1210,121,0.1000,760,1195,10561,23572
ADT1,GSM_MOVI,2026-07,2026-07-18,10,33,0,0.0000,24,33,322,711
AUSO,GSM_MOVI,2026-07,2026-07-18,10,637,86,0.1350,573,637,11630,14190
AUSO,GSM_PERS,2026-07,2026-07-18,10,534,51,0.0955,485,521,3752,4682
CVIA,GSM_MOVI,2026-07,2026-07-18,10,2729,194,0.0711,1943,1122,93274,123898
CVIA,GSM_PERS,2026-07,2026-07-18,10,2611,437,0.1674,2479,2605,32082,48835
DRPW,GSM_MOVI,2026-07,2026-07-18,10,270,19,0.0704,185,270,4638,8757
DRTV,GSM_PERS,2026-07,2026-07-18,10,357,26,0.0728,319,357,5993,9590
DRTW,GSM_PERS,2026-07,2026-07-18,10,307,20,0.0651,277,307,4216,6945
FIME,GSM_MOVI,2026-07,2026-07-18,10,1740,62,0.0356,1695,1740,11521,12140
MEL0,GSM_MOVI,2026-07,2026-07-18,10,133,9,0.0677,126,133,18448,23791
MEL0,GSM_PERS,2026-07,2026-07-18,10,108,7,0.0648,103,108,12514,15688
MEL0,MOVI,2026-07,2026-07-18,10,421,30,0.0713,420,421,49193,67874
OEST,GSM_MOVI,2026-07,2026-07-18,10,2599,327,0.1258,2328,2596,11196,13807
REVO,GSM_MOVI,2026-07,2026-07-18,10,614,70,0.1140,580,614,11756,14432
REVO,GSM_PERS,2026-07,2026-07-18,10,961,62,0.0645,847,961,26038,37982
REVO,MOVI,2026-07,2026-07-18,10,1294,122,0.0943,1273,1294,55041,70715
ADT0,GSM_MOVI,2026-07,2026-07-18,11,888,102,0.1149,561,877,10561,23572
ADT1,GSM_MOVI,2026-07,2026-07-18,11,51,0,0.0000,29,51,322,711
AUSO,GSM_MOVI,2026-07,2026-07-18,11,498,74,0.1486,448,495,11630,14190
AUSO,GSM_PERS,2026-07,2026-07-18,11,514,54,0.1051,455,495,3752,4682
CVIA,GSM_MOVI,2026-07,2026-07-18,11,2547,161,0.0632,1759,915,93274,123898
CVIA,GSM_PERS,2026-07,2026-07-18,11,446,87,0.1951,437,446,32082,48835
DRPW,GSM_MOVI,2026-07,2026-07-18,11,311,16,0.0514,209,311,4638,8757
DRTV,GSM_PERS,2026-07,2026-07-18,11,203,19,0.0936,186,203,5993,9590
DRTW,GSM_PERS,2026-07,2026-07-18,11,115,10,0.0870,107,115,4216,6945
FIME,GSM_MOVI,2026-07,2026-07-18,11,2222,73,0.0329,2174,2222,11521,12140
MEL0,GSM_MOVI,2026-07,2026-07-18,11,700,72,0.1029,653,700,18448,23791
MEL0,GSM_PERS,2026-07,2026-07-18,11,919,47,0.0511,864,919,12514,15688
MEL0,MOVI,2026-07,2026-07-18,11,1122,64,0.0570,1111,1122,49193,67874
OEST,GSM_MOVI,2026-07,2026-07-18,11,2028,252,0.1243,1825,2026,11196,13807
REVO,GSM_MOVI,2026-07,2026-07-18,11,556,58,0.1043,519,556,11756,14432
REVO,GSM_PERS,2026-07,2026-07-18,11,2701,117,0.0433,2287,2701,26038,37982
REVO,MOVI,2026-07,2026-07-18,11,512,34,0.0664,506,512,55041,70715
ADT0,GSM_MOVI,2026-07,2026-07-18,12,920,116,0.1261,583,902,10561,23572
ADT1,GSM_MOVI,2026-07,2026-07-18,12,30,2,0.0667,23,30,322,711
AUSO,GSM_MOVI,2026-07,2026-07-18,12,502,64,0.1275,456,501,11630,14190
AUSO,GSM_PERS,2026-07,2026-07-18,12,565,63,0.1115,509,549,3752,4682
CVIA,GSM_MOVI,2026-07,2026-07-18,12,2761,219,0.0793,1911,1036,93274,123898
CVIA,GSM_PERS,2026-07,2026-07-18,12,245,53,0.2163,234,245,32082,48835
DRPW,GSM_MOVI,2026-07,2026-07-18,12,179,9,0.0503,114,174,4638,8757
DRTV,GSM_PERS,2026-07,2026-07-18,12,229,21,0.0917,210,229,5993,9590
DRTW,GSM_PERS,2026-07,2026-07-18,12,194,18,0.0928,177,194,4216,6945
FIME,GSM_MOVI,2026-07,2026-07-18,12,2332,88,0.0377,2275,2332,11521,12140
MEL0,GSM_MOVI,2026-07,2026-07-18,12,760,79,0.1039,703,760,18448,23791
MEL0,GSM_PERS,2026-07,2026-07-18,12,1718,111,0.0646,1584,1717,12514,15688
MEL0,MOVI,2026-07,2026-07-18,12,1160,70,0.0603,1146,1160,49193,67874
OEST,GSM_MOVI,2026-07,2026-07-18,12,1553,211,0.1359,1427,1552,11196,13807
REVO,GSM_MOVI,2026-07,2026-07-18,12,949,139,0.1465,887,948,11756,14432
REVO,GSM_PERS,2026-07,2026-07-18,12,2206,100,0.0453,1886,2206,26038,37982
REVO,MOVI,2026-07,2026-07-18,12,560,48,0.0857,559,560,55041,70715
ADT0,GSM_MOVI,2026-07,2026-07-18,13,945,115,0.1217,563,933,10561,23572
ADT1,GSM_MOVI,2026-07,2026-07-18,13,20,0,0.0000,16,19,322,711
AUSO,GSM_MOVI,2026-07,2026-07-18,13,563,79,0.1403,521,563,11630,14190
AUSO,GSM_PERS,2026-07,2026-07-18,13,528,74,0.1402,476,514,3752,4682
CVIA,GSM_MOVI,2026-07,2026-07-18,13,2522,181,0.0718,1666,838,93274,123898
CVIA,GSM_PERS,2026-07,2026-07-18,13,294,63,0.2143,288,294,32082,48835
DRPW,GSM_MOVI,2026-07,2026-07-18,13,367,12,0.0327,248,367,4638,8757
DRTV,GSM_PERS,2026-07,2026-07-18,13,227,13,0.0573,208,227,5993,9590
DRTW,GSM_PERS,2026-07,2026-07-18,13,133,8,0.0602,124,133,4216,6945
FIME,GSM_MOVI,2026-07,2026-07-18,13,1738,81,0.0466,1701,1737,11521,12140
MEL0,GSM_MOVI,2026-07,2026-07-18,13,688,77,0.1119,649,688,18448,23791
MEL0,GSM_PERS,2026-07,2026-07-18,13,1758,126,0.0717,1597,1758,12514,15688
MEL0,MOVI,2026-07,2026-07-18,13,1082,73,0.0675,1075,1082,49193,67874
OEST,GSM_MOVI,2026-07,2026-07-18,13,1153,172,0.1492,1063,1153,8187,10036
REVO,GSM_MOVI,2026-07,2026-07-18,13,2161,188,0.0870,1924,2161,11756,14432
REVO,GSM_PERS,2026-07,2026-07-18,13,2296,100,0.0436,1950,2296,26038,37982
REVO,MOVI,2026-07,2026-07-18,13,584,54,0.0925,576,584,55041,70715
ADT0,GSM_MOVI,2026-07,2026-07-18,14,944,100,0.1059,607,932,10561,23572
ADT1,GSM_MOVI,2026-07,2026-07-18,14,41,3,0.0732,30,41,322,711
AUSO,GSM_MOVI,2026-07,2026-07-18,14,419,70,0.1671,385,419,11507,14035
AUSO,GSM_PERS,2026-07,2026-07-18,14,544,53,0.0974,496,530,3752,4682
CVIA,GSM_MOVI,2026-07,2026-07-18,14,2819,200,0.0709,1853,924,93274,123898
CVIA,GSM_PERS,2026-07,2026-07-18,14,548,96,0.1752,534,548,32082,48835
DRPW,GSM_MOVI,2026-07,2026-07-18,14,272,13,0.0478,191,272,4638,8757
DRTV,GSM_PERS,2026-07,2026-07-18,14,212,17,0.0802,200,212,5993,9590
DRTW,GSM_PERS,2026-07,2026-07-18,14,141,6,0.0426,131,141,4216,6945
FIME,GSM_MOVI,2026-07,2026-07-18,14,2392,107,0.0447,2351,2392,11521,12140
MEL0,GSM_MOVI,2026-07,2026-07-18,14,597,61,0.1022,553,597,18448,23791
MEL0,GSM_PERS,2026-07,2026-07-18,14,419,30,0.0716,405,419,12514,15688
MEL0,MOVI,2026-07,2026-07-18,14,1010,72,0.0713,1003,1010,49193,67874
OEST,GSM_MOVI,2026-07,2026-07-18,14,640,85,0.1328,608,640,8187,10036
REVO,GSM_MOVI,2026-07,2026-07-18,14,2204,189,0.0858,1958,2204,11756,14432
REVO,GSM_PERS,2026-07,2026-07-18,14,3282,141,0.0430,2803,3282,26038,37982
REVO,MOVI,2026-07,2026-07-18,14,650,61,0.0938,643,650,55041,70715
ADT0,GSM_MOVI,2026-07,2026-07-18,15,973,85,0.0874,624,953,10561,23572
ADT1,GSM_MOVI,2026-07,2026-07-18,15,31,0,0.0000,24,31,322,711
AUSO,GSM_MOVI,2026-07,2026-07-18,15,599,81,0.1352,540,599,11630,14190
AUSO,GSM_PERS,2026-07,2026-07-18,15,561,65,0.1159,504,546,3752,4682
CVIA,GSM_MOVI,2026-07,2026-07-18,15,3155,210,0.0666,2072,941,93274,123898
CVIA,GSM_PERS,2026-07,2026-07-18,15,418,81,0.1938,410,417,32082,48835
DRPW,GSM_MOVI,2026-07,2026-07-18,15,366,12,0.0328,251,366,4638,8757
DRTV,GSM_PERS,2026-07,2026-07-18,15,204,16,0.0784,193,204,5993,9590
DRTW,GSM_PERS,2026-07,2026-07-18,15,193,16,0.0829,173,193,4216,6945
FIME,GSM_MOVI,2026-07,2026-07-18,15,1626,84,0.0517,1593,1624,11521,12140
MEL0,GSM_MOVI,2026-07,2026-07-18,15,457,50,0.1094,434,457,18448,23791
MEL0,GSM_PERS,2026-07,2026-07-18,15,354,38,0.1073,339,354,12514,15688
MEL0,MOVI,2026-07,2026-07-18,15,4022,283,0.0704,3819,4022,49193,67874
OEST,GSM_MOVI,2026-07,2026-07-18,15,1019,120,0.1178,954,1019,8187,10036
REVO,GSM_MOVI,2026-07,2026-07-18,15,2181,176,0.0807,1950,2179,11756,14432
REVO,GSM_PERS,2026-07,2026-07-18,15,3395,145,0.0427,2941,3395,26038,37982
REVO,MOVI,2026-07,2026-07-18,15,2746,227,0.0827,2505,2746,55041,70715
ADT0,GSM_MOVI,2026-07,2026-07-18,16,1032,108,0.1047,673,1008,10561,23572
ADT1,GSM_MOVI,2026-07,2026-07-18,16,22,1,0.0455,14,22,322,711
AUSO,GSM_MOVI,2026-07,2026-07-18,16,1303,160,0.1228,1157,1301,11630,14190
AUSO,GSM_PERS,2026-07,2026-07-18,16,564,56,0.0993,511,550,3724,4646
CVIA,GSM_MOVI,2026-07,2026-07-18,16,7137,302,0.0423,3762,1087,69487,84634
CVIA,GSM_PERS,2026-07,2026-07-18,16,575,98,0.1704,557,575,32082,48835
DRPW,GSM_MOVI,2026-07,2026-07-18,16,857,52,0.0607,555,857,4638,8757
DRTV,GSM_PERS,2026-07,2026-07-18,16,274,20,0.0730,252,274,5993,9590
DRTW,GSM_PERS,2026-07,2026-07-18,16,140,12,0.0857,129,140,4216,6945
MEL0,GSM_MOVI,2026-07,2026-07-18,16,505,57,0.1129,471,505,18448,23791
MEL0,GSM_PERS,2026-07,2026-07-18,16,350,35,0.1000,342,350,12514,15688
MEL0,MOVI,2026-07,2026-07-18,16,4063,248,0.0610,3798,4061,49193,67874
REVO,GSM_PERS,2026-07,2026-07-18,16,3140,143,0.0455,2668,3140,26038,37982
REVO,MOVI,2026-07,2026-07-18,16,3880,345,0.0889,3519,3880,55041,70715
ADT0,GSM_MOVI,2026-07,2026-07-18,17,1101,135,0.1226,727,1081,10561,23572
ADT1,GSM_MOVI,2026-07,2026-07-18,17,8,0,0.0000,7,8,322,711
AUSO,GSM_MOVI,2026-07,2026-07-18,17,1226,155,0.1264,1090,1226,11630,14190
AUSO,GSM_PERS,2026-07,2026-07-18,17,509,62,0.1218,472,499,3752,4682
CVIA,GSM_MOVI,2026-07,2026-07-18,17,7533,310,0.0412,4113,1187,81569,104749
CVIA,GSM_PERS,2026-07,2026-07-18,17,279,58,0.2079,269,279,32082,48835
DRPW,GSM_MOVI,2026-07,2026-07-18,17,549,26,0.0474,371,549,4638,8757
DRTV,GSM_PERS,2026-07,2026-07-18,17,186,12,0.0645,174,186,5993,9590
DRTW,GSM_PERS,2026-07,2026-07-18,17,154,12,0.0779,137,154,4216,6945
MEL0,GSM_MOVI,2026-07,2026-07-18,17,417,48,0.1151,396,417,18448,23791
MEL0,GSM_PERS,2026-07,2026-07-18,17,367,32,0.0872,346,367,12514,15688
MEL0,MOVI,2026-07,2026-07-18,17,4120,263,0.0638,3891,4118,49193,67874
REVO,GSM_PERS,2026-07,2026-07-18,17,3561,142,0.0399,3115,3561,26038,37982
REVO,MOVI,2026-07,2026-07-18,17,3848,327,0.0850,3495,3848,55041,70715
ADT0,GSM_MOVI,2026-07,2026-07-18,18,940,103,0.1096,622,918,10561,23572
ADT1,GSM_MOVI,2026-07,2026-07-18,18,14,0,0.0000,9,14,322,711
AUSO,GSM_MOVI,2026-07,2026-07-18,18,1009,180,0.1784,914,1008,11630,14190
AUSO,GSM_PERS,2026-07,2026-07-18,18,562,67,0.1192,522,550,3752,4682
CVIA,GSM_MOVI,2026-07,2026-07-18,18,7385,346,0.0469,4206,1230,69487,84634
CVIA,GSM_PERS,2026-07,2026-07-18,18,506,92,0.1818,494,506,32082,48835
DRPW,GSM_MOVI,2026-07,2026-07-18,18,979,54,0.0552,632,979,4638,8757
DRTV,GSM_PERS,2026-07,2026-07-18,18,219,16,0.0731,204,219,5993,9590
DRTW,GSM_PERS,2026-07,2026-07-18,18,157,16,0.1019,146,157,4216,6945
MEL0,GSM_MOVI,2026-07,2026-07-18,18,495,51,0.1030,460,495,18448,23791
MEL0,GSM_PERS,2026-07,2026-07-18,18,397,39,0.0982,375,397,12514,15688
MEL0,MOVI,2026-07,2026-07-18,18,4190,293,0.0699,3964,4188,49193,67874
REVO,GSM_PERS,2026-07,2026-07-18,18,3236,137,0.0423,2895,3236,26038,37982
REVO,MOVI,2026-07,2026-07-18,18,3786,333,0.0880,3449,3786,55041,70715
ADT0,GSM_MOVI,2026-07,2026-07-18,19,1054,125,0.1186,708,1033,10561,23572
ADT1,GSM_MOVI,2026-07,2026-07-18,19,45,1,0.0222,29,45,322,711
AUSO,GSM_MOVI,2026-07,2026-07-18,19,1458,194,0.1331,1322,1457,11630,14190
AUSO,GSM_PERS,2026-07,2026-07-18,19,537,63,0.1173,494,522,3752,4682
CVIA,GSM_MOVI,2026-07,2026-07-18,19,6689,305,0.0456,4026,1095,69487,84634
CVIA,GSM_PERS,2026-07,2026-07-18,19,558,119,0.2133,553,558,32082,48835
DRPW,GSM_MOVI,2026-07,2026-07-18,19,1118,79,0.0707,738,1118,4638,8757
DRTV,GSM_PERS,2026-07,2026-07-18,19,218,15,0.0688,192,218,5993,9590
DRTW,GSM_PERS,2026-07,2026-07-18,19,126,9,0.0714,118,126,4216,6945
MEL0,GSM_MOVI,2026-07,2026-07-18,19,408,73,0.1789,380,408,18448,23791
MEL0,GSM_PERS,2026-07,2026-07-18,19,415,27,0.0651,405,415,12514,15688
MEL0,MOVI,2026-07,2026-07-18,19,398,28,0.0704,389,398,49193,67874
REVO,GSM_PERS,2026-07,2026-07-18,19,3228,156,0.0483,2918,3226,26038,37982
REVO,MOVI,2026-07,2026-07-18,19,358,39,0.1089,346,358,55041,70715
ADT0,GSM_MOVI,2026-07,2026-07-18,20,1034,121,0.1170,687,1016,10561,23572
ADT1,GSM_MOVI,2026-07,2026-07-18,20,30,3,0.1000,22,30,322,711
AUSO,GSM_MOVI,2026-07,2026-07-18,20,1401,181,0.1292,1279,1401,11630,14190
AUSO,GSM_PERS,2026-07,2026-07-18,20,547,73,0.1335,502,527,3752,4682
CVIA,GSM_MOVI,2026-07,2026-07-18,20,6523,256,0.0392,3955,893,69487,84634
CVIA,GSM_PERS,2026-07,2026-07-18,20,297,69,0.2323,290,297,32082,48835
DRPW,GSM_MOVI,2026-07,2026-07-18,20,1423,98,0.0689,972,1422,4638,8757
DRTV,GSM_PERS,2026-07,2026-07-18,20,794,55,0.0693,733,794,5993,9590
DRTW,GSM_PERS,2026-07,2026-07-18,20,351,26,0.0741,324,351,4216,6945
MEL0,GSM_MOVI,2026-07,2026-07-18,20,467,74,0.1585,445,467,18448,23791
MEL0,GSM_PERS,2026-07,2026-07-18,20,1177,107,0.0909,1109,1177,12514,15688
REVO,GSM_PERS,2026-07,2026-07-18,20,1901,103,0.0542,1753,1901,26038,37982
AUSO,GSM_MOVI,2026-07,2026-07-18,21,18,4,0.2222,18,18,7508,9217
CVIA,GSM_MOVI,2026-07,2026-07-18,21,15,0,0.0000,15,5,19565,7914
DRTW,GSM_PERS,2026-07,2026-07-18,21,3,1,0.3333,3,3,4216,6945
MEL0,GSM_MOVI,2026-07,2026-07-18,21,2,0,0.0000,2,2,3981,4599
MEL0,GSM_PERS,2026-07,2026-07-18,21,1,0,0.0000,1,1,7781,8871
ADT0,GSM_MOVI,2026-07,2026-07-19,8,473,28,0.0592,349,470,10561,23572
ADT1,GSM_MOVI,2026-07,2026-07-19,8,15,0,0.0000,10,15,322,711
AUSO,GSM_MOVI,2026-07,2026-07-19,8,745,65,0.0872,657,744,17218,23912
AUSO,GSM_PERS,2026-07,2026-07-19,8,245,17,0.0694,236,240,3693,4613
CVIA,GSM_MOVI,2026-07,2026-07-19,8,3402,82,0.0241,2513,2547,93274,123898
CVIA,GSM_PERS,2026-07,2026-07-19,8,1440,96,0.0667,1329,1440,88499,117926
DRPW,GSM_MOVI,2026-07,2026-07-19,8,94,4,0.0426,81,94,4638,8757
DRTV,GSM_PERS,2026-07,2026-07-19,8,264,11,0.0417,245,264,5993,9590
DRTW,GSM_PERS,2026-07,2026-07-19,8,145,4,0.0276,135,145,4216,6945
MEL0,GSM_MOVI,2026-07,2026-07-19,8,154,10,0.0649,147,154,18448,23791
MEL0,GSM_PERS,2026-07,2026-07-19,8,301,14,0.0465,295,301,12514,15688
REVO,GSM_PERS,2026-07,2026-07-19,8,13,0,0.0000,13,13,8462,9573
ADT0,GSM_MOVI,2026-07,2026-07-19,9,966,65,0.0673,713,959,10561,23572
ADT1,GSM_MOVI,2026-07,2026-07-19,9,21,1,0.0476,15,21,322,711
AUSO,GSM_MOVI,2026-07,2026-07-19,9,1668,208,0.1247,1422,1664,17218,23912
AUSO,GSM_PERS,2026-07,2026-07-19,9,587,44,0.0750,536,567,3712,4633
CVIA,GSM_MOVI,2026-07,2026-07-19,9,6516,447,0.0686,5647,4848,93274,123898
CVIA,GSM_PERS,2026-07,2026-07-19,9,4565,426,0.0933,4263,4562,88499,117926
DRPW,GSM_MOVI,2026-07,2026-07-19,9,355,26,0.0732,281,355,4638,8757
DRTV,GSM_PERS,2026-07,2026-07-19,9,23,2,0.0870,22,23,5993,9590
DRTW,GSM_PERS,2026-07,2026-07-19,9,30,2,0.0667,29,30,4216,6945
MEL0,GSM_MOVI,2026-07,2026-07-19,9,479,23,0.0480,461,479,18448,23791
MEL0,GSM_PERS,2026-07,2026-07-19,9,44,4,0.0909,44,44,12514,15688
OEST,GSM_MOVI,2026-07,2026-07-19,9,118,15,0.1271,110,118,2787,3826
REVO,MOVI,2026-07,2026-07-19,9,8117,367,0.0452,6889,8116,55041,70715
ADT0,GSM_MOVI,2026-07,2026-07-19,10,701,52,0.0742,568,695,10561,23572
ADT1,GSM_MOVI,2026-07,2026-07-19,10,11,1,0.0909,11,11,322,711
AUSO,GSM_MOVI,2026-07,2026-07-19,10,1488,201,0.1351,1320,1487,17080,23756
AUSO,GSM_PERS,2026-07,2026-07-19,10,109,13,0.1193,107,109,3535,4405
CVIA,GSM_MOVI,2026-07,2026-07-19,10,4766,346,0.0726,4114,3151,93274,123898
CVIA,GSM_PERS,2026-07,2026-07-19,10,4074,479,0.1176,3830,4070,88499,117926
DRPW,GSM_MOVI,2026-07,2026-07-19,10,261,12,0.0460,220,261,4638,8757
DRTV,GSM_PERS,2026-07,2026-07-19,10,18,0,0.0000,18,18,5993,9590
DRTW,GSM_PERS,2026-07,2026-07-19,10,18,2,0.1111,16,18,4216,6945
MEL0,GSM_MOVI,2026-07,2026-07-19,10,1487,95,0.0639,1375,1464,18448,23791
MEL0,GSM_PERS,2026-07,2026-07-19,10,77,2,0.0260,74,77,12514,15688
MEL0,MOVI,2026-07,2026-07-19,10,3523,140,0.0397,3269,3523,49193,67874
OEST,GSM_MOVI,2026-07,2026-07-19,10,259,44,0.1699,228,258,2787,3826
REVO,GSM_MOVI,2026-07,2026-07-19,10,1094,87,0.0795,988,1094,11756,14432
REVO,GSM_PERS,2026-07,2026-07-19,10,798,30,0.0376,737,798,26038,37982
REVO,MOVI,2026-07,2026-07-19,10,5166,251,0.0486,4575,5166,55041,70715
ADT0,GSM_MOVI,2026-07,2026-07-19,11,1163,94,0.0808,710,1131,10561,23572
AUSO,GSM_MOVI,2026-07,2026-07-19,11,1817,266,0.1464,1621,1814,15313,21597
CVIA,GSM_MOVI,2026-07,2026-07-19,11,5481,173,0.0316,3697,826,93274,123898
CVIA,GSM_PERS,2026-07,2026-07-19,11,1137,115,0.1011,1045,1137,88499,117926
DRPW,GSM_MOVI,2026-07,2026-07-19,11,951,58,0.0610,732,951,4638,8757
DRTV,GSM_PERS,2026-07,2026-07-19,11,29,2,0.0690,28,29,5993,9590
DRTW,GSM_PERS,2026-07,2026-07-19,11,7,1,0.1429,7,7,4216,6945
MEL0,GSM_MOVI,2026-07,2026-07-19,11,541,39,0.0721,514,538,18448,23791
MEL0,GSM_PERS,2026-07,2026-07-19,11,813,56,0.0689,744,813,12514,15688
MEL0,MOVI,2026-07,2026-07-19,11,5585,231,0.0414,5173,5581,49193,67874
OEST,GSM_MOVI,2026-07,2026-07-19,11,693,111,0.1602,613,691,2787,3826
REVO,GSM_MOVI,2026-07,2026-07-19,11,6,0,0.0000,6,6,11756,14432
REVO,GSM_PERS,2026-07,2026-07-19,11,3169,116,0.0366,2721,3169,26038,37982
REVO,MOVI,2026-07,2026-07-19,11,2341,140,0.0598,2139,2341,55041,70715
ADT0,GSM_MOVI,2026-07,2026-07-19,12,5320,438,0.0823,3127,5130,10561,23572
AUSO,GSM_MOVI,2026-07,2026-07-19,12,257,44,0.1712,242,257,17218,23912
CVIA,GSM_MOVI,2026-07,2026-07-19,12,2009,66,0.0329,1540,289,81569,104749
CVIA,GSM_PERS,2026-07,2026-07-19,12,873,87,0.0997,815,873,88499,117926
DRPW,GSM_MOVI,2026-07,2026-07-19,12,216,11,0.0509,182,216,4638,8757
DRTV,GSM_PERS,2026-07,2026-07-19,12,28,3,0.1071,25,28,5993,9590
DRTW,GSM_PERS,2026-07,2026-07-19,12,18,0,0.0000,18,18,4216,6945
MEL0,GSM_MOVI,2026-07,2026-07-19,12,2211,179,0.0810,2054,2186,18448,23791
MEL0,GSM_PERS,2026-07,2026-07-19,12,1627,103,0.0633,1489,1625,12514,15688
MEL0,MOVI,2026-07,2026-07-19,12,5460,234,0.0429,5084,5456,49193,67874
OEST,GSM_MOVI,2026-07,2026-07-19,12,198,37,0.1869,185,198,2787,3826
REVO,GSM_MOVI,2026-07,2026-07-19,12,16,0,0.0000,16,16,11756,14432
REVO,GSM_PERS,2026-07,2026-07-19,12,2752,132,0.0480,2394,2752,26038,37982
REVO,MOVI,2026-07,2026-07-19,12,2375,162,0.0682,2192,2375,55041,70715
ADT0,GSM_MOVI,2026-07,2026-07-19,13,5572,450,0.0808,3383,5457,10561,23572
ADT1,GSM_MOVI,2026-07,2026-07-19,13,1,0,0.0000,1,1,322,711
AUSO,GSM_MOVI,2026-07,2026-07-19,13,19,7,0.3684,19,19,3226,3885
CVIA,GSM_PERS,2026-07,2026-07-19,13,913,75,0.0821,832,913,88499,117926
DRTV,GSM_PERS,2026-07,2026-07-19,13,15,0,0.0000,15,15,5993,9590
DRTW,GSM_PERS,2026-07,2026-07-19,13,14,0,0.0000,14,14,4216,6945
MEL0,GSM_MOVI,2026-07,2026-07-19,13,1870,148,0.0791,1730,1866,18448,23791
MEL0,GSM_PERS,2026-07,2026-07-19,13,1574,98,0.0623,1436,1574,12514,15688
MEL0,MOVI,2026-07,2026-07-19,13,4035,178,0.0441,3763,4035,49193,67874
REVO,GSM_MOVI,2026-07,2026-07-19,13,2718,161,0.0592,2266,2718,11756,14432
REVO,GSM_PERS,2026-07,2026-07-19,13,2765,106,0.0383,2442,2765,26038,37982
REVO,MOVI,2026-07,2026-07-19,13,1838,100,0.0544,1694,1838,55041,70715
ADT0,GSM_MOVI,2026-07,2026-07-19,14,387,33,0.0853,348,385,10561,23572
CVIA,GSM_PERS,2026-07,2026-07-19,14,70,8,0.1143,68,70,88499,117926
DRTV,GSM_PERS,2026-07,2026-07-19,14,2,1,0.5000,2,2,3651,6677
MEL0,GSM_MOVI,2026-07,2026-07-19,14,79,11,0.1392,78,79,18448,23791
MEL0,GSM_PERS,2026-07,2026-07-19,14,8,0,0.0000,8,8,12514,15688
REVO,GSM_PERS,2026-07,2026-07-19,14,186,7,0.0376,169,186,26038,37982
AUSO,GSM_MOVI,2026-07,2026-07-20,8,426,35,0.0822,347,426,5588,9722
AYS3,GSM_MOVI,2026-07,2026-07-20,8,27,6,0.2222,24,27,8508,12038
AYS3,GSM_PERS,2026-07,2026-07-20,8,224,26,0.1161,217,223,9253,13813
AYSA,GSM_MOVI,2026-07,2026-07-20,8,123,21,0.1707,113,123,4150,5658
AYSA,GSM_PERS,2026-07,2026-07-20,8,672,80,0.1190,649,668,2716,2855
AYSE,GSM_MOVI,2026-07,2026-07-20,8,451,98,0.2173,409,450,6247,9593
AYSE,GSM_PERS,2026-07,2026-07-20,8,567,102,0.1799,415,432,8911,13614
CVIA,GSM_MOVI,2026-07,2026-07-20,8,4022,105,0.0261,2896,2938,93274,123898
CVIA,GSM_PERS,2026-07,2026-07-20,8,947,94,0.0993,909,946,32082,48835
AUSO,GSM_MOVI,2026-07,2026-07-20,9,1107,117,0.1057,944,1106,5588,9722
AYS3,GSM_PERS,2026-07,2026-07-20,9,272,24,0.0882,269,270,9253,13813
AYS3,MOVI,2026-07,2026-07-20,9,77,2,0.0260,44,77,1845,2293
AYSA,GSM_PERS,2026-07,2026-07-20,9,57,9,0.1579,57,57,2716,2855
AYSC,MOVI,2026-07,2026-07-20,9,1280,18,0.0141,587,1261,587,1263
AYSE,GSM_PERS,2026-07,2026-07-20,9,151,22,0.1457,142,146,8911,13614
AYSE,MOVI,2026-07,2026-07-20,9,294,18,0.0612,244,294,3343,4669
CVIA,GSM_MOVI,2026-07,2026-07-20,9,7566,528,0.0698,6408,5954,93274,123898
CVIA,GSM_PERS,2026-07,2026-07-20,9,4545,597,0.1314,4287,4540,32082,48835
DRPW,GSM_MOVI,2026-07,2026-07-20,9,695,28,0.0403,487,695,4638,8757
DRTV,GSM_PERS,2026-07,2026-07-20,9,279,17,0.0609,256,279,5993,9590
DRTW,GSM_MOVI,2026-07,2026-07-20,9,903,49,0.0543,802,903,4936,6258
OEST,GSM_MOVI,2026-07,2026-07-20,9,40,1,0.0250,40,40,2787,3826
AUSO,GSM_MOVI,2026-07,2026-07-20,10,1159,144,0.1242,1004,1156,5588,9722
AYS3,GSM_PERS,2026-07,2026-07-20,10,200,12,0.0600,197,200,9253,13813
AYSA,GSM_PERS,2026-07,2026-07-20,10,43,8,0.1860,43,43,2716,2855
AYSE,GSM_PERS,2026-07,2026-07-20,10,69,10,0.1449,67,67,8911,13614
AYSE,MOVI,2026-07,2026-07-20,10,377,37,0.0981,307,375,3343,4669
CVIA,GSM_MOVI,2026-07,2026-07-20,10,3225,173,0.0536,2323,1334,93274,123898
CVIA,GSM_PERS,2026-07,2026-07-20,10,4362,623,0.1428,4112,4359,32082,48835
DRPW,GSM_MOVI,2026-07,2026-07-20,10,1026,45,0.0439,686,1023,4638,8757
DRTV,GSM_PERS,2026-07,2026-07-20,10,449,24,0.0535,409,449,5993,9590
DRTW,GSM_MOVI,2026-07,2026-07-20,10,1540,100,0.0649,1329,1539,4936,6258
DRTW,MOVI,2026-07,2026-07-20,10,422,13,0.0308,400,422,1241,1526
FIME,GSM_MOVI,2026-07,2026-07-20,10,3195,107,0.0335,3095,3195,11521,12140
MEL0,GSM_MOVI,2026-07,2026-07-20,10,239,15,0.0628,226,239,18448,23791
MEL0,MOVI,2026-07,2026-07-20,10,2561,59,0.0230,2447,2561,49193,67874
OEST,GSM_MOVI,2026-07,2026-07-20,10,175,34,0.1943,160,175,2787,3826
OEST,MOVI,2026-07,2026-07-20,10,103,3,0.0291,101,103,1478,1799
AUSO,GSM_MOVI,2026-07,2026-07-20,11,571,81,0.1419,501,570,5588,9722
AYS3,GSM_PERS,2026-07,2026-07-20,11,769,68,0.0884,743,769,9253,13813
AYS3,MOVI,2026-07,2026-07-20,11,722,7,0.0097,637,711,1806,2224
AYSA,GSM_PERS,2026-07,2026-07-20,11,1014,107,0.1055,990,1011,2716,2855
AYSE,GSM_PERS,2026-07,2026-07-20,11,254,48,0.1890,225,230,8911,13614
CVIA,GSM_MOVI,2026-07,2026-07-20,11,1714,74,0.0432,1062,411,69487,84634
CVIA,GSM_PERS,2026-07,2026-07-20,11,636,114,0.1792,624,636,32082,48835
DRPW,GSM_MOVI,2026-07,2026-07-20,11,645,31,0.0481,438,645,4638,8757
DRTV,GSM_PERS,2026-07,2026-07-20,11,2629,179,0.0681,2275,2629,5993,9590
DRTW,GSM_MOVI,2026-07,2026-07-20,11,653,41,0.0628,567,653,4936,6258
DRTW,MOVI,2026-07,2026-07-20,11,980,29,0.0296,847,979,1241,1526
FIME,GSM_MOVI,2026-07,2026-07-20,11,4570,166,0.0363,4423,4568,11521,12140
MEL0,GSM_MOVI,2026-07,2026-07-20,11,1293,84,0.0650,1201,1293,18448,23791
MEL0,MOVI,2026-07,2026-07-20,11,3157,55,0.0174,3058,3157,49193,67874
OEST,GSM_MOVI,2026-07,2026-07-20,11,90,9,0.1000,79,90,2787,3826
OEST,MOVI,2026-07,2026-07-20,11,1046,34,0.0325,909,1042,1478,1799
OEST,Sin proveedor,2026-07,2026-07-20,11,1,1,1.0000,1,1,2,2
ADT0,GSM_MOVI,2026-07,2026-07-20,12,727,70,0.0963,413,714,10561,23572
ADT1,GSM_MOVI,2026-07,2026-07-20,12,38,2,0.0526,22,38,322,711
AYS3,GSM_PERS,2026-07,2026-07-20,12,147,18,0.1224,143,147,9253,13813
AYSA,GSM_PERS,2026-07,2026-07-20,12,146,14,0.0959,144,146,2716,2855
AYSE,GSM_PERS,2026-07,2026-07-20,12,1916,174,0.0908,1493,1899,8911,13614
AYSJ,GSM_MOVI,2026-07,2026-07-20,12,89,2,0.0225,70,89,929,1296
CVIA,GSM_MOVI,2026-07,2026-07-20,12,2789,102,0.0366,1371,367,81569,104749
DRPW,GSM_MOVI,2026-07,2026-07-20,12,243,8,0.0329,155,243,4638,8757
DRTV,GSM_PERS,2026-07,2026-07-20,12,401,21,0.0524,380,401,5993,9590
DRTW,GSM_MOVI,2026-07,2026-07-20,12,241,14,0.0581,210,241,4936,6258
FIME,GSM_MOVI,2026-07,2026-07-20,12,4285,152,0.0355,4149,4282,11521,12140
MEL0,GSM_MOVI,2026-07,2026-07-20,12,602,52,0.0864,567,602,18448,23791
MEL0,GSM_PERS,2026-07,2026-07-20,12,2036,135,0.0663,1821,2033,12514,15688
MEL0,MOVI,2026-07,2026-07-20,12,2518,65,0.0258,2455,2518,49193,67874
OEST,GSM_MOVI,2026-07,2026-07-20,12,63,7,0.1111,58,63,2787,3826
OEST,GSM_PERS,2026-07,2026-07-20,12,484,81,0.1674,425,484,3013,4415
OEST,MOVI,2026-07,2026-07-20,12,572,22,0.0385,542,570,1478,1799
ADT0,GSM_MOVI,2026-07,2026-07-20,13,787,77,0.0978,406,769,10561,23572
ADT1,GSM_MOVI,2026-07,2026-07-20,13,60,2,0.0333,35,60,322,711
AYS3,GSM_MOVI,2026-07,2026-07-20,13,114,12,0.1053,111,114,8508,12038
AYS3,GSM_PERS,2026-07,2026-07-20,13,28,2,0.0714,27,28,9253,13813
AYSA,GSM_PERS,2026-07,2026-07-20,13,39,5,0.1282,38,39,2716,2855
AYSE,GSM_PERS,2026-07,2026-07-20,13,2236,193,0.0863,1717,2229,8911,13614
AYSJ,GSM_MOVI,2026-07,2026-07-20,13,123,5,0.0407,88,115,929,1296
CVIA,GSM_MOVI,2026-07,2026-07-20,13,7359,225,0.0306,3290,942,69487,84634
DRPW,GSM_MOVI,2026-07,2026-07-20,13,729,35,0.0480,456,729,4638,8757
DRTV,GSM_PERS,2026-07,2026-07-20,13,93,3,0.0323,89,93,5993,9590
DRTV,MOVI,2026-07,2026-07-20,13,781,30,0.0384,719,781,1623,1977
DRTW,GSM_MOVI,2026-07,2026-07-20,13,139,8,0.0576,126,139,4936,6258
MEL0,GSM_MOVI,2026-07,2026-07-20,13,257,28,0.1089,243,257,18448,23791
MEL0,GSM_PERS,2026-07,2026-07-20,13,1872,123,0.0657,1709,1872,12514,15688
MEL0,MOVI,2026-07,2026-07-20,13,2588,58,0.0224,2538,2588,49193,67874
OEST,GSM_MOVI,2026-07,2026-07-20,13,45,7,0.1556,42,45,2787,3826
OEST,GSM_PERS,2026-07,2026-07-20,13,907,124,0.1367,773,902,3013,4415
ADT0,GSM_MOVI,2026-07,2026-07-20,14,890,75,0.0843,490,871,10561,23572
ADT1,GSM_MOVI,2026-07,2026-07-20,14,7,0,0.0000,4,7,322,711
AYS3,GSM_MOVI,2026-07,2026-07-20,14,48,8,0.1667,46,47,8508,12038
AYS3,GSM_PERS,2026-07,2026-07-20,14,136,15,0.1103,135,136,9253,13813
AYSA,GSM_PERS,2026-07,2026-07-20,14,224,23,0.1027,223,223,2716,2855
AYSE,GSM_PERS,2026-07,2026-07-20,14,2346,226,0.0963,1845,2333,8911,13614
AYSJ,GSM_MOVI,2026-07,2026-07-20,14,148,8,0.0541,115,144,929,1296
CVIA,GSM_MOVI,2026-07,2026-07-20,14,7594,291,0.0383,4070,1311,69487,84634
DRPW,GSM_MOVI,2026-07,2026-07-20,14,304,16,0.0526,203,304,4638,8757
DRTV,GSM_PERS,2026-07,2026-07-20,14,199,18,0.0905,192,199,5993,9590
DRTV,MOVI,2026-07,2026-07-20,14,935,25,0.0267,846,935,1623,1977
DRTW,GSM_MOVI,2026-07,2026-07-20,14,142,6,0.0423,121,142,4936,6258
MEL0,GSM_MOVI,2026-07,2026-07-20,14,197,13,0.0660,185,197,18448,23791
MEL0,GSM_PERS,2026-07,2026-07-20,14,1683,115,0.0683,1581,1683,12514,15688
MEL0,MOVI,2026-07,2026-07-20,14,2510,51,0.0203,2451,2510,49193,67874
OEST,GSM_MOVI,2026-07,2026-07-20,14,36,4,0.1111,31,36,2787,3826
OEST,GSM_PERS,2026-07,2026-07-20,14,577,78,0.1352,504,576,3013,4415
ADT0,GSM_MOVI,2026-07,2026-07-20,15,826,65,0.0787,491,809,10561,23572
ADT1,GSM_MOVI,2026-07,2026-07-20,15,36,1,0.0278,21,35,322,711
AYS3,GSM_MOVI,2026-07,2026-07-20,15,66,9,0.1364,65,66,8508,12038
AYS3,GSM_PERS,2026-07,2026-07-20,15,145,24,0.1655,144,145,9253,13813
AYSA,GSM_PERS,2026-07,2026-07-20,15,305,44,0.1443,303,304,2716,2855
AYSE,GSM_PERS,2026-07,2026-07-20,15,91,22,0.2418,88,89,8911,13614
AYSJ,GSM_MOVI,2026-07,2026-07-20,15,147,9,0.0612,112,141,929,1296
CVIA,GSM_MOVI,2026-07,2026-07-20,15,7722,279,0.0361,4259,1387,81569,104749
DRPW,GSM_MOVI,2026-07,2026-07-20,15,272,10,0.0368,171,272,4638,8757
DRTV,GSM_PERS,2026-07,2026-07-20,15,552,30,0.0543,513,552,5993,9590
DRTW,GSM_MOVI,2026-07,2026-07-20,15,162,13,0.0802,136,162,4936,6258
MEL0,GSM_MOVI,2026-07,2026-07-20,15,192,18,0.0938,183,192,18448,23791
MEL0,GSM_PERS,2026-07,2026-07-20,15,4016,291,0.0725,3691,4015,12514,15688
MEL0,MOVI,2026-07,2026-07-20,15,894,26,0.0291,882,894,49193,67874
OEST,GSM_MOVI,2026-07,2026-07-20,15,88,21,0.2386,81,88,2787,3826
OEST,Sin proveedor,2026-07,2026-07-20,15,2,2,1.0000,2,2,11,11
ADT0,GSM_MOVI,2026-07,2026-07-20,16,723,63,0.0871,442,714,10561,23572
ADT1,GSM_MOVI,2026-07,2026-07-20,16,35,0,0.0000,21,35,322,711
AYS3,GSM_MOVI,2026-07,2026-07-20,16,111,20,0.1802,106,111,8508,12038
AYSJ,GSM_MOVI,2026-07,2026-07-20,16,123,6,0.0488,93,120,929,1296
CVIA,GSM_MOVI,2026-07,2026-07-20,16,7721,256,0.0332,3901,1110,81569,104749
DRPW,GSM_MOVI,2026-07,2026-07-20,16,689,40,0.0581,435,689,4638,8757
DRTW,GSM_MOVI,2026-07,2026-07-20,16,213,16,0.0751,192,213,4936,6258
MEL0,GSM_MOVI,2026-07,2026-07-20,16,301,26,0.0864,282,301,18448,23791
OEST,GSM_MOVI,2026-07,2026-07-20,16,48,6,0.1250,45,48,2787,3826
ADT0,GSM_MOVI,2026-07,2026-07-20,17,830,53,0.0639,448,806,10561,23572
ADT1,GSM_MOVI,2026-07,2026-07-20,17,52,1,0.0192,29,52,322,711
AYS3,GSM_MOVI,2026-07,2026-07-20,17,135,17,0.1259,132,134,8508,12038
AYSJ,GSM_MOVI,2026-07,2026-07-20,17,131,4,0.0305,96,123,929,1296
CVIA,GSM_MOVI,2026-07,2026-07-20,17,7919,216,0.0273,3535,702,69487,84634
DRPW,GSM_MOVI,2026-07,2026-07-20,17,954,44,0.0461,564,954,4638,8757
DRTW,GSM_MOVI,2026-07,2026-07-20,17,178,16,0.0899,160,178,4936,6258
MEL0,GSM_MOVI,2026-07,2026-07-20,17,276,29,0.1051,251,276,18448,23791
OEST,GSM_MOVI,2026-07,2026-07-20,17,13,3,0.2308,13,13,2787,3826
ADT0,GSM_MOVI,2026-07,2026-07-20,18,992,76,0.0766,545,964,10561,23572
ADT1,GSM_MOVI,2026-07,2026-07-20,18,33,1,0.0303,16,33,322,711
AYS3,GSM_MOVI,2026-07,2026-07-20,18,86,13,0.1512,82,86,8508,12038
AYSJ,GSM_MOVI,2026-07,2026-07-20,18,236,5,0.0212,178,234,929,1296
CVIA,GSM_MOVI,2026-07,2026-07-20,18,8455,280,0.0331,3885,906,69487,84634
DRPW,GSM_MOVI,2026-07,2026-07-20,18,1223,61,0.0499,780,1220,4638,8757
DRTW,GSM_MOVI,2026-07,2026-07-20,18,154,13,0.0844,134,154,4936,6258
MEL0,GSM_MOVI,2026-07,2026-07-20,18,227,24,0.1057,213,227,18448,23791
OEST,GSM_MOVI,2026-07,2026-07-20,18,100,15,0.1500,94,99,2787,3826
ADT0,GSM_MOVI,2026-07,2026-07-20,19,976,98,0.1004,544,969,10561,23572
ADT1,GSM_MOVI,2026-07,2026-07-20,19,46,1,0.0217,27,46,322,711
AYS3,GSM_MOVI,2026-07,2026-07-20,19,144,20,0.1389,140,143,8508,12038
AYSJ,GSM_MOVI,2026-07,2026-07-20,19,140,1,0.0071,96,132,929,1296
CVIA,GSM_MOVI,2026-07,2026-07-20,19,8078,281,0.0348,3793,864,69487,84634
DRPW,GSM_MOVI,2026-07,2026-07-20,19,1414,62,0.0438,884,1414,4638,8757
DRTW,GSM_MOVI,2026-07,2026-07-20,19,165,8,0.0485,145,165,4936,6258
MEL0,GSM_MOVI,2026-07,2026-07-20,19,256,27,0.1055,235,256,18448,23791
OEST,GSM_MOVI,2026-07,2026-07-20,19,239,35,0.1464,215,238,2787,3826
ADT0,GSM_MOVI,2026-07,2026-07-20,20,2876,245,0.0852,1696,2812,10561,23572
ADT1,GSM_MOVI,2026-07,2026-07-20,20,107,10,0.0935,53,107,322,711
AYS3,GSM_MOVI,2026-07,2026-07-20,20,247,26,0.1053,242,247,8508,12038
AYSJ,GSM_MOVI,2026-07,2026-07-20,20,770,27,0.0351,519,671,929,1296
CVIA,GSM_MOVI,2026-07,2026-07-20,20,4925,157,0.0319,2373,546,69487,84634
DRPW,GSM_MOVI,2026-07,2026-07-20,20,506,33,0.0652,305,502,4638,8757
DRTW,GSM_MOVI,2026-07,2026-07-20,20,779,78,0.1001,695,779,4936,6258
MEL0,GSM_MOVI,2026-07,2026-07-20,20,750,77,0.1027,717,750,18448,23791
OEST,GSM_MOVI,2026-07,2026-07-20,20,117,12,0.1026,103,117,2787,3826
MEL0,MOVI,2026-07,2026-07-20,21,1898,140,0.0738,1862,1898,49193,67874
AUSO,Sin proveedor,2026-07,2026-07-21,11,2,2,1.0000,2,2,5,5
DRTV,Sin proveedor,2026-07,2026-07-21,11,1,1,1.0000,1,1,6,7
DRTW,Sin proveedor,2026-07,2026-07-21,13,1,1,1.0000,1,1,2,2
DRTV,Sin proveedor,2026-07,2026-07-21,14,2,2,1.0000,2,2,7,8
OEST,Sin proveedor,2026-07,2026-07-21,14,1,1,1.0000,1,1,3,3
AUSO,Sin proveedor,2026-07,2026-07-21,17,1,1,1.0000,1,1,1,1
OEST,Sin proveedor,2026-07,2026-07-22,9,1,1,1.0000,1,1,7,7
OEST,Sin proveedor,2026-07,2026-07-22,11,1,1,1.0000,1,1,3,3
AUSO,Sin proveedor,2026-07,2026-07-23,11,1,1,1.0000,1,1,1,1
AUSO,GSM_MOVI,2026-07,2026-07-23,21,6,1,0.1667,6,6,5854,7246
CVIA,GSM_MOVI,2026-07,2026-07-23,21,16,1,0.0625,14,10,34815,27966
ADT0,GSM_MOVI,2026-07,2026-07-24,8,269,21,0.0781,232,267,8562,19381
AUSO,GSM_MOVI,2026-07,2026-07-24,8,860,120,0.1395,804,858,16905,23877
AYS3,GSM_MOVI,2026-07,2026-07-24,8,37,5,0.1351,34,37,8508,12038
AYS3,GSM_PERS,2026-07,2026-07-24,8,245,15,0.0612,238,245,9253,13813
AYSA,GSM_MOVI,2026-07,2026-07-24,8,120,30,0.2500,110,120,4150,5658
AYSA,GSM_PERS,2026-07,2026-07-24,8,729,86,0.1180,708,725,2716,2855
AYSE,GSM_MOVI,2026-07,2026-07-24,8,390,80,0.2051,357,388,6103,9380
AYSE,GSM_PERS,2026-07,2026-07-24,8,585,73,0.1248,394,408,8415,13070
CVIA,GSM_MOVI,2026-07,2026-07-24,8,2086,96,0.0460,1792,1236,93274,123898
CVIA,GSM_PERS,2026-07,2026-07-24,8,926,138,0.1490,862,925,32082,48835
DRPW,GSM_MOVI,2026-07,2026-07-24,8,409,11,0.0269,330,409,4638,8757
MEL0,GSM_MOVI,2026-07,2026-07-24,8,51,4,0.0784,50,51,18448,23791
OEST,GSM_MOVI,2026-07,2026-07-24,8,354,42,0.1186,341,354,8886,11054
ADT0,GSM_MOVI,2026-07,2026-07-24,9,242,26,0.1074,208,241,8562,19381
AUSO,GSM_MOVI,2026-07,2026-07-24,9,1510,221,0.1464,1339,1508,16905,23877
AYS3,GSM_PERS,2026-07,2026-07-24,9,316,33,0.1044,309,315,9253,13813
AYS3,MOVI,2026-07,2026-07-24,9,77,5,0.0649,44,77,1845,2293
AYSA,GSM_PERS,2026-07,2026-07-24,9,76,14,0.1842,74,76,2716,2855
AYSC,MOVI,2026-07,2026-07-24,9,1282,38,0.0296,587,1263,587,1263
AYSE,GSM_PERS,2026-07,2026-07-24,9,77,8,0.1039,73,74,8415,13070
CVIA,GSM_MOVI,2026-07,2026-07-24,9,5376,513,0.0954,4738,4304,93274,123898
CVIA,GSM_PERS,2026-07,2026-07-24,9,4513,698,0.1547,4212,4507,32082,48835
DRPW,GSM_MOVI,2026-07,2026-07-24,9,1972,70,0.0355,1318,1902,4638,8757
DRTV,GSM_PERS,2026-07,2026-07-24,9,303,20,0.0660,278,303,5993,9590
MEL0,GSM_MOVI,2026-07,2026-07-24,9,115,8,0.0696,113,115,18448,23791
OEST,GSM_MOVI,2026-07,2026-07-24,9,247,37,0.1498,228,247,11524,14681
ADT0,GSM_MOVI,2026-07,2026-07-24,10,135,15,0.1111,122,135,8562,19381
AUSO,GSM_MOVI,2026-07,2026-07-24,10,1293,224,0.1732,1140,1292,16905,23877
AYS3,GSM_PERS,2026-07,2026-07-24,10,144,13,0.0903,139,144,9253,13813
AYS3,MOVI,2026-07,2026-07-24,10,343,12,0.0350,333,341,1806,2224
AYSA,GSM_PERS,2026-07,2026-07-24,10,33,4,0.1212,33,33,2716,2855
AYSE,GSM_PERS,2026-07,2026-07-24,10,32,9,0.2813,31,32,8415,13070
CVIA,GSM_MOVI,2026-07,2026-07-24,10,2874,358,0.1246,2663,2332,93274,123898
CVIA,GSM_PERS,2026-07,2026-07-24,10,4327,774,0.1789,4067,4324,32082,48835
CVIA,MOVI,2026-07,2026-07-24,10,270,55,0.2037,266,270,6938,8205
DRPW,GSM_MOVI,2026-07,2026-07-24,10,1999,71,0.0355,1383,1941,4638,8757
DRTV,GSM_PERS,2026-07,2026-07-24,10,507,34,0.0671,453,507,5993,9590
DRTV,MOVI,2026-07,2026-07-24,10,324,32,0.0988,315,324,1623,1977
DRTW,MOVI,2026-07,2026-07-24,10,222,11,0.0495,218,222,1241,1526
FIME,GSM_MOVI,2026-07,2026-07-24,10,2250,77,0.0342,2196,2250,11521,12140
MEL0,GSM_MOVI,2026-07,2026-07-24,10,517,48,0.0928,485,512,18448,23791
MEL0,MOVI,2026-07,2026-07-24,10,584,39,0.0668,581,584,49193,67874
OEST,GSM_MOVI,2026-07,2026-07-24,10,376,59,0.1569,345,374,11673,14880
ADT0,GSM_MOVI,2026-07,2026-07-24,11,86,9,0.1047,78,86,8562,19381
AUSO,GSM_MOVI,2026-07,2026-07-24,11,1200,249,0.2075,1048,1198,16905,23877
AYS3,GSM_PERS,2026-07,2026-07-24,11,249,23,0.0924,244,248,9253,13813
AYS3,MOVI,2026-07,2026-07-24,11,553,24,0.0434,525,546,1806,2224
AYSA,GSM_PERS,2026-07,2026-07-24,11,397,37,0.0932,392,397,2716,2855
AYSE,GSM_PERS,2026-07,2026-07-24,11,52,11,0.2115,50,52,8415,13070
CVIA,GSM_MOVI,2026-07,2026-07-24,11,1136,141,0.1241,1058,857,93274,123898
CVIA,GSM_PERS,2026-07,2026-07-24,11,3365,638,0.1896,3177,3361,32082,48835
CVIA,MOVI,2026-07,2026-07-24,11,422,85,0.2014,420,422,6938,8205
DRPW,GSM_MOVI,2026-07,2026-07-24,11,1965,85,0.0433,1370,1921,4638,8757
DRTV,GSM_PERS,2026-07,2026-07-24,11,988,75,0.0759,886,988,5993,9590
DRTV,MOVI,2026-07,2026-07-24,11,281,28,0.0996,277,281,1623,1977
DRTW,MOVI,2026-07,2026-07-24,11,184,10,0.0543,178,184,1241,1526
FIME,GSM_MOVI,2026-07,2026-07-24,11,2875,113,0.0393,2801,2875,11521,12140
MEL0,GSM_MOVI,2026-07,2026-07-24,11,1846,159,0.0861,1692,1843,18448,23791
MEL0,MOVI,2026-07,2026-07-24,11,1234,89,0.0721,1224,1234,49193,67874
OEST,GSM_MOVI,2026-07,2026-07-24,11,276,60,0.2174,258,275,11537,14698
ADT0,GSM_MOVI,2026-07,2026-07-24,12,844,93,0.1102,569,829,10561,23572
ADT1,GSM_MOVI,2026-07,2026-07-24,12,37,1,0.0270,20,37,322,711
AUSO,GSM_MOVI,2026-07,2026-07-24,12,202,35,0.1733,196,202,16575,23433
AYS3,GSM_MOVI,2026-07,2026-07-24,12,46,7,0.1522,46,46,8508,12038
AYS3,GSM_PERS,2026-07,2026-07-24,12,142,15,0.1056,139,142,9253,13813
AYS3,MOVI,2026-07,2026-07-24,12,250,11,0.0440,244,249,1806,2224
AYSA,GSM_PERS,2026-07,2026-07-24,12,186,28,0.1505,182,186,2716,2855
AYSE,GSM_PERS,2026-07,2026-07-24,12,1927,209,0.1085,1508,1922,10873,16991
AYSJ,GSM_MOVI,2026-07,2026-07-24,12,142,8,0.0563,116,142,929,1296
CVIA,GSM_MOVI,2026-07,2026-07-24,12,1391,193,0.1387,1315,1153,93274,123898
CVIA,MOVI,2026-07,2026-07-24,12,384,81,0.2109,381,384,6938,8205
DRPW,GSM_MOVI,2026-07,2026-07-24,12,2053,81,0.0395,1489,2038,4638,8757
DRTV,GSM_PERS,2026-07,2026-07-24,12,497,36,0.0724,445,496,5993,9590
DRTV,MOVI,2026-07,2026-07-24,12,256,15,0.0586,250,256,1623,1977
DRTW,MOVI,2026-07,2026-07-24,12,198,19,0.0960,193,198,1241,1526
FIME,GSM_MOVI,2026-07,2026-07-24,12,3511,139,0.0396,3426,3509,11521,12140
MEL0,GSM_MOVI,2026-07,2026-07-24,12,911,91,0.0999,852,908,18448,23791
MEL0,GSM_PERS,2026-07,2026-07-24,12,2102,128,0.0609,1890,2101,12514,15688
MEL0,MOVI,2026-07,2026-07-24,12,1234,99,0.0802,1222,1234,49193,67874
OEST,GSM_MOVI,2026-07,2026-07-24,12,303,64,0.2112,277,303,11524,14681
OEST,GSM_PERS,2026-07,2026-07-24,12,450,81,0.1800,409,449,3013,4415
ADT0,GSM_MOVI,2026-07,2026-07-24,13,1222,114,0.0933,791,1196,10561,23572
ADT1,GSM_MOVI,2026-07,2026-07-24,13,58,5,0.0862,42,57,322,711
AUSO,GSM_MOVI,2026-07,2026-07-24,13,243,54,0.2222,234,243,11317,14155
AYS3,GSM_MOVI,2026-07,2026-07-24,13,109,13,0.1193,108,109,8508,12038
AYS3,GSM_PERS,2026-07,2026-07-24,13,49,7,0.1429,49,49,9253,13813
AYSA,GSM_PERS,2026-07,2026-07-24,13,62,5,0.0806,62,62,2716,2855
AYSE,GSM_PERS,2026-07,2026-07-24,13,2644,284,0.1074,2076,2639,10873,16991
AYSE,MOVI,2026-07,2026-07-24,13,203,52,0.2562,188,203,3694,5060
AYSJ,GSM_MOVI,2026-07,2026-07-24,13,285,10,0.0351,230,264,929,1296
CVIA,GSM_MOVI,2026-07,2026-07-24,13,1374,173,0.1259,1250,1004,93274,123898
CVIA,MOVI,2026-07,2026-07-24,13,364,86,0.2363,357,364,6938,8205
DRPW,GSM_MOVI,2026-07,2026-07-24,13,1597,59,0.0369,1186,1577,4638,8757
DRTV,GSM_PERS,2026-07,2026-07-24,13,631,47,0.0745,584,631,5993,9590
DRTV,MOVI,2026-07,2026-07-24,13,280,23,0.0821,271,280,1623,1977
DRTW,MOVI,2026-07,2026-07-24,13,193,11,0.0570,186,193,1241,1526
FIME,GSM_MOVI,2026-07,2026-07-24,13,3414,164,0.0480,3332,3413,11521,12140
MEL0,GSM_MOVI,2026-07,2026-07-24,13,818,92,0.1125,768,816,18448,23791
MEL0,GSM_PERS,2026-07,2026-07-24,13,1331,107,0.0804,1252,1330,12514,15688
MEL0,MOVI,2026-07,2026-07-24,13,1284,78,0.0607,1270,1284,49193,67874
OEST,GSM_MOVI,2026-07,2026-07-24,13,351,75,0.2137,332,349,11537,14698
OEST,GSM_PERS,2026-07,2026-07-24,13,504,98,0.1944,448,504,3013,4415
ADT0,GSM_MOVI,2026-07,2026-07-24,14,5004,425,0.0849,2917,4895,10561,23572
ADT1,GSM_MOVI,2026-07,2026-07-24,14,274,9,0.0328,158,266,322,711
AYS3,GSM_MOVI,2026-07,2026-07-24,14,766,112,0.1462,740,763,8508,12038
AYS3,GSM_PERS,2026-07,2026-07-24,14,94,7,0.0745,93,94,9253,13813
AYSA,GSM_PERS,2026-07,2026-07-24,14,93,11,0.1183,92,93,2716,2855
AYSE,GSM_PERS,2026-07,2026-07-24,14,2577,292,0.1133,2045,2573,10873,16991
AYSE,MOVI,2026-07,2026-07-24,14,151,37,0.2450,137,151,3694,5060
AYSJ,GSM_MOVI,2026-07,2026-07-24,14,1164,53,0.0455,684,888,929,1296
CVIA,MOVI,2026-07,2026-07-24,14,399,87,0.2180,395,399,6938,8205
DRTV,GSM_PERS,2026-07,2026-07-24,14,951,84,0.0883,877,951,5993,9590
DRTV,MOVI,2026-07,2026-07-24,14,257,16,0.0623,248,257,1623,1977
DRTW,MOVI,2026-07,2026-07-24,14,190,10,0.0526,188,190,1241,1526
MEL0,GSM_MOVI,2026-07,2026-07-24,14,1986,209,0.1052,1823,1986,18448,23791
MEL0,GSM_PERS,2026-07,2026-07-24,14,946,71,0.0751,899,946,12514,15688
MEL0,MOVI,2026-07,2026-07-24,14,1259,72,0.0572,1243,1259,49193,67874
OEST,GSM_PERS,2026-07,2026-07-24,14,505,91,0.1802,461,505,3013,4415
ADT0,GSM_MOVI,2026-07,2026-07-24,15,4264,338,0.0793,2644,4175,10561,23572
ADT1,GSM_MOVI,2026-07,2026-07-24,15,179,14,0.0782,114,173,322,711
AYS3,GSM_MOVI,2026-07,2026-07-24,15,346,46,0.1329,336,344,8508,12038
AYS3,GSM_PERS,2026-07,2026-07-24,15,356,41,0.1152,355,356,9253,13813
AYSA,GSM_PERS,2026-07,2026-07-24,15,465,45,0.0968,458,461,2716,2855
AYSE,GSM_PERS,2026-07,2026-07-24,15,514,52,0.1012,467,512,10873,16991
AYSE,MOVI,2026-07,2026-07-24,15,42,11,0.2619,42,42,3694,5060
AYSJ,GSM_MOVI,2026-07,2026-07-24,15,1013,48,0.0474,645,812,929,1296
CVIA,MOVI,2026-07,2026-07-24,15,383,89,0.2324,377,383,6938,8205
DRTV,GSM_PERS,2026-07,2026-07-24,15,966,58,0.0600,889,966,5993,9590
DRTV,MOVI,2026-07,2026-07-24,15,250,24,0.0960,244,250,1623,1977
DRTW,MOVI,2026-07,2026-07-24,15,217,13,0.0599,211,217,1241,1526
MEL0,GSM_MOVI,2026-07,2026-07-24,15,2519,259,0.1028,2287,2518,18448,23791
MEL0,GSM_PERS,2026-07,2026-07-24,15,2793,197,0.0705,2631,2793,12514,15688
MEL0,MOVI,2026-07,2026-07-24,15,1231,70,0.0569,1226,1231,49193,67874
OEST,GSM_PERS,2026-07,2026-07-24,15,134,24,0.1791,124,134,3013,4415
AYS3,GSM_PERS,2026-07,2026-07-24,16,289,29,0.1003,285,289,9253,13813
AYSA,GSM_PERS,2026-07,2026-07-24,16,397,39,0.0982,391,393,2716,2855
AYSE,GSM_PERS,2026-07,2026-07-24,16,115,28,0.2435,107,108,8415,13070
AYSE,MOVI,2026-07,2026-07-24,16,254,65,0.2559,220,254,3694,5060
CVIA,GSM_MOVI,2026-07,2026-07-24,16,3748,487,0.1299,3015,3744,35988,59285
CVIA,MOVI,2026-07,2026-07-24,16,409,84,0.2054,399,409,6938,8205
DRTV,MOVI,2026-07,2026-07-24,16,102,7,0.0686,101,102,1623,1977
DRTW,MOVI,2026-07,2026-07-24,16,67,3,0.0448,66,67,1241,1526
MEL0,GSM_PERS,2026-07,2026-07-24,16,2506,177,0.0706,2355,2506,12514,15688
MEL0,MOVI,2026-07,2026-07-24,16,1269,93,0.0733,1258,1269,49193,67874
AYSE,MOVI,2026-07,2026-07-24,17,55,13,0.2364,54,55,3694,5060
CVIA,GSM_MOVI,2026-07,2026-07-24,17,8073,946,0.1172,6521,7203,81386,104405
CVIA,GSM_PERS,2026-07,2026-07-24,17,3217,190,0.0591,2611,3214,44096,48279
CVIA,MOVI,2026-07,2026-07-24,17,425,101,0.2376,418,425,13840,16489
MEL0,MOVI,2026-07,2026-07-24,17,1232,100,0.0812,1223,1232,49193,67874
CVIA,GSM_MOVI,2026-07,2026-07-24,18,10112,1063,0.1051,8324,8560,81386,104405
CVIA,GSM_PERS,2026-07,2026-07-24,18,5082,332,0.0653,4082,5071,44096,48279
CVIA,MOVI,2026-07,2026-07-24,18,440,81,0.1841,435,440,13840,16489
MEL0,MOVI,2026-07,2026-07-24,18,1273,95,0.0746,1265,1273,49193,67874
CVIA,GSM_MOVI,2026-07,2026-07-24,19,10130,1078,0.1064,8422,8644,81386,104405
CVIA,GSM_PERS,2026-07,2026-07-24,19,5141,269,0.0523,4275,5129,44096,48279
CVIA,MOVI,2026-07,2026-07-24,19,440,99,0.2250,432,440,6938,8205
MEL0,MOVI,2026-07,2026-07-24,19,1278,123,0.0962,1263,1278,49193,67874
CVIA,GSM_MOVI,2026-07,2026-07-24,20,11037,651,0.0590,10244,6104,81386,104405
CVIA,GSM_PERS,2026-07,2026-07-24,20,4873,303,0.0622,4119,4856,44096,48279
CVIA,MOVI,2026-07,2026-07-24,20,447,95,0.2125,442,447,6938,8205
MEL0,MOVI,2026-07,2026-07-24,20,1261,87,0.0690,1250,1261,49193,67874
CVIA,GSM_MOVI,2026-07,2026-07-24,21,15,0,0.0000,15,6,34815,27966
CVIA,GSM_PERS,2026-07,2026-07-24,21,21,2,0.0952,20,21,44096,48279
MEL0,MOVI,2026-07,2026-07-24,21,7714,609,0.0789,7184,7714,49193,67874
MEL0,MOVI,2026-07,2026-07-24,22,40,5,0.1250,40,40,49193,67874
CVIA,GSM_MOVI,2026-07,2026-07-25,8,5241,238,0.0454,3452,1944,93274,123898
CVIA,GSM_PERS,2026-07,2026-07-25,8,2393,144,0.0602,2185,2393,66428,82054
REVO,GSM_PERS,2026-07,2026-07-25,8,16,2,0.1250,16,16,8028,9136
AUSO,GSM_MOVI,2026-07,2026-07-25,9,1541,207,0.1343,1365,1535,3226,3885
CVIA,GSM_MOVI,2026-07,2026-07-25,9,4658,271,0.0582,3926,2834,93274,123898
CVIA,GSM_PERS,2026-07,2026-07-25,9,4644,450,0.0969,4359,4641,66428,82054
DRPW,GSM_MOVI,2026-07,2026-07-25,9,246,6,0.0244,178,246,4638,8757
DRTV,GSM_PERS,2026-07,2026-07-25,9,227,10,0.0441,210,227,5993,9590
DRTW,GSM_PERS,2026-07,2026-07-25,9,231,19,0.0823,213,231,4216,6945
MEL0,MOVI,2026-07,2026-07-25,9,165,8,0.0485,165,165,49193,67874
OEST,GSM_MOVI,2026-07,2026-07-25,9,3650,319,0.0874,3281,3649,11196,13807
REVO,MOVI,2026-07,2026-07-25,9,1530,128,0.0837,1512,1529,55041,70715
AUSO,GSM_MOVI,2026-07,2026-07-25,10,1377,202,0.1467,1264,1374,3226,3885
CVIA,GSM_MOVI,2026-07,2026-07-25,10,3345,184,0.0550,2637,1549,93274,123898
CVIA,GSM_PERS,2026-07,2026-07-25,10,4229,451,0.1066,3971,4226,66428,82054
DRPW,GSM_MOVI,2026-07,2026-07-25,10,249,10,0.0402,195,249,4638,8757
DRTV,GSM_PERS,2026-07,2026-07-25,10,427,23,0.0539,397,427,5993,9590
DRTW,GSM_PERS,2026-07,2026-07-25,10,328,24,0.0732,295,328,4216,6945
FIME,GSM_MOVI,2026-07,2026-07-25,10,1741,61,0.0350,1699,1741,11521,12140
MEL0,GSM_MOVI,2026-07,2026-07-25,10,324,18,0.0556,311,324,18448,23791
MEL0,MOVI,2026-07,2026-07-25,10,592,32,0.0541,586,590,49193,67874
OEST,GSM_MOVI,2026-07,2026-07-25,10,2906,341,0.1173,2636,2894,11196,13807
REVO,MOVI,2026-07,2026-07-25,10,1079,101,0.0936,1067,1079,55041,70715
AUSO,GSM_MOVI,2026-07,2026-07-25,11,196,33,0.1684,186,196,3226,3885
CVIA,GSM_MOVI,2026-07,2026-07-25,11,2907,173,0.0595,2258,1066,93274,123898
CVIA,GSM_PERS,2026-07,2026-07-25,11,1232,143,0.1161,1185,1232,66428,82054
DRPW,GSM_MOVI,2026-07,2026-07-25,11,215,6,0.0279,161,215,4638,8757
DRTV,GSM_PERS,2026-07,2026-07-25,11,442,27,0.0611,407,442,5993,9590
DRTW,GSM_PERS,2026-07,2026-07-25,11,343,25,0.0729,316,342,4216,6945
FIME,GSM_MOVI,2026-07,2026-07-25,11,2776,97,0.0349,2711,2774,11521,12140
MEL0,GSM_MOVI,2026-07,2026-07-25,11,1746,108,0.0619,1604,1746,18448,23791
MEL0,MOVI,2026-07,2026-07-25,11,1219,64,0.0525,1202,1214,49193,67874
OEST,GSM_MOVI,2026-07,2026-07-25,11,2395,324,0.1353,2193,2395,11196,13807
REVO,GSM_PERS,2026-07,2026-07-25,11,3123,132,0.0423,2692,3123,26038,37982
REVO,MOVI,2026-07,2026-07-25,11,470,47,0.1000,466,470,55041,70715
ADT0,GSM_MOVI,2026-07,2026-07-25,12,849,61,0.0718,547,830,10561,23572
ADT1,GSM_MOVI,2026-07,2026-07-25,12,50,0,0.0000,33,48,322,711
AUSO,GSM_MOVI,2026-07,2026-07-25,12,435,54,0.1241,400,435,11630,14190
AUSO,GSM_PERS,2026-07,2026-07-25,12,443,45,0.1016,399,440,4135,5163
CVIA,GSM_MOVI,2026-07,2026-07-25,12,2471,149,0.0603,1867,854,93274,123898
CVIA,GSM_PERS,2026-07,2026-07-25,12,430,55,0.1279,422,430,32082,48835
DRPW,GSM_MOVI,2026-07,2026-07-25,12,219,11,0.0502,162,219,4638,8757
DRTV,GSM_PERS,2026-07,2026-07-25,12,258,17,0.0659,235,258,5993,9590
DRTW,GSM_PERS,2026-07,2026-07-25,12,200,13,0.0650,185,200,4216,6945
FIME,GSM_MOVI,2026-07,2026-07-25,12,3299,146,0.0443,3222,3297,11521,12140
MEL0,GSM_MOVI,2026-07,2026-07-25,12,1003,75,0.0748,939,1003,18448,23791
MEL0,GSM_PERS,2026-07,2026-07-25,12,1461,105,0.0719,1336,1460,12514,15688
MEL0,MOVI,2026-07,2026-07-25,12,1278,75,0.0587,1259,1277,49193,67874
OEST,GSM_MOVI,2026-07,2026-07-25,12,1881,252,0.1340,1749,1879,11196,13807
REVO,GSM_PERS,2026-07,2026-07-25,12,2367,101,0.0427,2069,2367,26038,37982
REVO,MOVI,2026-07,2026-07-25,12,449,37,0.0824,445,449,55041,70715
ADT0,GSM_MOVI,2026-07,2026-07-25,13,1082,56,0.0518,688,1065,10561,23572
ADT1,GSM_MOVI,2026-07,2026-07-25,13,84,2,0.0238,50,81,322,711
AUSO,GSM_MOVI,2026-07,2026-07-25,13,479,58,0.1211,449,479,11630,14190
AUSO,GSM_PERS,2026-07,2026-07-25,13,553,51,0.0922,490,536,4135,5163
CVIA,GSM_MOVI,2026-07,2026-07-25,13,2904,193,0.0665,2207,1240,93274,123898
CVIA,GSM_PERS,2026-07,2026-07-25,13,319,30,0.0940,315,319,32082,48835
DRPW,GSM_MOVI,2026-07,2026-07-25,13,248,9,0.0363,175,248,4638,8757
DRTV,GSM_PERS,2026-07,2026-07-25,13,212,11,0.0519,197,212,5993,9590
DRTW,GSM_PERS,2026-07,2026-07-25,13,156,9,0.0577,138,156,4216,6945
FIME,GSM_MOVI,2026-07,2026-07-25,13,3491,142,0.0407,3411,3488,11521,12140
MEL0,GSM_MOVI,2026-07,2026-07-25,13,707,56,0.0792,663,707,18448,23791
MEL0,GSM_PERS,2026-07,2026-07-25,13,1692,68,0.0402,1544,1692,12514,15688
MEL0,MOVI,2026-07,2026-07-25,13,1166,53,0.0455,1152,1164,49193,67874
OEST,GSM_MOVI,2026-07,2026-07-25,13,1306,163,0.1248,1234,1306,8187,10036
REVO,GSM_PERS,2026-07,2026-07-25,13,2297,72,0.0313,2048,2297,26038,37982
REVO,MOVI,2026-07,2026-07-25,13,496,42,0.0847,492,496,55041,70715
ADT0,GSM_MOVI,2026-07,2026-07-25,14,1062,64,0.0603,709,1046,10561,23572
ADT1,GSM_MOVI,2026-07,2026-07-25,14,52,0,0.0000,35,52,322,711
AUSO,GSM_MOVI,2026-07,2026-07-25,14,554,62,0.1119,501,554,11630,14190
AUSO,GSM_PERS,2026-07,2026-07-25,14,514,40,0.0778,459,500,4113,5136
CVIA,GSM_MOVI,2026-07,2026-07-25,14,6230,283,0.0454,3899,1264,93274,123898
CVIA,GSM_PERS,2026-07,2026-07-25,14,443,44,0.0993,430,443,32082,48835
DRPW,GSM_MOVI,2026-07,2026-07-25,14,1095,46,0.0420,740,1095,4638,8757
DRTV,GSM_PERS,2026-07,2026-07-25,14,220,6,0.0273,199,220,5993,9590
DRTW,GSM_PERS,2026-07,2026-07-25,14,150,7,0.0467,133,150,4216,6945
FIME,GSM_MOVI,2026-07,2026-07-25,14,743,36,0.0485,733,743,11521,12140
MEL0,GSM_MOVI,2026-07,2026-07-25,14,618,45,0.0728,587,618,18448,23791
MEL0,GSM_PERS,2026-07,2026-07-25,14,1162,43,0.0370,1082,1162,12514,15688
MEL0,MOVI,2026-07,2026-07-25,14,1110,67,0.0604,1096,1108,49193,67874
OEST,GSM_MOVI,2026-07,2026-07-25,14,322,42,0.1304,313,322,8187,10036
REVO,GSM_MOVI,2026-07,2026-07-25,14,2,0,0.0000,2,2,11756,14432
REVO,GSM_PERS,2026-07,2026-07-25,14,2652,77,0.0290,2377,2650,26038,37982
REVO,MOVI,2026-07,2026-07-25,14,598,57,0.0953,591,598,55041,70715
ADT0,GSM_MOVI,2026-07,2026-07-25,15,1008,52,0.0516,630,1001,10561,23572
ADT1,GSM_MOVI,2026-07,2026-07-25,15,100,4,0.0400,63,98,322,711
AUSO,GSM_MOVI,2026-07,2026-07-25,15,949,120,0.1264,866,948,11630,14190
AUSO,GSM_PERS,2026-07,2026-07-25,15,521,44,0.0845,478,513,4135,5163
CVIA,GSM_MOVI,2026-07,2026-07-25,15,7676,354,0.0461,4811,1608,69487,84634
CVIA,GSM_PERS,2026-07,2026-07-25,15,615,55,0.0894,596,615,32082,48835
DRPW,GSM_MOVI,2026-07,2026-07-25,15,533,18,0.0338,347,533,4638,8757
DRTV,GSM_PERS,2026-07,2026-07-25,15,149,6,0.0403,134,149,5993,9590
DRTW,GSM_PERS,2026-07,2026-07-25,15,137,10,0.0730,125,137,4216,6945
MEL0,GSM_MOVI,2026-07,2026-07-25,15,590,39,0.0661,541,590,18448,23791
MEL0,GSM_PERS,2026-07,2026-07-25,15,419,22,0.0525,394,419,12514,15688
MEL0,MOVI,2026-07,2026-07-25,15,4508,233,0.0517,4151,4445,49193,67874
REVO,GSM_PERS,2026-07,2026-07-25,15,3135,95,0.0303,2819,3135,26038,37982
REVO,MOVI,2026-07,2026-07-25,15,2960,236,0.0797,2718,2959,55041,70715
ADT0,GSM_MOVI,2026-07,2026-07-25,16,920,56,0.0609,598,902,10561,23572
ADT1,GSM_MOVI,2026-07,2026-07-25,16,24,0,0.0000,16,24,322,711
AUSO,GSM_MOVI,2026-07,2026-07-25,16,597,68,0.1139,538,597,11480,14010
AUSO,GSM_PERS,2026-07,2026-07-25,16,498,44,0.0884,447,482,4135,5163
CVIA,GSM_MOVI,2026-07,2026-07-25,16,7540,363,0.0481,4872,1566,69487,84634
CVIA,GSM_PERS,2026-07,2026-07-25,16,440,39,0.0886,434,440,32082,48835
DRPW,GSM_MOVI,2026-07,2026-07-25,16,995,48,0.0482,690,994,4638,8757
DRTV,GSM_PERS,2026-07,2026-07-25,16,169,6,0.0355,156,169,5993,9590
DRTW,GSM_PERS,2026-07,2026-07-25,16,209,12,0.0574,186,209,4216,6945
MEL0,GSM_MOVI,2026-07,2026-07-25,16,735,49,0.0667,680,735,18448,23791
MEL0,GSM_PERS,2026-07,2026-07-25,16,367,21,0.0572,353,367,12514,15688
MEL0,MOVI,2026-07,2026-07-25,16,4387,252,0.0574,3964,4303,49193,67874
REVO,GSM_PERS,2026-07,2026-07-25,16,3350,87,0.0260,3005,3349,26038,37982
REVO,MOVI,2026-07,2026-07-25,16,3290,271,0.0824,3013,3289,55041,70715
ADT0,GSM_MOVI,2026-07,2026-07-25,17,1132,69,0.0610,763,1109,10561,23572
ADT1,GSM_MOVI,2026-07,2026-07-25,17,34,1,0.0294,30,34,322,711
AUSO,GSM_MOVI,2026-07,2026-07-25,17,1445,176,0.1218,1322,1445,11308,13798
AUSO,GSM_PERS,2026-07,2026-07-25,17,567,46,0.0811,503,553,4135,5163
CVIA,GSM_MOVI,2026-07,2026-07-25,17,6660,297,0.0446,4407,1202,69487,84634
CVIA,GSM_PERS,2026-07,2026-07-25,17,89,12,0.1348,89,89,32082,48835
DRPW,GSM_MOVI,2026-07,2026-07-25,17,957,36,0.0376,676,955,4638,8757
DRTV,GSM_PERS,2026-07,2026-07-25,17,1091,44,0.0403,1007,1091,5993,9590
DRTW,GSM_PERS,2026-07,2026-07-25,17,760,35,0.0461,672,760,4216,6945
MEL0,GSM_MOVI,2026-07,2026-07-25,17,555,57,0.1027,516,555,18448,23791
MEL0,GSM_PERS,2026-07,2026-07-25,17,2122,95,0.0448,1983,2122,12514,15688
MEL0,MOVI,2026-07,2026-07-25,17,4475,265,0.0592,4117,4414,49193,67874
REVO,GSM_PERS,2026-07,2026-07-25,17,523,15,0.0287,495,523,26038,37982
REVO,MOVI,2026-07,2026-07-25,17,3265,275,0.0842,3027,3265,55041,70715
ADT0,GSM_MOVI,2026-07,2026-07-25,18,1063,62,0.0583,751,1044,10561,23572
ADT1,GSM_MOVI,2026-07,2026-07-25,18,43,2,0.0465,31,43,322,711
AUSO,GSM_MOVI,2026-07,2026-07-25,18,942,119,0.1263,866,941,11630,14190
AUSO,GSM_PERS,2026-07,2026-07-25,18,803,60,0.0747,691,765,4135,5163
CVIA,GSM_MOVI,2026-07,2026-07-25,18,7172,349,0.0487,4874,1502,81569,104749
DRPW,GSM_MOVI,2026-07,2026-07-25,18,998,45,0.0451,682,998,4638,8757
DRTV,GSM_PERS,2026-07,2026-07-25,18,1165,61,0.0524,1048,1165,5993,9590
DRTW,GSM_PERS,2026-07,2026-07-25,18,984,55,0.0559,874,984,4216,6945
MEL0,GSM_MOVI,2026-07,2026-07-25,18,574,59,0.1028,550,574,18448,23791
MEL0,GSM_PERS,2026-07,2026-07-25,18,2230,97,0.0435,2099,2230,12514,15688
MEL0,MOVI,2026-07,2026-07-25,18,4595,230,0.0501,4237,4510,49193,67874
REVO,MOVI,2026-07,2026-07-25,18,3153,252,0.0799,2894,3152,55041,70715
ADT0,GSM_MOVI,2026-07,2026-07-25,19,1113,68,0.0611,806,1097,10561,23572
ADT1,GSM_MOVI,2026-07,2026-07-25,19,48,1,0.0208,33,47,322,711
AUSO,GSM_MOVI,2026-07,2026-07-25,19,1290,184,0.1426,1183,1289,11630,14190
AUSO,GSM_PERS,2026-07,2026-07-25,19,5360,337,0.0629,3328,3900,4135,5163
CVIA,GSM_MOVI,2026-07,2026-07-25,19,7344,356,0.0485,5010,1492,81569,104749
DRPW,GSM_MOVI,2026-07,2026-07-25,19,575,31,0.0539,434,575,4638,8757
MEL0,GSM_MOVI,2026-07,2026-07-25,19,501,41,0.0818,473,501,18448,23791
MEL0,MOVI,2026-07,2026-07-25,19,3488,220,0.0631,3246,3447,49193,67874
REVO,MOVI,2026-07,2026-07-25,19,2526,225,0.0891,2372,2525,55041,70715
ADT0,GSM_MOVI,2026-07,2026-07-25,20,1154,79,0.0685,846,1149,10561,23572
ADT1,GSM_MOVI,2026-07,2026-07-25,20,53,3,0.0566,36,53,322,711
AUSO,GSM_MOVI,2026-07,2026-07-25,20,1133,165,0.1456,1065,1132,11308,13798
AUSO,GSM_PERS,2026-07,2026-07-25,20,687,40,0.0582,618,668,4135,5163
CVIA,GSM_MOVI,2026-07,2026-07-25,20,7491,350,0.0467,5155,1410,69487,84634
DRPW,GSM_MOVI,2026-07,2026-07-25,20,844,33,0.0391,627,844,4638,8757
MEL0,GSM_MOVI,2026-07,2026-07-25,20,518,41,0.0792,499,518,18448,23791
CVIA,GSM_MOVI,2026-07,2026-07-25,21,20,0,0.0000,18,2,19565,7914
DRPW,GSM_MOVI,2026-07,2026-07-25,21,1,0,0.0000,1,1,4638,8757
ADT0,GSM_MOVI,2026-07,2026-07-26,8,471,21,0.0446,385,469,10561,23572
ADT1,GSM_MOVI,2026-07,2026-07-26,8,8,0,0.0000,8,8,322,711
AUSO,GSM_MOVI,2026-07,2026-07-26,8,612,56,0.0915,558,611,17046,23700
CVIA,GSM_MOVI,2026-07,2026-07-26,8,3418,74,0.0217,2579,2549,93274,123898
CVIA,GSM_PERS,2026-07,2026-07-26,8,1095,45,0.0411,1054,1095,32082,48835
DRPW,GSM_MOVI,2026-07,2026-07-26,8,138,1,0.0072,110,138,4638,8757
MEL0,GSM_MOVI,2026-07,2026-07-26,8,337,8,0.0237,325,337,18448,23791
REVO,GSM_PERS,2026-07,2026-07-26,8,13,0,0.0000,13,13,8028,9136
ADT0,GSM_MOVI,2026-07,2026-07-26,9,367,26,0.0708,303,365,10561,23572
ADT1,GSM_MOVI,2026-07,2026-07-26,9,22,1,0.0455,20,22,322,711
AUSO,GSM_MOVI,2026-07,2026-07-26,9,1487,145,0.0975,1308,1484,17046,23700
CVIA,GSM_MOVI,2026-07,2026-07-26,9,7755,381,0.0491,6900,5775,93274,123898
CVIA,GSM_PERS,2026-07,2026-07-26,9,5298,283,0.0534,4961,5287,32082,48835
DRPW,GSM_MOVI,2026-07,2026-07-26,9,265,7,0.0264,230,265,4638,8757
MEL0,GSM_MOVI,2026-07,2026-07-26,9,200,14,0.0700,193,200,18448,23791
OEST,GSM_MOVI,2026-07,2026-07-26,9,110,15,0.1364,97,110,2787,3826
REVO,MOVI,2026-07,2026-07-26,9,7982,332,0.0416,6949,7977,55041,70715
AUSO,GSM_MOVI,2026-07,2026-07-26,10,1880,242,0.1287,1674,1874,13992,20027
CVIA,GSM_MOVI,2026-07,2026-07-26,10,6535,225,0.0344,4855,1320,69487,84634
CVIA,GSM_PERS,2026-07,2026-07-26,10,2826,177,0.0626,2707,2822,32082,48835
DRPW,GSM_MOVI,2026-07,2026-07-26,10,643,24,0.0373,540,643,4638,8757
MEL0,GSM_MOVI,2026-07,2026-07-26,10,1241,83,0.0669,1157,1241,18448,23791
MEL0,MOVI,2026-07,2026-07-26,10,3850,169,0.0439,3603,3849,49193,67874
OEST,GSM_MOVI,2026-07,2026-07-26,10,714,95,0.1331,642,711,2787,3826
REVO,MOVI,2026-07,2026-07-26,10,4840,207,0.0428,4372,4839,55041,70715
AUSO,GSM_MOVI,2026-07,2026-07-26,11,1409,190,0.1348,1261,1408,13992,20027
CVIA,GSM_MOVI,2026-07,2026-07-26,11,3522,139,0.0395,2803,696,69487,84634
DRPW,GSM_MOVI,2026-07,2026-07-26,11,384,14,0.0365,321,384,4638,8757
MEL0,GSM_MOVI,2026-07,2026-07-26,11,4808,353,0.0734,4323,4808,18448,23791
MEL0,MOVI,2026-07,2026-07-26,11,6407,307,0.0479,5840,6404,49193,67874
OEST,GSM_MOVI,2026-07,2026-07-26,11,376,54,0.1436,355,376,2787,3826
REVO,GSM_PERS,2026-07,2026-07-26,11,4942,191,0.0386,4372,4936,26038,37982
REVO,MOVI,2026-07,2026-07-26,11,1360,56,0.0412,1281,1360,55041,70715
ADT0,GSM_MOVI,2026-07,2026-07-26,12,7809,510,0.0653,4104,7614,10561,23572
CVIA,GSM_PERS,2026-07,2026-07-26,12,559,6,0.0107,484,559,66167,84151
MEL0,GSM_MOVI,2026-07,2026-07-26,12,2163,163,0.0754,2031,2163,18448,23791
MEL0,GSM_PERS,2026-07,2026-07-26,12,1427,73,0.0512,1317,1427,12514,15688
MEL0,MOVI,2026-07,2026-07-26,12,6344,314,0.0495,5808,6341,49193,67874
OEST,GSM_PERS,2026-07,2026-07-26,12,1094,91,0.0832,954,1091,3013,4415
REVO,GSM_PERS,2026-07,2026-07-26,12,2151,72,0.0335,1966,2150,26038,37982
REVO,MOVI,2026-07,2026-07-26,12,1380,71,0.0514,1302,1380,55041,70715
ADT0,GSM_MOVI,2026-07,2026-07-26,13,1727,106,0.0614,1284,1712,10561,23572
CVIA,GSM_PERS,2026-07,2026-07-26,13,2608,52,0.0199,2369,2606,66167,84151
MEL0,GSM_MOVI,2026-07,2026-07-26,13,284,18,0.0634,276,284,18448,23791
MEL0,GSM_PERS,2026-07,2026-07-26,13,2854,127,0.0445,2591,2850,12514,15688
MEL0,MOVI,2026-07,2026-07-26,13,6277,346,0.0551,5741,6272,49193,67874
OEST,GSM_PERS,2026-07,2026-07-26,13,477,41,0.0860,431,477,3013,4415
REVO,GSM_PERS,2026-07,2026-07-26,13,526,26,0.0494,493,526,26038,37982
REVO,MOVI,2026-07,2026-07-26,13,1412,85,0.0602,1355,1412,55041,70715
CVIA,GSM_PERS,2026-07,2026-07-26,14,5123,109,0.0213,4561,5119,66167,84151
MEL0,GSM_PERS,2026-07,2026-07-26,14,1641,71,0.0433,1576,1641,12514,15688
MEL0,MOVI,2026-07,2026-07-26,14,1233,69,0.0560,1182,1233,49193,67874
REVO,MOVI,2026-07,2026-07-26,14,256,17,0.0664,253,256,28707,37757
CVIA,GSM_PERS,2026-07,2026-07-26,15,5080,101,0.0199,4541,5072,66167,84151
MEL0,GSM_PERS,2026-07,2026-07-26,15,1612,73,0.0453,1550,1612,12514,15688
CVIA,GSM_PERS,2026-07,2026-07-26,16,5321,105,0.0197,4773,5317,66167,84151
MEL0,GSM_PERS,2026-07,2026-07-26,16,1652,72,0.0436,1602,1652,12514,15688
CVIA,GSM_PERS,2026-07,2026-07-26,17,1245,20,0.0161,1211,1245,66167,84151
MEL0,GSM_PERS,2026-07,2026-07-26,17,387,9,0.0233,385,387,12514,15688
AUSO,GSM_MOVI,2026-07,2026-07-27,8,418,47,0.1124,373,418,5588,9722
AYS3,GSM_MOVI,2026-07,2026-07-27,8,40,9,0.2250,37,39,8508,12038
AYS3,GSM_PERS,2026-07,2026-07-27,8,217,8,0.0369,214,216,9253,13813
AYSA,GSM_MOVI,2026-07,2026-07-27,8,97,17,0.1753,89,97,4150,5658
AYSA,GSM_PERS,2026-07,2026-07-27,8,599,35,0.0584,576,594,2716,2855
AYSE,GSM_MOVI,2026-07,2026-07-27,8,370,97,0.2622,335,368,6103,9380
AYSE,GSM_PERS,2026-07,2026-07-27,8,750,71,0.0947,528,548,10873,16991
CVIA,GSM_MOVI,2026-07,2026-07-27,8,4012,186,0.0464,2796,2395,93274,123898
CVIA,GSM_PERS,2026-07,2026-07-27,8,995,74,0.0744,943,994,32082,48835
DRPW,GSM_MOVI,2026-07,2026-07-27,8,58,2,0.0345,46,58,4638,8757
AUSO,GSM_MOVI,2026-07,2026-07-27,9,1055,112,0.1062,916,1052,5588,9722
AYS3,GSM_PERS,2026-07,2026-07-27,9,502,21,0.0418,487,502,9253,13813
AYS3,MOVI,2026-07,2026-07-27,9,77,4,0.0519,44,77,1845,2293
AYSA,GSM_PERS,2026-07,2026-07-27,9,79,3,0.0380,77,79,2716,2855
AYSC,MOVI,2026-07,2026-07-27,9,1282,19,0.0148,587,1263,587,1263
AYSE,GSM_PERS,2026-07,2026-07-27,9,280,30,0.1071,248,257,10873,16991
CVIA,GSM_MOVI,2026-07,2026-07-27,9,7186,678,0.0944,6159,5307,93274,123898
CVIA,GSM_PERS,2026-07,2026-07-27,9,4088,340,0.0832,3839,4086,32082,48835
DRPW,GSM_MOVI,2026-07,2026-07-27,9,280,10,0.0357,208,280,4638,8757
DRTV,GSM_PERS,2026-07,2026-07-27,9,333,12,0.0360,303,333,5993,9590
DRTW,GSM_MOVI,2026-07,2026-07-27,9,850,73,0.0859,772,850,4936,6258
OEST,GSM_MOVI,2026-07,2026-07-27,9,26,3,0.1154,25,26,2787,3826
AUSO,GSM_MOVI,2026-07,2026-07-27,10,1091,164,0.1503,946,1086,5588,9722
AYS3,GSM_PERS,2026-07,2026-07-27,10,1081,42,0.0389,1056,1078,9253,13813
AYSA,GSM_PERS,2026-07,2026-07-27,10,46,2,0.0435,45,46,2716,2855
AYSA,MOVI,2026-07,2026-07-27,10,251,63,0.2510,250,251,3974,5182
AYSE,GSM_PERS,2026-07,2026-07-27,10,312,24,0.0769,272,280,10873,16991
CVIA,GSM_MOVI,2026-07,2026-07-27,10,3743,274,0.0732,2811,1618,93274,123898
CVIA,GSM_PERS,2026-07,2026-07-27,10,3071,268,0.0873,2909,3070,32082,48835
DRPW,GSM_MOVI,2026-07,2026-07-27,10,253,9,0.0356,187,253,4638,8757
DRTV,GSM_PERS,2026-07,2026-07-27,10,711,29,0.0408,639,711,5993,9590
DRTV,MOVI,2026-07,2026-07-27,10,197,8,0.0406,195,197,1623,1977
DRTW,GSM_MOVI,2026-07,2026-07-27,10,1394,107,0.0768,1226,1394,4936,6258
DRTW,MOVI,2026-07,2026-07-27,10,160,7,0.0438,153,160,1241,1526
FIME,GSM_MOVI,2026-07,2026-07-27,10,2835,98,0.0346,2761,2831,11521,12140
MEL0,GSM_MOVI,2026-07,2026-07-27,10,296,27,0.0912,281,296,18448,23791
MEL0,MOVI,2026-07,2026-07-27,10,627,37,0.0590,625,627,49193,67874
OEST,GSM_MOVI,2026-07,2026-07-27,10,25,4,0.1600,24,25,2787,3826
AUSO,GSM_MOVI,2026-07,2026-07-27,11,576,101,0.1753,508,576,5588,9722
AUSO,Sin proveedor,2026-07,2026-07-27,11,1,1,1.0000,1,1,3,3
AYS3,GSM_PERS,2026-07,2026-07-27,11,19,5,0.2632,19,19,8266,12797
AYSA,GSM_PERS,2026-07,2026-07-27,11,696,72,0.1034,681,696,2716,2855
AYSA,MOVI,2026-07,2026-07-27,11,346,85,0.2457,337,346,3974,5182
CVIA,GSM_MOVI,2026-07,2026-07-27,11,2232,95,0.0426,1458,386,69487,84634
CVIA,GSM_PERS,2026-07,2026-07-27,11,3041,526,0.1730,2894,3035,32082,48835
DRPW,GSM_MOVI,2026-07,2026-07-27,11,244,11,0.0451,183,244,4638,8757
DRTV,GSM_PERS,2026-07,2026-07-27,11,1431,96,0.0671,1271,1431,5993,9590
DRTV,MOVI,2026-07,2026-07-27,11,271,19,0.0701,263,271,1623,1977
DRTW,GSM_MOVI,2026-07,2026-07-27,11,641,43,0.0671,581,641,4936,6258
DRTW,MOVI,2026-07,2026-07-27,11,211,10,0.0474,207,211,1241,1526
FIME,GSM_MOVI,2026-07,2026-07-27,11,4825,224,0.0464,4697,4822,11521,12140
MEL0,GSM_MOVI,2026-07,2026-07-27,11,1243,88,0.0708,1162,1243,18448,23791
MEL0,MOVI,2026-07,2026-07-27,11,1335,77,0.0577,1323,1335,49193,67874
OEST,GSM_MOVI,2026-07,2026-07-27,11,94,20,0.2128,88,94,2787,3826
ADT0,GSM_MOVI,2026-07,2026-07-27,12,584,60,0.1027,406,579,10561,23572
ADT1,GSM_MOVI,2026-07,2026-07-27,12,59,1,0.0169,37,55,322,711
AYS3,GSM_MOVI,2026-07,2026-07-27,12,37,4,0.1081,37,37,8508,12038
AYS3,GSM_PERS,2026-07,2026-07-27,12,14,3,0.2143,14,14,8266,12797
AYSA,GSM_PERS,2026-07,2026-07-27,12,178,17,0.0955,177,178,2716,2855
AYSA,MOVI,2026-07,2026-07-27,12,330,73,0.2212,327,329,3974,5182
AYSE,GSM_PERS,2026-07,2026-07-27,12,1835,178,0.0970,1435,1832,10873,16991
AYSJ,GSM_MOVI,2026-07,2026-07-27,12,97,4,0.0412,78,97,929,1296
CVIA,GSM_MOVI,2026-07,2026-07-27,12,3025,136,0.0450,1913,528,69487,84634
DRPW,GSM_MOVI,2026-07,2026-07-27,12,440,17,0.0386,316,440,4638,8757
DRTV,GSM_PERS,2026-07,2026-07-27,12,649,43,0.0663,585,649,5993,9590
DRTV,MOVI,2026-07,2026-07-27,12,281,22,0.0783,277,281,1623,1977
DRTW,GSM_MOVI,2026-07,2026-07-27,12,298,25,0.0839,274,298,4936,6258
DRTW,MOVI,2026-07,2026-07-27,12,182,13,0.0714,182,182,1241,1526
FIME,GSM_MOVI,2026-07,2026-07-27,12,4390,178,0.0405,4246,4389,11521,12140
MEL0,GSM_MOVI,2026-07,2026-07-27,12,944,80,0.0847,883,944,18448,23791
MEL0,GSM_PERS,2026-07,2026-07-27,12,2183,137,0.0628,1974,2181,12514,15688
MEL0,MOVI,2026-07,2026-07-27,12,1290,70,0.0543,1269,1290,49193,67874
OEST,GSM_MOVI,2026-07,2026-07-27,12,92,22,0.2391,87,92,2787,3826
OEST,GSM_PERS,2026-07,2026-07-27,12,503,73,0.1451,454,503,3013,4415
ADT0,GSM_MOVI,2026-07,2026-07-27,13,629,40,0.0636,386,623,10561,23572
ADT1,GSM_MOVI,2026-07,2026-07-27,13,52,1,0.0192,29,51,322,711
AYS3,GSM_MOVI,2026-07,2026-07-27,13,79,16,0.2025,79,79,8508,12038
AYS3,GSM_PERS,2026-07,2026-07-27,13,7,1,0.1429,7,7,8266,12797
AYSA,GSM_PERS,2026-07,2026-07-27,13,94,7,0.0745,94,94,2716,2855
AYSA,MOVI,2026-07,2026-07-27,13,322,65,0.2019,320,322,3974,5182
AYSE,GSM_PERS,2026-07,2026-07-27,13,2561,252,0.0984,1950,2558,10873,16991
AYSJ,GSM_MOVI,2026-07,2026-07-27,13,201,8,0.0398,164,200,929,1296
CVIA,GSM_MOVI,2026-07,2026-07-27,13,7636,358,0.0469,4459,1254,69487,84634
CVIA,GSM_PERS,2026-07,2026-07-27,13,534,57,0.1067,405,534,27720,44664
DRPW,GSM_MOVI,2026-07,2026-07-27,13,828,36,0.0435,559,828,4638,8757
DRTV,GSM_PERS,2026-07,2026-07-27,13,140,10,0.0714,131,140,5993,9590
DRTV,MOVI,2026-07,2026-07-27,13,280,24,0.0857,272,280,1623,1977
DRTW,GSM_MOVI,2026-07,2026-07-27,13,207,15,0.0725,173,207,4936,6258
DRTW,MOVI,2026-07,2026-07-27,13,204,12,0.0588,197,204,1241,1526
MEL0,GSM_MOVI,2026-07,2026-07-27,13,479,30,0.0626,447,479,18448,23791
MEL0,GSM_PERS,2026-07,2026-07-27,13,1395,85,0.0609,1285,1394,12514,15688
MEL0,MOVI,2026-07,2026-07-27,13,1320,64,0.0485,1304,1319,49193,67874
OEST,GSM_MOVI,2026-07,2026-07-27,13,66,8,0.1212,63,66,2787,3826
OEST,GSM_PERS,2026-07,2026-07-27,13,363,65,0.1791,329,363,3013,4415
ADT0,GSM_MOVI,2026-07,2026-07-27,14,645,47,0.0729,423,639,10561,23572
ADT1,GSM_MOVI,2026-07,2026-07-27,14,370,11,0.0297,190,362,322,711
AYS3,GSM_MOVI,2026-07,2026-07-27,14,74,11,0.1486,72,74,8508,12038
AYS3,GSM_PERS,2026-07,2026-07-27,14,4,0,0.0000,4,4,8266,12797
AYSA,GSM_PERS,2026-07,2026-07-27,14,78,9,0.1154,78,77,2716,2855
AYSA,MOVI,2026-07,2026-07-27,14,329,70,0.2128,326,329,3974,5182
AYSE,GSM_PERS,2026-07,2026-07-27,14,2079,194,0.0933,1672,2075,10873,16991
AYSJ,GSM_MOVI,2026-07,2026-07-27,14,206,9,0.0437,166,195,929,1296
CVIA,GSM_MOVI,2026-07,2026-07-27,14,6852,354,0.0517,4357,1308,81569,104749
CVIA,GSM_PERS,2026-07,2026-07-27,14,1351,134,0.0992,1048,1351,27720,44664
DRPW,GSM_MOVI,2026-07,2026-07-27,14,1084,36,0.0332,744,1081,4638,8757
DRTV,GSM_PERS,2026-07,2026-07-27,14,130,9,0.0692,125,130,5993,9590
DRTV,MOVI,2026-07,2026-07-27,14,297,18,0.0606,288,297,1623,1977
DRTW,GSM_MOVI,2026-07,2026-07-27,14,222,18,0.0811,200,222,4936,6258
DRTW,MOVI,2026-07,2026-07-27,14,196,12,0.0612,190,196,1241,1526
MEL0,GSM_MOVI,2026-07,2026-07-27,14,432,33,0.0764,405,432,18448,23791
MEL0,GSM_PERS,2026-07,2026-07-27,14,1037,71,0.0685,974,1037,12514,15688
MEL0,MOVI,2026-07,2026-07-27,14,1374,79,0.0575,1363,1374,49193,67874
OEST,GSM_MOVI,2026-07,2026-07-27,14,100,12,0.1200,94,100,2787,3826
OEST,GSM_PERS,2026-07,2026-07-27,14,516,85,0.1647,459,515,3013,4415
ADT0,GSM_MOVI,2026-07,2026-07-27,15,625,39,0.0624,417,618,10561,23572
ADT1,GSM_MOVI,2026-07,2026-07-27,15,62,7,0.1129,48,61,322,711
AYS3,GSM_MOVI,2026-07,2026-07-27,15,112,17,0.1518,107,110,8508,12038
AYS3,GSM_PERS,2026-07,2026-07-27,15,3,1,0.3333,3,3,8266,12797
AYSA,GSM_PERS,2026-07,2026-07-27,15,87,8,0.0920,87,86,2716,2855
AYSA,MOVI,2026-07,2026-07-27,15,266,62,0.2331,264,265,3974,5182
AYSE,GSM_PERS,2026-07,2026-07-27,15,270,26,0.0963,242,270,10873,16991
AYSJ,GSM_MOVI,2026-07,2026-07-27,15,256,8,0.0313,198,241,929,1296
CVIA,GSM_MOVI,2026-07,2026-07-27,15,5741,224,0.0390,3702,839,69487,84634
CVIA,GSM_PERS,2026-07,2026-07-27,15,3943,346,0.0878,2981,3943,27720,44664
DRPW,GSM_MOVI,2026-07,2026-07-27,15,2297,92,0.0401,1563,2295,4638,8757
DRTV,GSM_PERS,2026-07,2026-07-27,15,127,11,0.0866,117,127,5993,9590
DRTV,MOVI,2026-07,2026-07-27,15,273,20,0.0733,266,273,1623,1977
DRTW,GSM_MOVI,2026-07,2026-07-27,15,257,19,0.0739,235,257,4936,6258
DRTW,MOVI,2026-07,2026-07-27,15,228,7,0.0307,220,228,1241,1526
MEL0,GSM_MOVI,2026-07,2026-07-27,15,341,29,0.0850,320,341,18448,23791
MEL0,GSM_PERS,2026-07,2026-07-27,15,569,48,0.0844,544,569,12514,15688
MEL0,MOVI,2026-07,2026-07-27,15,1284,80,0.0623,1279,1284,49193,67874
OEST,GSM_MOVI,2026-07,2026-07-27,15,311,46,0.1479,294,311,2787,3826
OEST,GSM_PERS,2026-07,2026-07-27,15,52,4,0.0769,51,52,3013,4415
ADT0,GSM_MOVI,2026-07,2026-07-27,16,1311,139,0.1060,958,1284,10561,23572
AYS3,GSM_MOVI,2026-07,2026-07-27,16,124,16,0.1290,121,124,8508,12038
AYS3,GSM_PERS,2026-07,2026-07-27,16,35,6,0.1714,34,35,8266,12797
AYSA,GSM_PERS,2026-07,2026-07-27,16,581,66,0.1136,572,581,2716,2855
AYSJ,GSM_MOVI,2026-07,2026-07-27,16,426,18,0.0423,333,406,929,1296
CVIA,GSM_MOVI,2026-07,2026-07-27,16,4989,191,0.0383,3312,779,69487,84634
CVIA,GSM_PERS,2026-07,2026-07-27,16,1529,133,0.0870,1194,1529,27720,44664
DRPW,GSM_MOVI,2026-07,2026-07-27,16,2245,96,0.0428,1613,2245,4638,8757
DRTV,GSM_PERS,2026-07,2026-07-27,16,729,61,0.0837,678,729,5993,9590
DRTV,MOVI,2026-07,2026-07-27,16,112,7,0.0625,111,112,1623,1977
DRTW,GSM_MOVI,2026-07,2026-07-27,16,223,18,0.0807,205,223,4936,6258
DRTW,MOVI,2026-07,2026-07-27,16,84,7,0.0833,83,84,1241,1526
MEL0,GSM_MOVI,2026-07,2026-07-27,16,406,40,0.0985,376,406,18448,23791
MEL0,GSM_PERS,2026-07,2026-07-27,16,2341,160,0.0683,2219,2341,12514,15688
MEL0,MOVI,2026-07,2026-07-27,16,1279,69,0.0539,1272,1279,49193,67874
OEST,GSM_MOVI,2026-07,2026-07-27,16,219,45,0.2055,204,218,2787,3826
ADT0,GSM_MOVI,2026-07,2026-07-27,17,692,52,0.0751,457,675,8562,19381
AYS3,GSM_MOVI,2026-07,2026-07-27,17,158,23,0.1456,154,158,8508,12038
AYSJ,GSM_MOVI,2026-07,2026-07-27,17,743,29,0.0390,523,668,929,1296
CVIA,GSM_MOVI,2026-07,2026-07-27,17,6950,271,0.0390,4439,1036,81569,104749
CVIA,GSM_PERS,2026-07,2026-07-27,17,2952,246,0.0833,2294,2948,27720,44664
DRPW,GSM_MOVI,2026-07,2026-07-27,17,944,34,0.0360,771,944,4638,8757
DRTV,GSM_PERS,2026-07,2026-07-27,17,364,23,0.0632,343,364,5993,9590
DRTW,GSM_MOVI,2026-07,2026-07-27,17,303,19,0.0627,270,303,4936,6258
MEL0,GSM_MOVI,2026-07,2026-07-27,17,398,33,0.0829,369,398,18448,23791
MEL0,GSM_PERS,2026-07,2026-07-27,17,1715,129,0.0752,1618,1715,12514,15688
MEL0,MOVI,2026-07,2026-07-27,17,1305,65,0.0498,1297,1305,49193,67874
OEST,GSM_MOVI,2026-07,2026-07-27,17,106,20,0.1887,101,106,2787,3826
OEST,Sin proveedor,2026-07,2026-07-27,17,1,1,1.0000,1,1,7,7
ADT0,GSM_MOVI,2026-07,2026-07-27,18,800,50,0.0625,507,792,8562,19381
AYS3,GSM_MOVI,2026-07,2026-07-27,18,118,19,0.1610,118,118,8508,12038
AYSJ,GSM_MOVI,2026-07,2026-07-27,18,99,2,0.0202,81,98,929,1296
CVIA,GSM_MOVI,2026-07,2026-07-27,18,9060,344,0.0380,5713,1394,69487,84634
CVIA,GSM_PERS,2026-07,2026-07-27,18,4839,445,0.0920,3685,4836,46833,54307
DRTW,GSM_MOVI,2026-07,2026-07-27,18,261,21,0.0805,239,261,4936,6258
MEL0,GSM_MOVI,2026-07,2026-07-27,18,536,52,0.0970,503,536,18448,23791
MEL0,MOVI,2026-07,2026-07-27,18,1351,65,0.0481,1341,1351,49193,67874
ADT0,GSM_MOVI,2026-07,2026-07-27,19,865,59,0.0682,595,859,8562,19381
AYS3,GSM_MOVI,2026-07,2026-07-27,19,146,16,0.1096,144,146,8508,12038
AYSJ,GSM_MOVI,2026-07,2026-07-27,19,121,5,0.0413,101,121,929,1296
CVIA,GSM_MOVI,2026-07,2026-07-27,19,9520,360,0.0378,6090,1336,69487,84634
CVIA,GSM_PERS,2026-07,2026-07-27,19,4786,453,0.0947,3761,4777,42953,68240
DRTW,GSM_MOVI,2026-07,2026-07-27,19,278,26,0.0935,246,278,4936,6258
MEL0,GSM_MOVI,2026-07,2026-07-27,19,460,39,0.0848,439,460,18448,23791
MEL0,MOVI,2026-07,2026-07-27,19,1291,64,0.0496,1269,1291,49193,67874
ADT0,GSM_MOVI,2026-07,2026-07-27,20,1231,70,0.0569,859,1211,8562,19381
AYS3,GSM_MOVI,2026-07,2026-07-27,20,379,44,0.1161,372,376,8508,12038
AYSJ,GSM_MOVI,2026-07,2026-07-27,20,455,13,0.0286,371,454,929,1296
CVIA,GSM_MOVI,2026-07,2026-07-27,20,6972,294,0.0422,4962,1150,81569,104749
CVIA,GSM_PERS,2026-07,2026-07-27,20,4958,415,0.0837,3991,4955,27720,44664
DRTW,GSM_MOVI,2026-07,2026-07-27,20,927,73,0.0787,839,927,4936,6258
MEL0,GSM_MOVI,2026-07,2026-07-27,20,932,88,0.0944,863,932,18448,23791
MEL0,MOVI,2026-07,2026-07-27,20,1345,75,0.0558,1322,1345,49193,67874
CVIA,GSM_PERS,2026-07,2026-07-27,21,5,0,0.0000,5,5,22071,35872
MEL0,GSM_MOVI,2026-07,2026-07-27,21,19,3,0.1579,18,19,18448,23791
MEL0,MOVI,2026-07,2026-07-27,21,5030,306,0.0608,4796,5030,49193,67874
MEL0,MOVI,2026-07,2026-07-27,22,27,2,0.0741,27,27,49193,67874
ADT0,GSM_MOVI,2026-07,2026-07-28,8,823,47,0.0571,591,812,8562,19381
AUSO,GSM_MOVI,2026-07,2026-07-28,8,656,87,0.1326,606,656,11317,14155
AYS3,GSM_MOVI,2026-07,2026-07-28,8,37,7,0.1892,33,37,8508,12038
AYS3,GSM_PERS,2026-07,2026-07-28,8,85,5,0.0588,84,85,9253,13813
AYSA,GSM_MOVI,2026-07,2026-07-28,8,89,21,0.2360,84,89,4150,5658
AYSA,GSM_PERS,2026-07,2026-07-28,8,131,18,0.1374,124,127,2716,2855
AYSE,GSM_MOVI,2026-07,2026-07-28,8,294,85,0.2891,267,293,6143,9424
AYSE,GSM_PERS,2026-07,2026-07-28,8,252,38,0.1508,225,227,10600,16687
CVIA,GSM_MOVI,2026-07,2026-07-28,8,1213,108,0.0890,1153,1212,73709,115984
CVIA,GSM_PERS,2026-07,2026-07-28,8,2048,176,0.0859,1816,2048,59802,93499
DRPW,GSM_MOVI,2026-07,2026-07-28,8,665,17,0.0256,477,665,4638,8757
MEL0,GSM_MOVI,2026-07,2026-07-28,8,583,36,0.0617,553,583,18448,23791
MEL0,MOVI,2026-07,2026-07-28,8,1632,59,0.0362,1599,1632,49193,67874
AUSO,GSM_MOVI,2026-07,2026-07-28,9,2014,258,0.1281,1865,2013,18422,22713
AYS3,GSM_PERS,2026-07,2026-07-28,9,290,22,0.0759,287,290,9253,13813
AYS3,MOVI,2026-07,2026-07-28,9,34,2,0.0588,31,34,4160,5321
AYSA,GSM_PERS,2026-07,2026-07-28,9,164,21,0.1280,160,164,2716,2855
AYSC,MOVI,2026-07,2026-07-28,9,1213,50,0.0412,569,1194,587,1263
AYSE,GSM_PERS,2026-07,2026-07-28,9,479,83,0.1733,396,419,10600,16687
CVIA,GSM_MOVI,2026-07,2026-07-28,9,5196,534,0.1028,4824,5185,34370,56418
CVIA,GSM_PERS,2026-07,2026-07-28,9,4172,487,0.1167,3875,4170,59802,93499
DRPW,GSM_MOVI,2026-07,2026-07-28,9,997,30,0.0301,754,997,4638,8757
DRTV,GSM_MOVI,2026-07,2026-07-28,9,1049,89,0.0848,964,1049,3798,4408
DRTW,GSM_PERS,2026-07,2026-07-28,9,236,13,0.0551,220,236,4216,6945
OEST,Sin proveedor,2026-07,2026-07-28,9,3,3,1.0000,1,1,7,7
AUSO,GSM_MOVI,2026-07,2026-07-28,10,2992,468,0.1564,2742,2990,18422,22713
AYS3,GSM_PERS,2026-07,2026-07-28,10,243,26,0.1070,239,243,9253,13813
AYS3,MOVI,2026-07,2026-07-28,10,368,65,0.1766,363,364,2354,3097
AYSA,GSM_PERS,2026-07,2026-07-28,10,74,12,0.1622,73,74,2716,2855
AYSC,MOVI,2026-07,2026-07-28,10,68,1,0.0147,56,68,587,1263
AYSE,GSM_PERS,2026-07,2026-07-28,10,73,16,0.2192,73,73,10600,16687
CVIA,GSM_MOVI,2026-07,2026-07-28,10,615,87,0.1415,601,615,34370,56418
CVIA,GSM_PERS,2026-07,2026-07-28,10,4272,603,0.1412,3992,4271,59802,93499
DRPW,GSM_MOVI,2026-07,2026-07-28,10,1366,48,0.0351,1030,1365,4638,8757
DRTV,GSM_MOVI,2026-07,2026-07-28,10,1358,106,0.0781,1257,1357,3798,4408
DRTW,GSM_PERS,2026-07,2026-07-28,10,352,33,0.0938,320,352,4216,6945
DRTW,MOVI,2026-07,2026-07-28,10,243,9,0.0370,234,243,1241,1526
FIME,GSM_MOVI,2026-07,2026-07-28,10,2727,91,0.0334,2666,2726,11521,12140
MEL0,GSM_MOVI,2026-07,2026-07-28,10,405,25,0.0617,385,405,18448,23791
MEL0,MOVI,2026-07,2026-07-28,10,443,22,0.0497,442,443,49193,67874
AUSO,GSM_MOVI,2026-07,2026-07-28,11,2407,378,0.1570,2238,2405,18422,22713
AYS3,GSM_PERS,2026-07,2026-07-28,11,143,11,0.0769,141,143,9253,13813
AYS3,MOVI,2026-07,2026-07-28,11,346,51,0.1474,342,344,2354,3097
AYSA,GSM_PERS,2026-07,2026-07-28,11,245,39,0.1592,244,245,2716,2855
AYSE,GSM_PERS,2026-07,2026-07-28,11,326,69,0.2117,311,325,10600,16687
CVIA,GSM_PERS,2026-07,2026-07-28,11,3904,656,0.1680,3708,3903,59802,93499
CVIA,MOVI,2026-07,2026-07-28,11,220,39,0.1773,218,220,13840,16489
DRPW,GSM_MOVI,2026-07,2026-07-28,11,1042,45,0.0432,799,1041,4638,8757
DRTV,GSM_MOVI,2026-07,2026-07-28,11,380,35,0.0921,362,380,3798,4408
DRTW,GSM_PERS,2026-07,2026-07-28,11,345,34,0.0986,307,345,4216,6945
DRTW,MOVI,2026-07,2026-07-28,11,483,27,0.0559,439,483,1241,1526
FIME,GSM_MOVI,2026-07,2026-07-28,11,4221,173,0.0410,4114,4221,11521,12140
MEL0,GSM_MOVI,2026-07,2026-07-28,11,1517,121,0.0798,1412,1516,18448,23791
MEL0,MOVI,2026-07,2026-07-28,11,1008,56,0.0556,999,1008,49193,67874
ADT0,GSM_MOVI,2026-07,2026-07-28,12,516,43,0.0833,358,512,10561,23572
ADT1,GSM_MOVI,2026-07,2026-07-28,12,250,11,0.0440,163,243,322,711
AUSO,GSM_MOVI,2026-07,2026-07-28,12,1550,263,0.1697,1457,1549,18366,22640
AUSO,GSM_PERS,2026-07,2026-07-28,12,382,44,0.1152,337,371,4135,5163
AUSO,MOVI,2026-07,2026-07-28,12,39,5,0.1282,39,39,1489,1778
AYS3,GSM_MOVI,2026-07,2026-07-28,12,19,2,0.1053,19,19,6857,9719
AYS3,GSM_PERS,2026-07,2026-07-28,12,57,7,0.1228,57,57,9253,13813
AYS3,MOVI,2026-07,2026-07-28,12,187,25,0.1337,186,185,2354,3097
AYSA,GSM_PERS,2026-07,2026-07-28,12,67,10,0.1493,67,67,2716,2855
AYSE,GSM_PERS,2026-07,2026-07-28,12,2686,284,0.1057,2058,2681,10600,16687
AYSJ,GSM_MOVI,2026-07,2026-07-28,12,119,6,0.0504,100,119,929,1296
CVIA,GSM_PERS,2026-07,2026-07-28,12,1761,243,0.1380,1654,1760,88499,117926
CVIA,MOVI,2026-07,2026-07-28,12,216,36,0.1667,215,216,13840,16489
DRPW,GSM_MOVI,2026-07,2026-07-28,12,756,46,0.0608,581,756,4638,8757
DRTV,GSM_MOVI,2026-07,2026-07-28,12,112,13,0.1161,108,112,3798,4408
DRTW,GSM_PERS,2026-07,2026-07-28,12,127,17,0.1339,120,127,4216,6945
DRTW,MOVI,2026-07,2026-07-28,12,350,18,0.0514,333,350,1241,1526
FIME,GSM_MOVI,2026-07,2026-07-28,12,1537,80,0.0520,1508,1537,11521,12140
MEL0,GSM_MOVI,2026-07,2026-07-28,12,522,45,0.0862,494,522,18448,23791
MEL0,MOVI,2026-07,2026-07-28,12,985,53,0.0538,977,985,49193,67874
OEST,GSM_MOVI,2026-07,2026-07-28,12,2102,369,0.1755,1919,2099,15539,19003
OEST,MOVI,2026-07,2026-07-28,12,38,4,0.1053,38,37,2129,2543
OEST,Sin proveedor,2026-07,2026-07-28,12,2,2,1.0000,2,2,9,9
ADT0,GSM_MOVI,2026-07,2026-07-28,13,535,48,0.0897,380,525,10561,23572
ADT1,GSM_MOVI,2026-07,2026-07-28,13,275,7,0.0255,159,267,322,711
AUSO,GSM_MOVI,2026-07,2026-07-28,13,1501,277,0.1845,1425,1501,18190,22431
AUSO,GSM_PERS,2026-07,2026-07-28,13,470,44,0.0936,425,455,4135,5163
AUSO,MOVI,2026-07,2026-07-28,13,170,13,0.0765,167,169,1538,1840
AYS3,GSM_MOVI,2026-07,2026-07-28,13,60,10,0.1667,58,60,6857,9719
AYS3,GSM_PERS,2026-07,2026-07-28,13,29,4,0.1379,28,29,9253,13813
AYSA,GSM_PERS,2026-07,2026-07-28,13,61,7,0.1148,61,60,2716,2855
AYSE,GSM_PERS,2026-07,2026-07-28,13,3604,353,0.0979,2743,3597,10600,16687
AYSJ,GSM_MOVI,2026-07,2026-07-28,13,174,7,0.0402,147,173,929,1296
CVIA,GSM_PERS,2026-07,2026-07-28,13,936,99,0.1058,867,935,88499,117926
CVIA,MOVI,2026-07,2026-07-28,13,196,36,0.1837,194,196,13840,16489
DRPW,GSM_MOVI,2026-07,2026-07-28,13,769,34,0.0442,602,769,4638,8757
DRTV,GSM_MOVI,2026-07,2026-07-28,13,78,4,0.0513,77,78,3798,4408
DRTW,GSM_PERS,2026-07,2026-07-28,13,40,4,0.1000,35,40,4216,6945
FIME,GSM_MOVI,2026-07,2026-07-28,13,910,43,0.0473,900,910,11521,12140
MEL0,GSM_MOVI,2026-07,2026-07-28,13,402,31,0.0771,383,402,18448,23791
MEL0,MOVI,2026-07,2026-07-28,13,962,60,0.0624,957,962,49193,67874
OEST,GSM_MOVI,2026-07,2026-07-28,13,2803,476,0.1698,2552,2803,15508,18966
OEST,MOVI,2026-07,2026-07-28,13,119,22,0.1849,116,119,2329,2800
ADT0,GSM_MOVI,2026-07,2026-07-28,14,478,38,0.0795,360,477,10561,23572
AUSO,GSM_MOVI,2026-07,2026-07-28,14,1556,262,0.1684,1466,1556,18371,22650
AUSO,GSM_PERS,2026-07,2026-07-28,14,500,56,0.1120,444,474,4135,5163
AUSO,MOVI,2026-07,2026-07-28,14,141,21,0.1489,137,141,1483,1778
AYS3,GSM_MOVI,2026-07,2026-07-28,14,65,12,0.1846,64,65,6857,9719
AYS3,GSM_PERS,2026-07,2026-07-28,14,134,11,0.0821,134,134,9253,13813
AYSA,GSM_PERS,2026-07,2026-07-28,14,244,17,0.0697,237,244,2716,2855
AYSE,GSM_PERS,2026-07,2026-07-28,14,281,30,0.1068,260,281,10600,16687
AYSJ,GSM_MOVI,2026-07,2026-07-28,14,262,15,0.0573,212,242,929,1296
CVIA,GSM_PERS,2026-07,2026-07-28,14,3478,153,0.0440,3011,3477,88499,117926
CVIA,MOVI,2026-07,2026-07-28,14,203,44,0.2167,203,203,13840,16489
DRPW,GSM_MOVI,2026-07,2026-07-28,14,715,30,0.0420,612,714,4638,8757
DRTV,GSM_MOVI,2026-07,2026-07-28,14,113,12,0.1062,109,113,3798,4408
DRTW,GSM_PERS,2026-07,2026-07-28,14,498,42,0.0843,459,498,4216,6945
DRTW,MOVI,2026-07,2026-07-28,14,145,12,0.0828,144,145,1241,1526
FIME,GSM_MOVI,2026-07,2026-07-28,14,1079,45,0.0417,1067,1079,11521,12140
MEL0,GSM_MOVI,2026-07,2026-07-28,14,395,23,0.0582,379,395,18448,23791
MEL0,MOVI,2026-07,2026-07-28,14,984,60,0.0610,974,984,49193,67874
OEST,GSM_MOVI,2026-07,2026-07-28,14,2909,508,0.1746,2666,2902,15479,18933
OEST,MOVI,2026-07,2026-07-28,14,124,14,0.1129,124,124,2340,2816
ADT0,GSM_MOVI,2026-07,2026-07-28,15,582,47,0.0808,454,578,10561,23572
AUSO,GSM_MOVI,2026-07,2026-07-28,15,1506,248,0.1647,1442,1506,18422,22713
AUSO,GSM_PERS,2026-07,2026-07-28,15,502,44,0.0876,454,485,4135,5163
AUSO,MOVI,2026-07,2026-07-28,15,155,21,0.1355,151,155,1559,1867
AYS3,GSM_MOVI,2026-07,2026-07-28,15,70,12,0.1714,70,70,6857,9719
AYS3,GSM_PERS,2026-07,2026-07-28,15,184,22,0.1196,180,183,9253,13813
AYSA,GSM_PERS,2026-07,2026-07-28,15,354,34,0.0960,349,353,2716,2855
AYSA,MOVI,2026-07,2026-07-28,15,193,26,0.1347,193,193,3974,5182
AYSJ,GSM_MOVI,2026-07,2026-07-28,15,154,2,0.0130,126,146,929,1296
CVIA,GSM_PERS,2026-07,2026-07-28,15,3545,128,0.0361,3127,3543,66167,84151
CVIA,MOVI,2026-07,2026-07-28,15,231,38,0.1645,231,231,13840,16489
DRPW,GSM_MOVI,2026-07,2026-07-28,15,785,24,0.0306,673,785,4638,8757
DRTV,GSM_MOVI,2026-07,2026-07-28,15,69,5,0.0725,67,69,3798,4408
DRTW,GSM_PERS,2026-07,2026-07-28,15,473,44,0.0930,421,473,4216,6945
FIME,GSM_MOVI,2026-07,2026-07-28,15,1004,48,0.0478,994,1004,11521,12140
MEL0,GSM_MOVI,2026-07,2026-07-28,15,413,33,0.0799,391,413,18448,23791
MEL0,MOVI,2026-07,2026-07-28,15,969,72,0.0743,954,968,49193,67874
OEST,GSM_MOVI,2026-07,2026-07-28,15,3006,491,0.1633,2744,3003,15539,19003
OEST,MOVI,2026-07,2026-07-28,15,135,23,0.1704,135,135,2361,2835
ADT0,GSM_MOVI,2026-07,2026-07-28,16,506,30,0.0593,371,502,10561,23572
AUSO,GSM_MOVI,2026-07,2026-07-28,16,2526,407,0.1611,2365,2524,18319,22589
AUSO,GSM_PERS,2026-07,2026-07-28,16,538,59,0.1097,492,522,4113,5136
AUSO,MOVI,2026-07,2026-07-28,16,123,18,0.1463,123,123,1580,1893
AYS3,GSM_MOVI,2026-07,2026-07-28,16,27,4,0.1481,27,27,6857,9719
AYS3,GSM_PERS,2026-07,2026-07-28,16,669,79,0.1181,649,665,9253,13813
AYSA,GSM_PERS,2026-07,2026-07-28,16,429,77,0.1795,422,428,2716,2855
AYSA,MOVI,2026-07,2026-07-28,16,372,48,0.1290,367,372,3974,5182
AYSJ,GSM_MOVI,2026-07,2026-07-28,16,243,12,0.0494,189,224,929,1296
CVIA,GSM_PERS,2026-07,2026-07-28,16,2103,92,0.0437,1901,2097,66167,84151
CVIA,MOVI,2026-07,2026-07-28,16,238,37,0.1555,234,238,13840,16489
DRPW,GSM_MOVI,2026-07,2026-07-28,16,1445,59,0.0408,1166,1445,4638,8757
DRTV,GSM_MOVI,2026-07,2026-07-28,16,172,15,0.0872,164,172,3798,4408
DRTW,GSM_PERS,2026-07,2026-07-28,16,1377,104,0.0755,1197,1376,4216,6945
FIME,GSM_MOVI,2026-07,2026-07-28,16,572,23,0.0402,570,572,11521,12140
MEL0,GSM_MOVI,2026-07,2026-07-28,16,384,31,0.0807,373,384,18448,23791
MEL0,MOVI,2026-07,2026-07-28,16,993,63,0.0634,983,993,49193,67874
OEST,GSM_MOVI,2026-07,2026-07-28,16,1808,291,0.1610,1693,1805,15539,19003
OEST,MOVI,2026-07,2026-07-28,16,127,16,0.1260,126,127,2398,2889
ADT0,GSM_MOVI,2026-07,2026-07-28,17,2938,196,0.0667,1832,2892,10561,23572
AUSO,GSM_MOVI,2026-07,2026-07-28,17,493,83,0.1684,455,493,18422,22713
AUSO,GSM_PERS,2026-07,2026-07-28,17,528,54,0.1023,469,513,4135,5163
AUSO,MOVI,2026-07,2026-07-28,17,136,21,0.1544,134,136,1576,1885
AUSO,Sin proveedor,2026-07,2026-07-28,17,2,2,1.0000,1,1,1,1
AYS3,GSM_MOVI,2026-07,2026-07-28,17,493,81,0.1643,485,490,6857,9719
AYS3,GSM_PERS,2026-07,2026-07-28,17,27,4,0.1481,27,27,8266,12797
AYSA,GSM_PERS,2026-07,2026-07-28,17,278,33,0.1187,276,278,2716,2855
AYSA,MOVI,2026-07,2026-07-28,17,384,48,0.1250,381,384,3974,5182
AYSJ,GSM_MOVI,2026-07,2026-07-28,17,1001,39,0.0390,633,809,929,1296
CVIA,GSM_PERS,2026-07,2026-07-28,17,4246,156,0.0367,3738,4242,66167,84151
CVIA,MOVI,2026-07,2026-07-28,17,239,31,0.1297,239,239,13840,16489
DRPW,GSM_MOVI,2026-07,2026-07-28,17,106,1,0.0094,102,106,4638,8757
DRTV,GSM_MOVI,2026-07,2026-07-28,17,551,44,0.0799,528,551,3798,4408
DRTW,GSM_PERS,2026-07,2026-07-28,17,12,3,0.2500,12,12,4216,6945
MEL0,GSM_MOVI,2026-07,2026-07-28,17,2111,208,0.0985,1968,2109,18448,23791
MEL0,MOVI,2026-07,2026-07-28,17,966,62,0.0642,957,966,49193,67874
OEST,GSM_MOVI,2026-07,2026-07-28,17,526,81,0.1540,488,526,6653,7949
OEST,MOVI,2026-07,2026-07-28,17,147,15,0.1020,147,147,2371,2852
OEST,Sin proveedor,2026-07,2026-07-28,17,1,1,1.0000,1,1,1,1
ADT0,GSM_MOVI,2026-07,2026-07-28,18,1595,137,0.0859,1180,1585,10561,23572
AUSO,GSM_MOVI,2026-07,2026-07-28,18,2062,335,0.1625,1920,2060,7105,8558
AUSO,GSM_PERS,2026-07,2026-07-28,18,1253,101,0.0806,1071,1164,4135,5163
AUSO,MOVI,2026-07,2026-07-28,18,164,19,0.1159,161,164,1583,1896
AYS3,GSM_MOVI,2026-07,2026-07-28,18,125,17,0.1360,125,125,6857,9719
AYSA,GSM_PERS,2026-07,2026-07-28,18,359,44,0.1226,353,358,2716,2855
AYSA,MOVI,2026-07,2026-07-28,18,378,50,0.1323,372,378,3974,5182
AYSJ,GSM_MOVI,2026-07,2026-07-28,18,651,22,0.0338,464,560,929,1296
CVIA,GSM_PERS,2026-07,2026-07-28,18,3541,156,0.0441,3188,3540,66167,84151
CVIA,MOVI,2026-07,2026-07-28,18,216,37,0.1713,216,216,13840,16489
DRTV,GSM_MOVI,2026-07,2026-07-28,18,481,49,0.1019,465,481,3798,4408
MEL0,GSM_MOVI,2026-07,2026-07-28,18,723,74,0.1024,699,723,18448,23791
MEL0,MOVI,2026-07,2026-07-28,18,986,58,0.0588,980,986,49193,67874
OEST,GSM_MOVI,2026-07,2026-07-28,18,3413,521,0.1527,3069,3405,6653,7949
OEST,MOVI,2026-07,2026-07-28,18,145,12,0.0828,142,145,2412,2908
AUSO,GSM_MOVI,2026-07,2026-07-28,19,1089,181,0.1662,1049,1089,7105,8558
AUSO,GSM_PERS,2026-07,2026-07-28,19,3932,349,0.0888,2662,3045,4135,5163
AUSO,MOVI,2026-07,2026-07-28,19,136,13,0.0956,135,136,1573,1882
CVIA,GSM_PERS,2026-07,2026-07-28,19,2018,69,0.0342,1855,2017,66167,84151
CVIA,MOVI,2026-07,2026-07-28,19,243,41,0.1687,239,243,13840,16489
MEL0,MOVI,2026-07,2026-07-28,19,983,61,0.0621,973,983,49193,67874
OEST,GSM_MOVI,2026-07,2026-07-28,19,937,139,0.1483,877,935,6653,7949
OEST,MOVI,2026-07,2026-07-28,19,147,18,0.1224,144,147,2390,2878
AUSO,GSM_PERS,2026-07,2026-07-28,20,695,69,0.0993,654,693,4135,5163
AUSO,MOVI,2026-07,2026-07-28,20,154,17,0.1104,152,154,1555,1858
CVIA,MOVI,2026-07,2026-07-28,20,259,41,0.1583,257,259,13840,16489
MEL0,MOVI,2026-07,2026-07-28,20,993,59,0.0594,982,993,49193,67874
OEST,MOVI,2026-07,2026-07-28,20,130,21,0.1615,130,130,2394,2882
CVIA,MOVI,2026-07,2026-07-28,21,2,1,0.5000,2,2,6938,8205
MEL0,MOVI,2026-07,2026-07-28,21,8025,457,0.0569,7499,8017,49193,67874
OEST,MOVI,2026-07,2026-07-28,21,2,0,0.0000,2,2,202,228
MEL0,MOVI,2026-07,2026-07-28,22,41,5,0.1220,41,41,49193,67874
AUSO,GSM_MOVI,2026-07,2026-07-29,8,370,52,0.1405,308,370,5588,9722
AYS3,GSM_PERS,2026-07,2026-07-29,8,210,21,0.1000,207,210,8823,13360
AYSA,GSM_PERS,2026-07,2026-07-29,8,650,64,0.0985,628,646,2716,2855
AYSE,GSM_MOVI,2026-07,2026-07-29,8,274,65,0.2372,249,273,5984,9224
AYSE,GSM_PERS,2026-07,2026-07-29,8,626,93,0.1486,423,439,10600,16687
CVIA,GSM_MOVI,2026-07,2026-07-29,8,3901,233,0.0597,2827,2536,93274,123898
CVIA,GSM_PERS,2026-07,2026-07-29,8,909,103,0.1133,879,909,32082,48835
DRPW,GSM_MOVI,2026-07,2026-07-29,8,290,17,0.0586,207,290,4638,8757
MEL0,MOVI,2026-07,2026-07-29,8,2496,95,0.0381,2382,2494,49193,67874
AUSO,GSM_MOVI,2026-07,2026-07-29,9,1082,159,0.1470,927,1080,5588,9722
AUSO,MOVI,2026-07,2026-07-29,9,137,21,0.1533,135,137,1575,1885
AYS3,GSM_PERS,2026-07,2026-07-29,9,302,27,0.0894,295,302,8823,13360
AYS3,MOVI,2026-07,2026-07-29,9,8,0,0.0000,5,8,1806,2224
AYSA,GSM_PERS,2026-07,2026-07-29,9,97,15,0.1546,94,97,2716,2855
AYSC,MOVI,2026-07,2026-07-29,9,1123,32,0.0285,537,1108,587,1263
AYSE,GSM_PERS,2026-07,2026-07-29,9,131,21,0.1603,122,123,10600,16687
CVIA,GSM_MOVI,2026-07,2026-07-29,9,6763,538,0.0796,5817,5356,93274,123898
CVIA,GSM_PERS,2026-07,2026-07-29,9,4368,562,0.1287,4120,4363,32082,48835
CVIA,MOVI,2026-07,2026-07-29,9,248,32,0.1290,246,248,13840,16489
DRPW,GSM_MOVI,2026-07,2026-07-29,9,516,16,0.0310,375,516,4638,8757
DRTV,GSM_PERS,2026-07,2026-07-29,9,274,22,0.0803,248,274,5993,9590
DRTW,GSM_MOVI,2026-07,2026-07-29,9,868,46,0.0530,763,868,4936,6258
OEST,GSM_MOVI,2026-07,2026-07-29,9,61,10,0.1639,59,61,2787,3826
OEST,MOVI,2026-07,2026-07-29,9,131,12,0.0916,130,131,2337,2807
AUSO,GSM_MOVI,2026-07,2026-07-29,10,1026,166,0.1618,889,1025,5588,9722
AUSO,MOVI,2026-07,2026-07-29,10,160,21,0.1313,156,159,1538,1840
AUSO,Sin proveedor,2026-07,2026-07-29,10,1,1,1.0000,1,1,1,1
AYS3,GSM_PERS,2026-07,2026-07-29,10,145,12,0.0828,144,145,8823,13360
AYSA,GSM_PERS,2026-07,2026-07-29,10,42,6,0.1429,40,42,2716,2855
AYSC,MOVI,2026-07,2026-07-29,10,157,6,0.0382,131,157,587,1263
AYSE,GSM_PERS,2026-07,2026-07-29,10,32,7,0.2188,31,31,10600,16687
CVIA,GSM_MOVI,2026-07,2026-07-29,10,3253,263,0.0808,2394,1354,93274,123898
CVIA,GSM_PERS,2026-07,2026-07-29,10,4345,592,0.1362,4065,4338,32082,48835
CVIA,MOVI,2026-07,2026-07-29,10,188,44,0.2340,187,188,13840,16489
DRPW,GSM_MOVI,2026-07,2026-07-29,10,663,30,0.0452,479,661,4638,8757
DRTV,GSM_PERS,2026-07,2026-07-29,10,502,38,0.0757,466,502,5993,9590
DRTW,GSM_MOVI,2026-07,2026-07-29,10,1381,85,0.0615,1209,1381,4936,6258
FIME,GSM_MOVI,2026-07,2026-07-29,10,2766,90,0.0325,2691,2764,11521,12140
MEL0,GSM_MOVI,2026-07,2026-07-29,10,325,22,0.0677,306,325,18448,23791
MEL0,MOVI,2026-07,2026-07-29,10,453,26,0.0574,451,453,49193,67874
OEST,GSM_MOVI,2026-07,2026-07-29,10,83,12,0.1446,77,83,2787,3826
OEST,MOVI,2026-07,2026-07-29,10,146,23,0.1575,144,146,2390,2877
AUSO,GSM_MOVI,2026-07,2026-07-29,11,919,175,0.1904,791,918,5588,9722
AUSO,MOVI,2026-07,2026-07-29,11,147,20,0.1361,146,147,1574,1884
AYS3,GSM_PERS,2026-07,2026-07-29,11,701,62,0.0884,679,699,8823,13360
AYSA,GSM_PERS,2026-07,2026-07-29,11,1279,136,0.1063,1252,1273,2716,2855
AYSE,GSM_PERS,2026-07,2026-07-29,11,223,53,0.2377,188,193,10600,16687
CVIA,GSM_MOVI,2026-07,2026-07-29,11,1670,136,0.0814,1197,496,69487,84634
CVIA,GSM_PERS,2026-07,2026-07-29,11,26,6,0.2308,26,26,32082,48835
CVIA,MOVI,2026-07,2026-07-29,11,249,48,0.1928,248,249,13840,16489
DRPW,GSM_MOVI,2026-07,2026-07-29,11,417,19,0.0456,327,417,4638,8757
DRTV,GSM_PERS,2026-07,2026-07-29,11,2976,199,0.0669,2564,2975,5993,9590
DRTW,GSM_MOVI,2026-07,2026-07-29,11,538,39,0.0725,476,538,4936,6258
DRTW,MOVI,2026-07,2026-07-29,11,56,8,0.1429,56,56,1241,1526
FIME,GSM_MOVI,2026-07,2026-07-29,11,3859,143,0.0371,3771,3858,11521,12140
MEL0,GSM_MOVI,2026-07,2026-07-29,11,1085,72,0.0664,1020,1085,18448,23791
MEL0,MOVI,2026-07,2026-07-29,11,969,43,0.0444,961,969,49193,67874
OEST,GSM_MOVI,2026-07,2026-07-29,11,123,27,0.2195,117,123,2787,3826
OEST,MOVI,2026-07,2026-07-29,11,138,16,0.1159,136,138,2419,2919
ADT0,GSM_MOVI,2026-07,2026-07-29,12,413,41,0.0993,289,411,10561,23572
ADT1,GSM_MOVI,2026-07,2026-07-29,12,384,18,0.0469,203,369,322,711
AUSO,GSM_MOVI,2026-07,2026-07-29,12,28,6,0.2143,28,28,5588,9722
AUSO,MOVI,2026-07,2026-07-29,12,161,28,0.1739,158,160,1537,1828
AYS3,GSM_MOVI,2026-07,2026-07-29,12,19,3,0.1579,19,19,6857,9719
AYS3,GSM_PERS,2026-07,2026-07-29,12,33,2,0.0606,33,33,8823,13360
AYSA,GSM_PERS,2026-07,2026-07-29,12,173,25,0.1445,171,173,2716,2855
AYSE,GSM_PERS,2026-07,2026-07-29,12,1786,197,0.1103,1372,1783,10600,16687
CVIA,GSM_MOVI,2026-07,2026-07-29,12,1385,111,0.0801,1022,388,69487,84634
CVIA,MOVI,2026-07,2026-07-29,12,263,45,0.1711,260,263,13840,16489
DRPW,GSM_MOVI,2026-07,2026-07-29,12,560,26,0.0464,437,559,4638,8757
DRTV,GSM_PERS,2026-07,2026-07-29,12,398,28,0.0704,383,398,5993,9590
DRTW,GSM_MOVI,2026-07,2026-07-29,12,200,13,0.0650,180,200,4936,6258
DRTW,MOVI,2026-07,2026-07-29,12,461,27,0.0586,428,461,1241,1526
FIME,GSM_MOVI,2026-07,2026-07-29,12,3859,168,0.0435,3758,3856,11521,12140
MEL0,GSM_MOVI,2026-07,2026-07-29,12,801,59,0.0737,762,801,18448,23791
MEL0,GSM_PERS,2026-07,2026-07-29,12,2265,133,0.0587,2062,2265,12514,15688
MEL0,MOVI,2026-07,2026-07-29,12,1014,61,0.0602,1005,1014,49193,67874
OEST,GSM_MOVI,2026-07,2026-07-29,12,132,30,0.2273,124,132,2787,3826
OEST,GSM_PERS,2026-07,2026-07-29,12,624,104,0.1667,549,621,3013,4415
OEST,MOVI,2026-07,2026-07-29,12,123,18,0.1463,123,123,2382,2867
ADT0,GSM_MOVI,2026-07,2026-07-29,13,599,42,0.0701,422,585,10561,23572
ADT1,GSM_MOVI,2026-07,2026-07-29,13,138,10,0.0725,94,136,322,711
AUSO,MOVI,2026-07,2026-07-29,13,106,15,0.1415,106,106,1541,1834
AYS3,GSM_MOVI,2026-07,2026-07-29,13,53,8,0.1509,53,53,6857,9719
AYSA,GSM_PERS,2026-07,2026-07-29,13,18,2,0.1111,18,18,2716,2855
AYSE,GSM_PERS,2026-07,2026-07-29,13,2570,245,0.0953,2052,2562,10600,16687
CVIA,GSM_MOVI,2026-07,2026-07-29,13,3256,292,0.0897,2433,1014,69487,84634
CVIA,MOVI,2026-07,2026-07-29,13,210,39,0.1857,209,210,13840,16489
DRPW,GSM_MOVI,2026-07,2026-07-29,13,1279,54,0.0422,947,1279,4638,8757
DRTV,GSM_PERS,2026-07,2026-07-29,13,38,5,0.1316,37,38,5993,9590
DRTW,GSM_MOVI,2026-07,2026-07-29,13,310,20,0.0645,287,310,4936,6258
DRTW,MOVI,2026-07,2026-07-29,13,471,28,0.0594,433,471,1241,1526
FIME,GSM_MOVI,2026-07,2026-07-29,13,1566,72,0.0460,1546,1566,11521,12140
MEL0,GSM_MOVI,2026-07,2026-07-29,13,429,31,0.0723,408,429,18448,23791
MEL0,GSM_PERS,2026-07,2026-07-29,13,2014,147,0.0730,1839,2013,12514,15688
MEL0,MOVI,2026-07,2026-07-29,13,967,55,0.0569,958,967,49193,67874
OEST,GSM_MOVI,2026-07,2026-07-29,13,276,64,0.2319,252,275,2787,3826
OEST,GSM_PERS,2026-07,2026-07-29,13,551,93,0.1688,487,547,3013,4415
OEST,MOVI,2026-07,2026-07-29,13,107,9,0.0841,107,107,2405,2900
ADT0,GSM_MOVI,2026-07,2026-07-29,14,620,42,0.0677,426,611,10561,23572
AYS3,GSM_MOVI,2026-07,2026-07-29,14,42,7,0.1667,42,42,6857,9719
AYSA,GSM_PERS,2026-07,2026-07-29,14,53,3,0.0566,53,53,2716,2855
AYSE,GSM_PERS,2026-07,2026-07-29,14,2291,227,0.0991,1781,2291,10600,16687
CVIA,GSM_MOVI,2026-07,2026-07-29,14,4965,346,0.0697,3566,1276,69487,84634
CVIA,MOVI,2026-07,2026-07-29,14,284,54,0.1901,283,283,13840,16489
DRPW,GSM_MOVI,2026-07,2026-07-29,14,1344,49,0.0365,1016,1344,4638,8757
DRTV,GSM_PERS,2026-07,2026-07-29,14,97,7,0.0722,95,97,5993,9590
DRTV,MOVI,2026-07,2026-07-29,14,225,18,0.0800,216,225,1623,1977
DRTW,GSM_MOVI,2026-07,2026-07-29,14,160,10,0.0625,142,160,4936,6258
DRTW,MOVI,2026-07,2026-07-29,14,240,15,0.0625,234,240,1241,1526
MEL0,GSM_MOVI,2026-07,2026-07-29,14,497,49,0.0986,466,497,18448,23791
MEL0,GSM_PERS,2026-07,2026-07-29,14,2365,174,0.0736,2255,2364,12514,15688
MEL0,MOVI,2026-07,2026-07-29,14,1003,52,0.0518,994,1003,49193,67874
OEST,GSM_MOVI,2026-07,2026-07-29,14,202,40,0.1980,197,201,2787,3826
OEST,GSM_PERS,2026-07,2026-07-29,14,343,47,0.1370,321,341,3013,4415
ADT0,GSM_MOVI,2026-07,2026-07-29,15,643,46,0.0715,491,641,10561,23572
AYS3,GSM_MOVI,2026-07,2026-07-29,15,104,24,0.2308,103,104,6857,9719
AYS3,GSM_PERS,2026-07,2026-07-29,15,3,0,0.0000,3,3,8823,13360
AYSA,GSM_PERS,2026-07,2026-07-29,15,93,7,0.0753,93,93,2716,2855
AYSE,GSM_PERS,2026-07,2026-07-29,15,23,4,0.1739,23,23,10600,16687
AYSE,MOVI,2026-07,2026-07-29,15,161,39,0.2422,161,161,3222,4259
CVIA,GSM_MOVI,2026-07,2026-07-29,15,4540,375,0.0826,3500,1409,69487,84634
CVIA,MOVI,2026-07,2026-07-29,15,364,79,0.2170,358,364,13840,16489
DRPW,GSM_MOVI,2026-07,2026-07-29,15,1855,69,0.0372,1400,1855,4638,8757
DRTV,GSM_PERS,2026-07,2026-07-29,15,126,7,0.0556,117,126,5993,9590
DRTV,MOVI,2026-07,2026-07-29,15,478,37,0.0774,457,478,1623,1977
DRTW,GSM_MOVI,2026-07,2026-07-29,15,203,13,0.0640,190,203,4936,6258
DRTW,MOVI,2026-07,2026-07-29,15,19,0,0.0000,19,19,1241,1526
MEL0,GSM_MOVI,2026-07,2026-07-29,15,357,25,0.0700,342,357,18448,23791
MEL0,GSM_PERS,2026-07,2026-07-29,15,2815,204,0.0725,2640,2814,12514,15688
MEL0,MOVI,2026-07,2026-07-29,15,1009,42,0.0416,1002,1009,49193,67874
OEST,GSM_MOVI,2026-07,2026-07-29,15,164,39,0.2378,158,164,2787,3826
ADT0,GSM_MOVI,2026-07,2026-07-29,16,2051,151,0.0736,1451,2019,10561,23572
AYS3,GSM_MOVI,2026-07,2026-07-29,16,224,32,0.1429,219,224,6857,9719
AYSE,MOVI,2026-07,2026-07-29,16,271,64,0.2362,270,270,3222,4259
CVIA,GSM_MOVI,2026-07,2026-07-29,16,2504,156,0.0623,2040,666,69487,84634
CVIA,MOVI,2026-07,2026-07-29,16,431,69,0.1601,429,431,13840,16489
DRPW,GSM_MOVI,2026-07,2026-07-29,16,676,28,0.0414,579,676,4638,8757
DRTV,MOVI,2026-07,2026-07-29,16,459,36,0.0784,435,459,1623,1977
DRTW,GSM_MOVI,2026-07,2026-07-29,16,703,34,0.0484,653,703,4936,6258
DRTW,MOVI,2026-07,2026-07-29,16,19,1,0.0526,19,19,1241,1526
MEL0,GSM_MOVI,2026-07,2026-07-29,16,1618,139,0.0859,1503,1618,18448,23791
MEL0,MOVI,2026-07,2026-07-29,16,985,48,0.0487,978,985,49193,67874
OEST,GSM_MOVI,2026-07,2026-07-29,16,124,23,0.1855,121,124,2787,3826
OEST,Sin proveedor,2026-07,2026-07-29,16,1,1,1.0000,1,1,1,1
ADT0,GSM_MOVI,2026-07,2026-07-29,17,1940,124,0.0639,1333,1920,10561,23572
AUSO,MOVI,2026-07,2026-07-29,17,76,8,0.1053,76,76,866,1055
AYS3,GSM_MOVI,2026-07,2026-07-29,17,397,51,0.1285,390,396,6857,9719
AYSE,MOVI,2026-07,2026-07-29,17,295,65,0.2203,290,294,3222,4259
CVIA,MOVI,2026-07,2026-07-29,17,390,69,0.1769,380,390,13840,16489
DRTV,MOVI,2026-07,2026-07-29,17,455,30,0.0659,432,455,1623,1977
DRTW,GSM_MOVI,2026-07,2026-07-29,17,1040,70,0.0673,948,1040,4936,6258
DRTW,MOVI,2026-07,2026-07-29,17,25,0,0.0000,25,25,1241,1526
MEL0,GSM_MOVI,2026-07,2026-07-29,17,1446,132,0.0913,1374,1446,18448,23791
MEL0,MOVI,2026-07,2026-07-29,17,1050,53,0.0505,1045,1050,49193,67874
OEST,MOVI,2026-07,2026-07-29,17,76,10,0.1316,74,76,897,1083
AUSO,MOVI,2026-07,2026-07-29,18,150,16,0.1067,147,150,935,1143
AYSE,MOVI,2026-07,2026-07-29,18,284,64,0.2254,282,284,3222,4259
CVIA,MOVI,2026-07,2026-07-29,18,206,43,0.2087,206,206,13840,16489
DRTV,MOVI,2026-07,2026-07-29,18,121,11,0.0909,119,121,1623,1977
DRTW,MOVI,2026-07,2026-07-29,18,3,1,0.3333,3,3,1241,1526
MEL0,MOVI,2026-07,2026-07-29,18,1011,57,0.0564,1004,1011,49193,67874
OEST,MOVI,2026-07,2026-07-29,18,160,10,0.0625,157,160,956,1160
AUSO,MOVI,2026-07,2026-07-29,19,154,12,0.0779,150,154,919,1120
AYSE,MOVI,2026-07,2026-07-29,19,269,66,0.2454,267,269,3222,4259
CVIA,MOVI,2026-07,2026-07-29,19,208,43,0.2067,207,208,13840,16489
MEL0,MOVI,2026-07,2026-07-29,19,1000,57,0.0570,993,1000,49193,67874
OEST,MOVI,2026-07,2026-07-29,19,149,20,0.1342,147,149,951,1152
AUSO,MOVI,2026-07,2026-07-29,20,161,10,0.0621,153,161,926,1127
AYSE,MOVI,2026-07,2026-07-29,20,324,83,0.2562,322,324,3222,4259
CVIA,MOVI,2026-07,2026-07-29,20,170,27,0.1588,169,170,13840,16489
MEL0,MOVI,2026-07,2026-07-29,20,995,64,0.0643,982,995,49193,67874
OEST,MOVI,2026-07,2026-07-29,20,159,3,0.0189,157,159,960,1163
AUSO,MOVI,2026-07,2026-07-29,21,1,0,0.0000,1,1,6,11
AYSE,MOVI,2026-07,2026-07-29,21,2,1,0.5000,2,2,467,491
CVIA,MOVI,2026-07,2026-07-29,21,2,1,0.5000,2,2,13840,16489
MEL0,MOVI,2026-07,2026-07-29,21,7531,385,0.0511,7074,7531,49193,67874
OEST,MOVI,2026-07,2026-07-29,21,2,1,0.5000,2,2,167,196
MEL0,MOVI,2026-07,2026-07-29,22,78,8,0.1026,78,78,49193,67874
AUSO,GSM_MOVI,2026-07,2026-07-30,8,315,30,0.0952,289,315,11317,14155
AYS3,GSM_PERS,2026-07,2026-07-30,8,194,13,0.0670,189,194,8823,13360
AYSA,GSM_PERS,2026-07,2026-07-30,8,625,78,0.1248,600,621,2716,2855
AYSE,GSM_MOVI,2026-07,2026-07-30,8,282,69,0.2447,256,281,5984,9224
AYSE,GSM_PERS,2026-07,2026-07-30,8,628,84,0.1338,432,450,10600,16687
CVIA,GSM_MOVI,2026-07,2026-07-30,8,4585,228,0.0497,3043,1724,93274,123898
CVIA,GSM_PERS,2026-07,2026-07-30,8,941,104,0.1105,906,941,32082,48835
DRPW,GSM_MOVI,2026-07,2026-07-30,8,53,3,0.0566,49,53,4638,8757
MEL0,MOVI,2026-07,2026-07-30,8,1296,45,0.0347,1262,1296,49193,67874
REVO,GSM_PERS,2026-07,2026-07-30,8,14,1,0.0714,14,14,8028,9136
AUSO,GSM_MOVI,2026-07,2026-07-30,9,785,88,0.1121,733,784,11317,14155
AYS3,GSM_PERS,2026-07,2026-07-30,9,350,31,0.0886,336,350,8823,13360
AYS3,MOVI,2026-07,2026-07-30,9,3,0,0.0000,3,3,1806,2224
AYSA,GSM_PERS,2026-07,2026-07-30,9,82,9,0.1098,82,82,2716,2855
AYSC,MOVI,2026-07,2026-07-30,9,649,31,0.0478,403,640,587,1263
AYSE,GSM_PERS,2026-07,2026-07-30,9,97,16,0.1649,93,94,10600,16687
CVIA,GSM_MOVI,2026-07,2026-07-30,9,7787,646,0.0830,6585,5604,93274,123898
CVIA,GSM_PERS,2026-07,2026-07-30,9,4432,533,0.1203,4194,4429,32082,48835
DRPW,GSM_MOVI,2026-07,2026-07-30,9,49,9,0.1837,46,49,4638,8757
DRTV,GSM_MOVI,2026-07,2026-07-30,9,1124,52,0.0463,1028,1124,3798,4408
DRTW,GSM_PERS,2026-07,2026-07-30,9,284,11,0.0387,259,284,4216,6945
OEST,MOVI,2026-07,2026-07-30,9,110,7,0.0636,110,110,878,1062
AUSO,GSM_MOVI,2026-07,2026-07-30,10,896,87,0.0971,829,895,11317,14155
AUSO,MOVI,2026-07,2026-07-30,10,70,5,0.0714,68,70,876,1066
AYS3,GSM_PERS,2026-07,2026-07-30,10,199,20,0.1005,195,199,8823,13360
AYSA,GSM_PERS,2026-07,2026-07-30,10,44,5,0.1136,43,43,2716,2855
AYSC,MOVI,2026-07,2026-07-30,10,88,7,0.0795,75,88,587,1263
AYSE,GSM_PERS,2026-07,2026-07-30,10,368,45,0.1223,291,297,10600,16687
CVIA,GSM_MOVI,2026-07,2026-07-30,10,3989,133,0.0333,2343,459,69487,84634
CVIA,GSM_PERS,2026-07,2026-07-30,10,3900,513,0.1315,3697,3895,32082,48835
DRPW,GSM_MOVI,2026-07,2026-07-30,10,68,6,0.0882,63,68,4638,8757
DRTV,GSM_MOVI,2026-07,2026-07-30,10,1358,76,0.0560,1232,1356,3798,4408
DRTW,GSM_PERS,2026-07,2026-07-30,10,583,31,0.0532,518,582,4216,6945
DRTW,MOVI,2026-07,2026-07-30,10,449,27,0.0601,427,449,1241,1526
FIME,GSM_MOVI,2026-07,2026-07-30,10,3511,137,0.0390,3428,3510,11521,12140
MEL0,GSM_MOVI,2026-07,2026-07-30,10,449,32,0.0713,423,449,18448,23791
MEL0,MOVI,2026-07,2026-07-30,10,453,24,0.0530,452,453,49193,67874
OEST,MOVI,2026-07,2026-07-30,10,259,25,0.0965,247,259,979,1187
OEST,Sin proveedor,2026-07,2026-07-30,10,1,1,1.0000,1,1,2,2
AUSO,GSM_MOVI,2026-07,2026-07-30,11,529,69,0.1304,493,529,11317,14155
AUSO,MOVI,2026-07,2026-07-30,11,191,9,0.0471,187,191,965,1178
AYS3,GSM_PERS,2026-07,2026-07-30,11,633,56,0.0885,622,631,8823,13360
AYSA,GSM_PERS,2026-07,2026-07-30,11,1681,198,0.1178,1630,1673,2716,2855
AYSC,MOVI,2026-07,2026-07-30,11,27,0,0.0000,25,27,587,1263
AYSE,GSM_PERS,2026-07,2026-07-30,11,29,8,0.2759,29,29,10600,16687
CVIA,GSM_MOVI,2026-07,2026-07-30,11,2188,89,0.0407,1354,285,69487,84634
DRPW,GSM_MOVI,2026-07,2026-07-30,11,53,6,0.1132,50,53,4638,8757
DRTV,GSM_MOVI,2026-07,2026-07-30,11,357,21,0.0588,336,357,3798,4408
DRTW,GSM_PERS,2026-07,2026-07-30,11,2257,142,0.0629,1913,2256,4216,6945
DRTW,MOVI,2026-07,2026-07-30,11,496,22,0.0444,463,496,1241,1526
FIME,GSM_MOVI,2026-07,2026-07-30,11,5149,201,0.0390,4997,5146,11521,12140
MEL0,GSM_MOVI,2026-07,2026-07-30,11,1669,103,0.0617,1559,1669,18448,23791
MEL0,MOVI,2026-07,2026-07-30,11,991,34,0.0343,986,991,49193,67874
OEST,MOVI,2026-07,2026-07-30,11,135,14,0.1037,133,135,935,1135
ADT0,GSM_MOVI,2026-07,2026-07-30,12,529,53,0.1002,398,523,10561,23572
ADT1,GSM_MOVI,2026-07,2026-07-30,12,88,2,0.0227,57,86,322,711
AUSO,GSM_MOVI,2026-07,2026-07-30,12,535,71,0.1327,492,535,11317,14155
AUSO,MOVI,2026-07,2026-07-30,12,193,21,0.1088,189,193,957,1171
AYS3,GSM_MOVI,2026-07,2026-07-30,12,22,3,0.1364,22,22,6857,9719
AYS3,MOVI,2026-07,2026-07-30,12,1,1,1.0000,1,1,1806,2224
AYSC,MOVI,2026-07,2026-07-30,12,28,0,0.0000,25,28,587,1263
AYSE,GSM_PERS,2026-07,2026-07-30,12,3234,294,0.0909,2405,3231,10600,16687
CVIA,GSM_MOVI,2026-07,2026-07-30,12,2008,95,0.0473,1343,278,69487,84634
DRPW,GSM_MOVI,2026-07,2026-07-30,12,67,11,0.1642,64,67,4638,8757
DRTV,GSM_MOVI,2026-07,2026-07-30,12,249,18,0.0723,233,249,3798,4408
DRTW,MOVI,2026-07,2026-07-30,12,312,13,0.0417,300,312,1241,1526
FIME,GSM_MOVI,2026-07,2026-07-30,12,2405,100,0.0416,2368,2404,11521,12140
MEL0,GSM_MOVI,2026-07,2026-07-30,12,937,73,0.0779,883,937,18448,23791
MEL0,GSM_PERS,2026-07,2026-07-30,12,487,30,0.0616,473,487,12514,15688
MEL0,MOVI,2026-07,2026-07-30,12,962,50,0.0520,955,961,49193,67874
OEST,GSM_MOVI,2026-07,2026-07-30,12,2897,330,0.1139,2618,2886,8886,11054
OEST,MOVI,2026-07,2026-07-30,12,134,5,0.0373,129,134,933,1133
OEST,Sin proveedor,2026-07,2026-07-30,12,1,1,1.0000,1,1,3,3
ADT0,GSM_MOVI,2026-07,2026-07-30,13,610,62,0.1016,473,604,10561,23572
ADT1,GSM_MOVI,2026-07,2026-07-30,13,60,3,0.0500,39,59,322,711
AUSO,GSM_MOVI,2026-07,2026-07-30,13,534,63,0.1180,503,534,11317,14155
AUSO,MOVI,2026-07,2026-07-30,13,166,13,0.0783,158,166,959,1166
AYS3,GSM_MOVI,2026-07,2026-07-30,13,116,11,0.0948,115,116,6857,9719
AYS3,MOVI,2026-07,2026-07-30,13,1,0,0.0000,1,1,1806,2224
AYSC,MOVI,2026-07,2026-07-30,13,19,1,0.0526,18,19,587,1263
AYSE,GSM_PERS,2026-07,2026-07-30,13,3175,307,0.0967,2430,3170,10600,16687
CVIA,GSM_MOVI,2026-07,2026-07-30,13,1898,80,0.0421,1317,256,69487,84634
DRPW,GSM_MOVI,2026-07,2026-07-30,13,116,22,0.1897,106,116,4638,8757
DRTV,GSM_MOVI,2026-07,2026-07-30,13,152,10,0.0658,145,152,3798,4408
DRTW,Sin proveedor,2026-07,2026-07-30,13,1,1,1.0000,1,1,2,2
FIME,GSM_MOVI,2026-07,2026-07-30,13,810,38,0.0469,797,810,11521,12140
MEL0,GSM_MOVI,2026-07,2026-07-30,13,680,63,0.0926,650,680,18448,23791
MEL0,GSM_PERS,2026-07,2026-07-30,13,2005,131,0.0653,1888,2005,12514,15688
MEL0,MOVI,2026-07,2026-07-30,13,981,56,0.0571,968,981,49193,67874
OEST,GSM_MOVI,2026-07,2026-07-30,13,4544,478,0.1052,3984,4531,8886,11054
OEST,MOVI,2026-07,2026-07-30,13,152,17,0.1118,147,152,956,1164
REVO,Sin proveedor,2026-07,2026-07-30,13,1,1,1.0000,1,1,3,3
ADT0,GSM_MOVI,2026-07,2026-07-30,14,676,56,0.0828,520,671,10561,23572
ADT1,GSM_MOVI,2026-07,2026-07-30,14,89,4,0.0449,59,87,322,711
AUSO,GSM_MOVI,2026-07,2026-07-30,14,1192,144,0.1208,1101,1192,11317,14155
AUSO,MOVI,2026-07,2026-07-30,14,191,19,0.0995,189,191,923,1129
AUSO,Sin proveedor,2026-07,2026-07-30,14,1,1,1.0000,1,1,1,1
AYS3,GSM_MOVI,2026-07,2026-07-30,14,171,32,0.1871,164,171,6857,9719
AYSC,MOVI,2026-07,2026-07-30,14,23,1,0.0435,20,23,587,1263
CVIA,GSM_MOVI,2026-07,2026-07-30,14,5854,260,0.0444,3728,751,69487,84634
CVIA,MOVI,2026-07,2026-07-30,14,5,0,0.0000,5,5,6938,8205
DRPW,GSM_MOVI,2026-07,2026-07-30,14,189,24,0.1270,172,189,4638,8757
DRTV,GSM_MOVI,2026-07,2026-07-30,14,156,10,0.0641,150,156,3798,4408
FIME,GSM_MOVI,2026-07,2026-07-30,14,175,5,0.0286,175,175,11521,12140
MEL0,GSM_MOVI,2026-07,2026-07-30,14,557,41,0.0736,525,557,18448,23791
MEL0,GSM_PERS,2026-07,2026-07-30,14,3171,202,0.0637,2964,3171,12514,15688
MEL0,MOVI,2026-07,2026-07-30,14,932,39,0.0418,923,932,49193,67874
OEST,GSM_MOVI,2026-07,2026-07-30,14,1093,129,0.1180,1026,1092,8886,11054
OEST,MOVI,2026-07,2026-07-30,14,125,11,0.0880,124,125,945,1149
ADT0,GSM_MOVI,2026-07,2026-07-30,15,774,56,0.0724,584,762,10561,23572
ADT1,GSM_MOVI,2026-07,2026-07-30,15,158,6,0.0380,118,155,322,711
AUSO,GSM_MOVI,2026-07,2026-07-30,15,1445,162,0.1121,1344,1445,11317,14155
AUSO,MOVI,2026-07,2026-07-30,15,184,10,0.0543,176,184,958,1169
AYS3,GSM_MOVI,2026-07,2026-07-30,15,152,28,0.1842,150,152,6857,9719
AYSC,MOVI,2026-07,2026-07-30,15,15,0,0.0000,14,15,587,1263
CVIA,GSM_MOVI,2026-07,2026-07-30,15,5551,265,0.0477,3779,768,69487,84634
CVIA,GSM_PERS,2026-07,2026-07-30,15,1294,83,0.0641,996,1294,46833,54307
CVIA,MOVI,2026-07,2026-07-30,15,208,38,0.1827,207,208,13840,16489
DRPW,GSM_MOVI,2026-07,2026-07-30,15,1160,136,0.1172,992,1157,4638,8757
DRTV,GSM_MOVI,2026-07,2026-07-30,15,359,25,0.0696,344,359,3798,4408
MEL0,GSM_MOVI,2026-07,2026-07-30,15,538,48,0.0892,515,538,18448,23791
MEL0,MOVI,2026-07,2026-07-30,15,961,54,0.0562,953,961,49193,67874
OEST,MOVI,2026-07,2026-07-30,15,145,14,0.0966,141,144,910,1098
ADT0,GSM_MOVI,2026-07,2026-07-30,16,1195,131,0.1096,894,1178,10561,23572
ADT1,GSM_MOVI,2026-07,2026-07-30,16,121,5,0.0413,91,119,322,711
AUSO,GSM_MOVI,2026-07,2026-07-30,16,1589,151,0.0950,1463,1589,11317,14155
AUSO,MOVI,2026-07,2026-07-30,16,163,15,0.0920,159,163,923,1121
AYS3,GSM_MOVI,2026-07,2026-07-30,16,204,28,0.1373,203,203,6857,9719
AYSC,MOVI,2026-07,2026-07-30,16,16,1,0.0625,16,16,587,1263
CVIA,GSM_MOVI,2026-07,2026-07-30,16,5502,246,0.0447,3806,754,81569,104749
CVIA,GSM_PERS,2026-07,2026-07-30,16,5143,343,0.0667,3860,5138,42953,68240
CVIA,MOVI,2026-07,2026-07-30,16,184,47,0.2554,183,184,6938,8205
DRPW,GSM_MOVI,2026-07,2026-07-30,16,49,7,0.1429,48,49,4638,8757
DRTV,GSM_MOVI,2026-07,2026-07-30,16,231,13,0.0563,226,231,3798,4408
MEL0,GSM_MOVI,2026-07,2026-07-30,16,1125,95,0.0844,1078,1124,18448,23791
MEL0,MOVI,2026-07,2026-07-30,16,972,62,0.0638,968,972,49193,67874
OEST,MOVI,2026-07,2026-07-30,16,128,12,0.0938,126,128,928,1125
ADT0,GSM_MOVI,2026-07,2026-07-30,17,960,81,0.0844,702,942,8562,19381
AUSO,GSM_MOVI,2026-07,2026-07-30,17,2084,287,0.1377,1912,2082,11317,14155
AUSO,MOVI,2026-07,2026-07-30,17,16,0,0.0000,16,16,641,782
AYS3,GSM_MOVI,2026-07,2026-07-30,17,164,19,0.1159,161,163,6857,9719
AYSC,MOVI,2026-07,2026-07-30,17,35,1,0.0286,30,35,587,1263
CVIA,GSM_MOVI,2026-07,2026-07-30,17,6504,303,0.0466,4528,850,69487,84634
CVIA,GSM_PERS,2026-07,2026-07-30,17,4928,314,0.0637,3793,4921,27720,44664
CVIA,MOVI,2026-07,2026-07-30,17,223,39,0.1749,223,223,6938,8205
MEL0,GSM_MOVI,2026-07,2026-07-30,17,442,24,0.0543,416,442,18448,23791
MEL0,MOVI,2026-07,2026-07-30,17,942,54,0.0573,936,942,49193,67874
OEST,MOVI,2026-07,2026-07-30,17,7,0,0.0000,7,7,385,450
AUSO,GSM_MOVI,2026-07,2026-07-30,18,785,116,0.1478,738,784,11317,14155
AYSC,MOVI,2026-07,2026-07-30,18,31,1,0.0323,28,31,587,1263
CVIA,GSM_MOVI,2026-07,2026-07-30,18,6932,323,0.0466,4869,976,81569,104749
CVIA,GSM_PERS,2026-07,2026-07-30,18,5169,304,0.0588,4156,5162,27720,44664
CVIA,MOVI,2026-07,2026-07-30,18,233,41,0.1760,231,233,6938,8205
MEL0,MOVI,2026-07,2026-07-30,18,942,58,0.0616,935,942,49193,67874
AYSC,MOVI,2026-07,2026-07-30,19,20,0,0.0000,18,20,587,1263
CVIA,GSM_PERS,2026-07,2026-07-30,19,6358,366,0.0576,5275,6352,27720,44664
CVIA,MOVI,2026-07,2026-07-30,19,182,33,0.1813,181,182,6938,8205
MEL0,MOVI,2026-07,2026-07-30,19,974,63,0.0647,969,974,49193,67874
AYS3,MOVI,2026-07,2026-07-30,20,1,0,0.0000,1,1,1806,2224
AYSC,MOVI,2026-07,2026-07-30,20,26,0,0.0000,25,26,587,1263
CVIA,GSM_PERS,2026-07,2026-07-30,20,4418,276,0.0625,3784,4411,27720,44664
CVIA,MOVI,2026-07,2026-07-30,20,218,43,0.1972,218,218,6938,8205
MEL0,MOVI,2026-07,2026-07-30,20,983,55,0.0560,972,983,49193,67874
AYS3,MOVI,2026-07,2026-07-30,21,2,0,0.0000,2,2,1806,2224
AYSC,MOVI,2026-07,2026-07-30,21,236,1,0.0042,165,234,587,1263
CVIA,MOVI,2026-07,2026-07-30,21,2,0,0.0000,2,2,6938,8205
MEL0,MOVI,2026-07,2026-07-30,21,7605,438,0.0576,7126,7601,49193,67874
MEL0,MOVI,2026-07,2026-07-30,22,44,3,0.0682,44,44,49193,67874
AUSO,GSM_MOVI,2026-07,2026-07-31,8,1009,140,0.1388,852,1008,5588,9722
AYS3,GSM_MOVI,2026-07,2026-07-31,8,35,6,0.1714,32,35,6857,9719
AYS3,GSM_PERS,2026-07,2026-07-31,8,219,14,0.0639,213,219,8823,13360
AYSA,GSM_MOVI,2026-07,2026-07-31,8,78,22,0.2821,72,78,4150,5658
AYSA,GSM_PERS,2026-07,2026-07-31,8,649,70,0.1079,630,642,2716,2855
AYSC,MOVI,2026-07,2026-07-31,8,69,1,0.0145,56,69,587,1263
AYSE,GSM_MOVI,2026-07,2026-07-31,8,302,67,0.2219,273,302,5984,9224
AYSE,GSM_PERS,2026-07,2026-07-31,8,716,101,0.1411,472,487,10600,16687
CVIA,GSM_MOVI,2026-07,2026-07-31,8,1613,99,0.0614,1316,1611,34370,56418
CVIA,GSM_PERS,2026-07,2026-07-31,8,976,146,0.1496,937,976,32082,48835
DRPW,GSM_MOVI,2026-07,2026-07-31,8,1361,144,0.1058,1176,1355,4638,8757
MEL0,MOVI,2026-07,2026-07-31,8,1688,66,0.0391,1628,1688,49193,67874
AUSO,GSM_MOVI,2026-07,2026-07-31,9,1853,285,0.1538,1547,1847,5588,9722
AYS3,GSM_PERS,2026-07,2026-07-31,9,287,26,0.0906,281,287,8823,13360
AYS3,MOVI,2026-07,2026-07-31,9,6,0,0.0000,5,6,1806,2224
AYSA,GSM_PERS,2026-07,2026-07-31,9,100,10,0.1000,99,99,2716,2855
AYSC,MOVI,2026-07,2026-07-31,9,1122,40,0.0357,541,1106,587,1263
AYSE,GSM_PERS,2026-07,2026-07-31,9,88,17,0.1932,83,85,10600,16687
AYSE,MOVI,2026-07,2026-07-31,9,157,25,0.1592,156,157,1869,2057
CVIA,GSM_MOVI,2026-07,2026-07-31,9,5629,580,0.1030,5237,5618,34370,56418
CVIA,GSM_PERS,2026-07,2026-07-31,9,4748,633,0.1333,4465,4742,32082,48835
DRPW,GSM_MOVI,2026-07,2026-07-31,9,426,45,0.1056,386,426,4638,8757
DRTV,GSM_PERS,2026-07,2026-07-31,9,324,16,0.0494,312,324,5993,9590
OEST,GSM_MOVI,2026-07,2026-07-31,9,1146,208,0.1815,1003,1135,2787,3826
AUSO,GSM_MOVI,2026-07,2026-07-31,10,504,91,0.1806,474,504,5588,9722
AYS3,GSM_PERS,2026-07,2026-07-31,10,109,7,0.0642,108,109,8823,13360
AYS3,MOVI,2026-07,2026-07-31,10,2,0,0.0000,2,2,1806,2224
AYSA,GSM_PERS,2026-07,2026-07-31,10,55,5,0.0909,55,55,2716,2855
AYSC,MOVI,2026-07,2026-07-31,10,160,7,0.0438,133,160,587,1263
AYSE,GSM_PERS,2026-07,2026-07-31,10,76,15,0.1974,74,74,10600,16687
AYSE,MOVI,2026-07,2026-07-31,10,332,65,0.1958,331,332,1869,2057
CVIA,GSM_PERS,2026-07,2026-07-31,10,4505,666,0.1478,4176,4495,59802,93499
DRTV,GSM_PERS,2026-07,2026-07-31,10,783,37,0.0473,721,783,5993,9590
FIME,GSM_MOVI,2026-07,2026-07-31,10,5895,198,0.0336,5708,5890,11521,12140
MEL0,GSM_MOVI,2026-07,2026-07-31,10,549,45,0.0820,521,549,18448,23791
MEL0,MOVI,2026-07,2026-07-31,10,476,23,0.0483,470,476,49193,67874
AYS3,GSM_PERS,2026-07,2026-07-31,11,109,10,0.0917,107,109,8823,13360
AYSA,GSM_PERS,2026-07,2026-07-31,11,322,41,0.1273,320,322,2716,2855
AYSE,GSM_PERS,2026-07,2026-07-31,11,232,57,0.2457,203,206,10600,16687
AYSE,MOVI,2026-07,2026-07-31,11,293,50,0.1706,291,293,1869,2057
CVIA,GSM_MOVI,2026-07,2026-07-31,11,1996,315,0.1578,1520,1996,35988,59285
CVIA,GSM_PERS,2026-07,2026-07-31,11,3866,268,0.0693,2993,3863,27720,44664
DRTV,GSM_PERS,2026-07,2026-07-31,11,452,33,0.0730,409,452,5993,9590
FIME,GSM_MOVI,2026-07,2026-07-31,11,5362,212,0.0395,5198,5359,11521,12140
MEL0,GSM_MOVI,2026-07,2026-07-31,11,1982,152,0.0767,1856,1982,18448,23791
MEL0,MOVI,2026-07,2026-07-31,11,985,47,0.0477,980,985,49193,67874
AYS3,GSM_MOVI,2026-07,2026-07-31,12,23,6,0.2609,22,23,6857,9719
AYS3,GSM_PERS,2026-07,2026-07-31,12,40,5,0.1250,40,39,8823,13360
AYSA,GSM_PERS,2026-07,2026-07-31,12,100,10,0.1000,99,100,2716,2855
AYSE,GSM_PERS,2026-07,2026-07-31,12,540,53,0.0981,443,538,12743,19924
AYSE,MOVI,2026-07,2026-07-31,12,295,48,0.1627,294,295,1869,2057
AYSJ,GSM_MOVI,2026-07,2026-07-31,12,319,13,0.0408,273,319,929,1296
CVIA,GSM_MOVI,2026-07,2026-07-31,12,6776,1042,0.1538,5286,6771,55553,67199
CVIA,GSM_PERS,2026-07,2026-07-31,12,2513,194,0.0772,2040,2513,27720,44664
DRTV,GSM_PERS,2026-07,2026-07-31,12,287,25,0.0871,266,287,5993,9590
FIME,GSM_MOVI,2026-07,2026-07-31,12,793,41,0.0517,785,793,11521,12140
MEL0,GSM_MOVI,2026-07,2026-07-31,12,1183,94,0.0795,1120,1183,18448,23791
MEL0,GSM_PERS,2026-07,2026-07-31,12,1599,114,0.0713,1466,1597,12514,15688
MEL0,MOVI,2026-07,2026-07-31,12,997,56,0.0562,990,997,49193,67874
OEST,GSM_PERS,2026-07,2026-07-31,12,136,24,0.1765,128,136,3013,4415
AYS3,GSM_MOVI,2026-07,2026-07-31,13,269,33,0.1227,262,268,6857,9719
AYS3,GSM_PERS,2026-07,2026-07-31,13,63,5,0.0794,63,63,8823,13360
AYSA,GSM_PERS,2026-07,2026-07-31,13,123,7,0.0569,121,123,2716,2855
AYSE,GSM_PERS,2026-07,2026-07-31,13,842,73,0.0867,663,840,12743,19924
AYSE,MOVI,2026-07,2026-07-31,13,322,64,0.1988,316,322,1869,2057
AYSJ,GSM_MOVI,2026-07,2026-07-31,13,466,25,0.0536,353,425,929,1296
CVIA,GSM_MOVI,2026-07,2026-07-31,13,7582,1152,0.1519,6066,7576,51238,79337
CVIA,GSM_PERS,2026-07,2026-07-31,13,2161,148,0.0685,1810,2160,27720,44664
CVIA,MOVI,2026-07,2026-07-31,13,46,8,0.1739,46,46,6938,8205
DRTV,GSM_PERS,2026-07,2026-07-31,13,188,8,0.0426,177,188,5993,9590
DRTV,MOVI,2026-07,2026-07-31,13,124,9,0.0726,122,124,1623,1977
DRTW,MOVI,2026-07,2026-07-31,13,107,7,0.0654,106,107,1241,1526
MEL0,GSM_MOVI,2026-07,2026-07-31,13,781,67,0.0858,738,781,18448,23791
MEL0,GSM_PERS,2026-07,2026-07-31,13,1800,136,0.0756,1662,1799,12514,15688
MEL0,MOVI,2026-07,2026-07-31,13,1037,55,0.0530,1027,1037,49193,67874
MEL0,Sin proveedor,2026-07,2026-07-31,13,1,0,0.0000,1,1,2,2
OEST,GSM_PERS,2026-07,2026-07-31,13,91,15,0.1648,80,91,3013,4415
AYS3,GSM_MOVI,2026-07,2026-07-31,14,214,27,0.1262,212,214,6857,9719
AYS3,GSM_PERS,2026-07,2026-07-31,14,466,30,0.0644,456,465,8823,13360
AYSA,GSM_PERS,2026-07,2026-07-31,14,387,37,0.0956,385,385,2716,2855
AYSE,GSM_PERS,2026-07,2026-07-31,14,610,65,0.1066,517,608,12743,19924
AYSE,MOVI,2026-07,2026-07-31,14,37,7,0.1892,37,37,1869,2057
AYSJ,GSM_MOVI,2026-07,2026-07-31,14,727,31,0.0426,505,639,929,1296
CVIA,GSM_MOVI,2026-07,2026-07-31,14,7559,1134,0.1500,6056,7553,35988,59285
CVIA,GSM_PERS,2026-07,2026-07-31,14,2340,150,0.0641,1950,2339,27720,44664
CVIA,MOVI,2026-07,2026-07-31,14,221,59,0.2670,221,221,6938,8205
DRTV,GSM_PERS,2026-07,2026-07-31,14,251,14,0.0558,236,251,5993,9590
DRTV,MOVI,2026-07,2026-07-31,14,275,18,0.0655,268,275,1623,1977
DRTW,MOVI,2026-07,2026-07-31,14,219,12,0.0548,216,219,1241,1526
MEL0,GSM_MOVI,2026-07,2026-07-31,14,661,52,0.0787,640,661,18448,23791
MEL0,GSM_PERS,2026-07,2026-07-31,14,1065,82,0.0770,1015,1065,12514,15688
MEL0,MOVI,2026-07,2026-07-31,14,973,50,0.0514,969,973,49193,67874
OEST,GSM_PERS,2026-07,2026-07-31,14,120,17,0.1417,113,120,3013,4415
AYS3,GSM_MOVI,2026-07,2026-07-31,15,198,32,0.1616,195,198,6857,9719
AYS3,GSM_PERS,2026-07,2026-07-31,15,69,11,0.1594,69,69,8823,13360
AYSA,GSM_PERS,2026-07,2026-07-31,15,685,78,0.1139,668,683,2716,2855
AYSE,GSM_PERS,2026-07,2026-07-31,15,788,74,0.0939,655,788,12743,19924
AYSJ,GSM_MOVI,2026-07,2026-07-31,15,715,28,0.0392,516,622,929,1296
CVIA,GSM_MOVI,2026-07,2026-07-31,15,7612,1149,0.1509,6273,7605,35988,59285
CVIA,GSM_PERS,2026-07,2026-07-31,15,2676,208,0.0777,2188,2672,27720,44664
CVIA,MOVI,2026-07,2026-07-31,15,515,109,0.2117,507,515,13840,16489
DRTV,GSM_PERS,2026-07,2026-07-31,15,275,17,0.0618,256,275,5993,9590
DRTV,MOVI,2026-07,2026-07-31,15,261,19,0.0728,252,261,1623,1977
DRTW,MOVI,2026-07,2026-07-31,15,198,12,0.0606,192,198,1241,1526
MEL0,GSM_MOVI,2026-07,2026-07-31,15,630,50,0.0794,612,629,18448,23791
MEL0,GSM_PERS,2026-07,2026-07-31,15,519,31,0.0597,499,519,12514,15688
MEL0,MOVI,2026-07,2026-07-31,15,1031,50,0.0485,1024,1031,49193,67874
OEST,GSM_PERS,2026-07,2026-07-31,15,105,20,0.1905,96,105,3013,4415
AYS3,GSM_MOVI,2026-07,2026-07-31,16,113,17,0.1504,113,113,6857,9719
AYSE,GSM_PERS,2026-07,2026-07-31,16,1098,99,0.0902,892,1096,12743,19924
AYSJ,GSM_MOVI,2026-07,2026-07-31,16,377,21,0.0557,307,350,929,1296
CVIA,GSM_MOVI,2026-07,2026-07-31,16,8357,1245,0.1490,6943,8347,35988,59285
CVIA,GSM_PERS,2026-07,2026-07-31,16,3072,231,0.0752,2581,3070,42953,68240
CVIA,MOVI,2026-07,2026-07-31,16,580,111,0.1914,570,580,6938,8205
DRTV,GSM_PERS,2026-07,2026-07-31,16,268,12,0.0448,252,268,5993,9590
DRTV,MOVI,2026-07,2026-07-31,16,264,17,0.0644,253,264,1623,1977
DRTW,MOVI,2026-07,2026-07-31,16,198,14,0.0707,194,198,1241,1526
MEL0,GSM_MOVI,2026-07,2026-07-31,16,369,28,0.0759,357,369,18448,23791
MEL0,GSM_PERS,2026-07,2026-07-31,16,524,42,0.0802,512,524,12514,15688
MEL0,MOVI,2026-07,2026-07-31,16,995,53,0.0533,985,995,49193,67874
OEST,GSM_PERS,2026-07,2026-07-31,16,226,35,0.1549,202,226,3013,4415
AYSE,GSM_PERS,2026-07,2026-07-31,17,1236,122,0.0987,998,1235,12743,19924
CVIA,GSM_MOVI,2026-07,2026-07-31,17,9702,1258,0.1297,7693,9463,35988,59285
CVIA,GSM_PERS,2026-07,2026-07-31,17,2393,163,0.0681,2042,2392,27720,44664
CVIA,MOVI,2026-07,2026-07-31,17,565,94,0.1664,557,565,13840,16489
DRTV,GSM_PERS,2026-07,2026-07-31,17,218,14,0.0642,207,218,5993,9590
DRTV,MOVI,2026-07,2026-07-31,17,266,10,0.0376,256,266,1623,1977
DRTW,MOVI,2026-07,2026-07-31,17,191,12,0.0628,189,191,1241,1526
MEL0,GSM_MOVI,2026-07,2026-07-31,17,37,3,0.0811,36,37,18448,23791
MEL0,GSM_PERS,2026-07,2026-07-31,17,558,37,0.0663,531,558,12514,15688
MEL0,MOVI,2026-07,2026-07-31,17,1003,48,0.0479,995,1003,49193,67874
OEST,GSM_PERS,2026-07,2026-07-31,17,813,157,0.1931,727,809,3013,4415
AYSE,GSM_PERS,2026-07,2026-07-31,18,996,72,0.0723,826,993,12743,19924
CVIA,GSM_MOVI,2026-07,2026-07-31,18,10203,571,0.0560,7290,10055,51238,79337
CVIA,GSM_PERS,2026-07,2026-07-31,18,3450,252,0.0730,2944,3447,27720,44664
CVIA,MOVI,2026-07,2026-07-31,18,571,93,0.1629,561,571,6938,8205
DRTV,GSM_PERS,2026-07,2026-07-31,18,193,9,0.0466,181,193,5993,9590
DRTV,MOVI,2026-07,2026-07-31,18,273,14,0.0513,269,273,1623,1977
DRTW,MOVI,2026-07,2026-07-31,18,226,9,0.0398,216,226,1241,1526
MEL0,GSM_PERS,2026-07,2026-07-31,18,603,29,0.0481,584,603,12514,15688
MEL0,MOVI,2026-07,2026-07-31,18,983,52,0.0529,977,983,49193,67874
OEST,Sin proveedor,2026-07,2026-07-31,18,1,1,1.0000,1,1,1,1
AYSE,GSM_PERS,2026-07,2026-07-31,19,1171,82,0.0700,965,1171,12743,19924
CVIA,GSM_MOVI,2026-07,2026-07-31,19,9855,608,0.0617,7144,9656,35988,59285
CVIA,GSM_PERS,2026-07,2026-07-31,19,3369,186,0.0552,2883,3367,27720,44664
CVIA,MOVI,2026-07,2026-07-31,19,502,98,0.1952,497,502,6938,8205
DRTV,GSM_PERS,2026-07,2026-07-31,19,215,19,0.0884,205,215,5993,9590
DRTV,MOVI,2026-07,2026-07-31,19,251,15,0.0598,245,251,1623,1977
DRTW,MOVI,2026-07,2026-07-31,19,177,11,0.0621,170,177,1241,1526
MEL0,GSM_PERS,2026-07,2026-07-31,19,538,45,0.0836,529,537,12514,15688
MEL0,MOVI,2026-07,2026-07-31,19,984,71,0.0722,971,984,49193,67874
AYSE,GSM_PERS,2026-07,2026-07-31,20,1210,125,0.1033,1045,1209,12743,19924
CVIA,GSM_PERS,2026-07,2026-07-31,20,4237,249,0.0588,3711,4234,27720,44664
CVIA,MOVI,2026-07,2026-07-31,20,552,94,0.1703,541,551,13840,16489
DRTV,GSM_PERS,2026-07,2026-07-31,20,284,23,0.0810,276,284,5993,9590
MEL0,GSM_PERS,2026-07,2026-07-31,20,622,53,0.0852,610,622,12514,15688
MEL0,MOVI,2026-07,2026-07-31,20,1005,57,0.0567,998,1005,49193,67874
CVIA,GSM_PERS,2026-07,2026-07-31,21,4,0,0.0000,4,4,22071,35872
CVIA,MOVI,2026-07,2026-07-31,21,2,0,0.0000,2,2,6938,8205
MEL0,MOVI,2026-07,2026-07-31,21,6991,378,0.0541,6580,6991,49193,67874
MEL0,MOVI,2026-07,2026-07-31,22,38,0,0.0000,36,38,49193,67874
AYSE,GSM_PERS,2026-08,2026-08-01,8,396,26,0.0657,369,396,6270,8977
CVIA,GSM_MOVI,2026-08,2026-08-01,8,2408,234,0.0972,2008,2175,35470,58012
CVIA,GSM_PERS,2026-08,2026-08-01,8,1858,97,0.0522,1738,1857,19275,22812
DRPW,GSM_MOVI,2026-08,2026-08-01,8,922,80,0.0868,799,919,1481,1768
DRTV,GSM_PERS,2026-08,2026-08-01,8,117,4,0.0342,115,117,3806,4665
MEL0,GSM_PERS,2026-08,2026-08-01,8,257,7,0.0272,254,257,1093,1122
REVO,GSM_PERS,2026-08,2026-08-01,8,5,0,0.0000,5,5,48,49
AUSO,GSM_MOVI,2026-08,2026-08-01,9,1487,207,0.1392,1327,1482,3130,3693
AYSE,GSM_PERS,2026-08,2026-08-01,9,425,31,0.0729,394,425,6270,8977
CVIA,GSM_MOVI,2026-08,2026-08-01,9,5004,232,0.0464,4393,4999,35470,58012
CVIA,GSM_PERS,2026-08,2026-08-01,9,4057,385,0.0949,3818,4055,19275,22812
DRPW,GSM_MOVI,2026-08,2026-08-01,9,58,4,0.0690,51,58,1481,1768
DRTV,GSM_PERS,2026-08,2026-08-01,9,381,20,0.0525,349,372,3806,4665
DRTW,GSM_PERS,2026-08,2026-08-01,9,137,3,0.0219,129,137,2700,3386
MEL0,GSM_PERS,2026-08,2026-08-01,9,238,10,0.0420,236,238,1093,1122
MEL0,MOVI,2026-08,2026-08-01,9,375,12,0.0320,371,375,839,853
OEST,GSM_MOVI,2026-08,2026-08-01,9,3496,343,0.0981,3136,3493,9006,10796
REVO,GSM_PERS,2026-08,2026-08-01,9,2,0,0.0000,2,2,48,49
REVO,MOVI,2026-08,2026-08-01,9,6807,585,0.0859,5907,6805,12445,14940
AUSO,GSM_MOVI,2026-08,2026-08-01,10,1650,229,0.1388,1492,1642,3130,3693
AYSE,GSM_PERS,2026-08,2026-08-01,10,368,30,0.0815,341,368,6270,8977
CVIA,GSM_MOVI,2026-08,2026-08-01,10,3415,167,0.0489,2939,3414,35470,58012
CVIA,GSM_PERS,2026-08,2026-08-01,10,4010,395,0.0985,3807,4008,19275,22812
DRPW,GSM_MOVI,2026-08,2026-08-01,10,107,11,0.1028,101,107,1481,1768
DRTV,GSM_PERS,2026-08,2026-08-01,10,423,22,0.0520,384,420,3806,4665
DRTW,GSM_PERS,2026-08,2026-08-01,10,276,19,0.0688,243,276,2700,3386
FIME,GSM_MOVI,2026-08,2026-08-01,10,1999,60,0.0300,1960,1999,11517,12036
MEL0,GSM_MOVI,2026-08,2026-08-01,10,57,3,0.0526,50,57,23082,30166
MEL0,GSM_PERS,2026-08,2026-08-01,10,69,4,0.0580,69,69,1093,1122
MEL0,MOVI,2026-08,2026-08-01,10,388,24,0.0619,382,388,839,853
OEST,GSM_MOVI,2026-08,2026-08-01,10,2954,337,0.1141,2701,2949,9006,10796
REVO,GSM_PERS,2026-08,2026-08-01,10,1,0,0.0000,1,1,19,19
REVO,MOVI,2026-08,2026-08-01,10,6967,622,0.0893,6140,6963,12445,14940
REVO,Sin proveedor,2026-08,2026-08-01,10,1,1,1.0000,1,1,1,1
AUSO,GSM_MOVI,2026-08,2026-08-01,11,95,20,0.2105,90,95,3130,3693
AYSE,GSM_PERS,2026-08,2026-08-01,11,180,15,0.0833,173,180,6270,8977
CVIA,GSM_MOVI,2026-08,2026-08-01,11,3049,111,0.0364,2558,3047,35470,58012
CVIA,GSM_PERS,2026-08,2026-08-01,11,1708,201,0.1177,1659,1707,19275,22812
DRPW,GSM_MOVI,2026-08,2026-08-01,11,134,15,0.1119,127,134,1481,1768
DRTV,GSM_PERS,2026-08,2026-08-01,11,350,39,0.1114,321,344,3806,4665
DRTW,GSM_PERS,2026-08,2026-08-01,11,245,11,0.0449,218,245,2700,3386
FIME,GSM_MOVI,2026-08,2026-08-01,11,3320,101,0.0304,3230,3319,11517,12036
MEL0,GSM_MOVI,2026-08,2026-08-01,11,1664,89,0.0535,1522,1658,23082,30166
MEL0,GSM_PERS,2026-08,2026-08-01,11,178,8,0.0449,167,178,24042,34149
MEL0,MOVI,2026-08,2026-08-01,11,90,5,0.0556,89,90,839,853
OEST,GSM_MOVI,2026-08,2026-08-01,11,2121,284,0.1339,1930,2120,9006,10796
REVO,GSM_PERS,2026-08,2026-08-01,11,2410,196,0.0813,2207,2409,5570,6469
REVO,MOVI,2026-08,2026-08-01,11,1160,101,0.0871,1083,1160,12445,14940
AUSO,GSM_MOVI,2026-08,2026-08-01,12,854,95,0.1112,783,854,9673,11390
AUSO,GSM_PERS,2026-08,2026-08-01,12,397,37,0.0932,351,386,4109,5051
AYSE,GSM_PERS,2026-08,2026-08-01,12,71,5,0.0704,70,71,6270,8977
CVIA,GSM_MOVI,2026-08,2026-08-01,12,2228,102,0.0458,1932,2228,35470,58012
CVIA,GSM_PERS,2026-08,2026-08-01,12,1119,129,0.1153,1084,1119,19275,22812
DRPW,GSM_MOVI,2026-08,2026-08-01,12,37,2,0.0541,37,37,1481,1768
DRTV,GSM_PERS,2026-08,2026-08-01,12,53,2,0.0377,52,53,3806,4665
DRTW,GSM_PERS,2026-08,2026-08-01,12,28,2,0.0714,28,28,2700,3386
FIME,GSM_MOVI,2026-08,2026-08-01,12,2803,105,0.0375,2756,2801,11517,12036
MEL0,GSM_MOVI,2026-08,2026-08-01,12,2721,187,0.0687,2365,2667,23082,30166
MEL0,GSM_PERS,2026-08,2026-08-01,12,1924,90,0.0468,1646,1877,24042,34149
OEST,GSM_MOVI,2026-08,2026-08-01,12,1310,159,0.1214,1245,1310,9006,10796
REVO,GSM_MOVI,2026-08,2026-08-01,12,1,1,1.0000,1,1,3,3
REVO,GSM_PERS,2026-08,2026-08-01,12,1431,112,0.0783,1314,1431,5551,6450
AUSO,GSM_MOVI,2026-08,2026-08-01,13,1097,141,0.1285,1005,1097,9515,11201
AUSO,GSM_PERS,2026-08,2026-08-01,13,536,71,0.1325,497,526,4109,5051
AYSE,GSM_PERS,2026-08,2026-08-01,13,71,3,0.0423,69,71,6270,8977
CVIA,GSM_MOVI,2026-08,2026-08-01,13,1926,97,0.0504,1663,1926,35470,58012
CVIA,GSM_PERS,2026-08,2026-08-01,13,960,104,0.1083,934,960,19275,22812
DRPW,GSM_MOVI,2026-08,2026-08-01,13,95,14,0.1474,91,95,1481,1768
DRTV,GSM_PERS,2026-08,2026-08-01,13,51,6,0.1176,48,51,3806,4665
DRTW,GSM_PERS,2026-08,2026-08-01,13,32,0,0.0000,27,32,2700,3386
FIME,GSM_MOVI,2026-08,2026-08-01,13,3046,119,0.0391,2983,3043,11517,12036
MEL0,GSM_MOVI,2026-08,2026-08-01,13,3385,253,0.0747,2949,3341,23082,30166
MEL0,GSM_PERS,2026-08,2026-08-01,13,2012,77,0.0383,1726,1967,24042,34149
OEST,GSM_MOVI,2026-08,2026-08-01,13,710,85,0.1197,687,710,6088,7151
REVO,GSM_PERS,2026-08,2026-08-01,13,1536,124,0.0807,1422,1535,5551,6450
AUSO,GSM_MOVI,2026-08,2026-08-01,14,2530,297,0.1174,2281,2524,9374,11031
AUSO,GSM_PERS,2026-08,2026-08-01,14,530,51,0.0962,465,513,4109,5051
AYSE,GSM_PERS,2026-08,2026-08-01,14,29,3,0.1034,28,29,5423,8063
CVIA,GSM_MOVI,2026-08,2026-08-01,14,4332,113,0.0261,3590,4330,42337,66114
CVIA,GSM_PERS,2026-08,2026-08-01,14,693,81,0.1169,675,693,19275,22812
DRPW,GSM_MOVI,2026-08,2026-08-01,14,110,10,0.0909,108,110,1481,1768
DRTV,GSM_PERS,2026-08,2026-08-01,14,49,1,0.0204,48,49,3806,4665
DRTW,GSM_PERS,2026-08,2026-08-01,14,38,4,0.1053,37,38,2700,3386
FIME,GSM_MOVI,2026-08,2026-08-01,14,882,41,0.0465,870,882,11517,12036
MEL0,GSM_MOVI,2026-08,2026-08-01,14,1966,145,0.0738,1778,1940,23082,30166
MEL0,GSM_PERS,2026-08,2026-08-01,14,2704,98,0.0362,2249,2591,22949,33027
OEST,GSM_MOVI,2026-08,2026-08-01,14,241,28,0.1162,235,241,6088,7151
REVO,GSM_MOVI,2026-08,2026-08-01,14,2,0,0.0000,2,2,3,3
REVO,GSM_PERS,2026-08,2026-08-01,14,1081,99,0.0916,1019,1081,5551,6450
AUSO,GSM_MOVI,2026-08,2026-08-01,15,3369,383,0.1137,3058,3362,9673,11390
AUSO,GSM_PERS,2026-08,2026-08-01,15,547,56,0.1024,491,536,4081,5015
CVIA,GSM_MOVI,2026-08,2026-08-01,15,4582,103,0.0225,3723,4569,21446,37057
DRPW,GSM_MOVI,2026-08,2026-08-01,15,310,46,0.1484,284,310,1481,1768
DRTV,GSM_PERS,2026-08,2026-08-01,15,87,6,0.0690,78,87,3806,4665
DRTW,GSM_PERS,2026-08,2026-08-01,15,30,0,0.0000,29,30,2700,3386
MEL0,GSM_MOVI,2026-08,2026-08-01,15,1833,129,0.0704,1670,1815,23082,30166
MEL0,GSM_PERS,2026-08,2026-08-01,15,4724,191,0.0404,3660,4276,22949,33027
AUSO,GSM_MOVI,2026-08,2026-08-01,16,119,13,0.1092,116,119,3130,3693
AUSO,GSM_PERS,2026-08,2026-08-01,16,566,60,0.1060,503,553,4079,5019
DRPW,GSM_MOVI,2026-08,2026-08-01,16,1,0,0.0000,1,1,1481,1768
DRTV,GSM_PERS,2026-08,2026-08-01,16,37,3,0.0811,33,37,3806,4665
DRTW,GSM_PERS,2026-08,2026-08-01,16,24,0,0.0000,21,24,2700,3386
MEL0,GSM_MOVI,2026-08,2026-08-01,16,10569,650,0.0615,8692,9854,23082,30166
MEL0,GSM_PERS,2026-08,2026-08-01,16,4820,181,0.0376,3606,4343,24042,34149
AUSO,GSM_MOVI,2026-08,2026-08-01,17,254,39,0.1535,245,253,3130,3693
AUSO,GSM_PERS,2026-08,2026-08-01,17,539,62,0.1150,488,529,4109,5051
DRTV,GSM_PERS,2026-08,2026-08-01,17,47,2,0.0426,42,47,3806,4665
DRTW,GSM_PERS,2026-08,2026-08-01,17,32,0,0.0000,31,32,2700,3386
MEL0,GSM_MOVI,2026-08,2026-08-01,17,10272,676,0.0658,8424,9546,23082,30166
MEL0,GSM_PERS,2026-08,2026-08-01,17,4896,156,0.0319,3853,4468,23811,33910
AUSO,GSM_PERS,2026-08,2026-08-01,18,594,73,0.1229,546,578,4109,5051
DRTV,GSM_PERS,2026-08,2026-08-01,18,297,17,0.0572,280,293,3806,4665
DRTW,GSM_PERS,2026-08,2026-08-01,18,215,16,0.0744,206,215,2700,3386
MEL0,GSM_PERS,2026-08,2026-08-01,18,5063,217,0.0429,4453,4745,24042,34149
AUSO,GSM_PERS,2026-08,2026-08-01,19,606,69,0.1139,568,592,4109,5051
DRTV,GSM_PERS,2026-08,2026-08-01,19,358,25,0.0698,342,356,3806,4665
DRTW,GSM_PERS,2026-08,2026-08-01,19,203,12,0.0591,193,203,2700,3386
MEL0,GSM_PERS,2026-08,2026-08-01,19,5034,219,0.0435,4260,4579,24042,34149
AUSO,GSM_PERS,2026-08,2026-08-01,20,552,51,0.0924,514,535,4109,5051
DRTV,GSM_PERS,2026-08,2026-08-01,20,338,20,0.0592,323,333,3806,4665
DRTW,GSM_PERS,2026-08,2026-08-01,20,287,23,0.0801,274,287,2700,3386
MEL0,GSM_PERS,2026-08,2026-08-01,20,5056,264,0.0522,4308,4603,24042,34149
AUSO,GSM_PERS,2026-08,2026-08-01,21,1,0,0.0000,1,1,152,188
MEL0,GSM_PERS,2026-08,2026-08-01,21,14,0,0.0000,14,14,22949,33027
AUSO,GSM_PERS,2026-08,2026-08-02,8,271,13,0.0480,251,268,4050,4980
CVIA,GSM_MOVI,2026-08,2026-08-02,8,2490,79,0.0317,2080,2486,35470,58012
CVIA,GSM_PERS,2026-08,2026-08-02,8,1123,50,0.0445,1057,1123,31731,40015
DRTV,GSM_PERS,2026-08,2026-08-02,8,86,0,0.0000,82,86,3806,4665
DRTW,GSM_PERS,2026-08,2026-08-02,8,59,5,0.0847,53,59,2700,3386
MEL0,GSM_PERS,2026-08,2026-08-02,8,1120,22,0.0196,1048,1099,24042,34149
REVO,GSM_PERS,2026-08,2026-08-02,8,14,1,0.0714,14,14,5618,6518
AUSO,GSM_PERS,2026-08,2026-08-02,9,583,41,0.0703,536,568,4109,5051
CVIA,GSM_MOVI,2026-08,2026-08-02,9,10078,476,0.0472,8717,10064,35470,58012
CVIA,GSM_PERS,2026-08,2026-08-02,9,4297,346,0.0805,4045,4293,31731,40015
DRTV,GSM_PERS,2026-08,2026-08-02,9,25,0,0.0000,24,25,3806,4665
DRTW,GSM_PERS,2026-08,2026-08-02,9,10,1,0.1000,10,10,2700,3386
MEL0,GSM_PERS,2026-08,2026-08-02,9,401,12,0.0299,376,398,22949,33027
REVO,MOVI,2026-08,2026-08-02,9,7868,105,0.0133,6674,7865,12407,14902
AUSO,GSM_PERS,2026-08,2026-08-02,10,544,59,0.1085,495,521,4109,5051
CVIA,GSM_MOVI,2026-08,2026-08-02,10,4636,104,0.0224,3608,4628,21446,37057
CVIA,GSM_PERS,2026-08,2026-08-02,10,4228,412,0.0974,3988,4225,31731,40015
DRTV,GSM_PERS,2026-08,2026-08-02,10,43,3,0.0698,43,43,3806,4665
DRTW,GSM_PERS,2026-08,2026-08-02,10,23,1,0.0435,21,23,2700,3386
MEL0,GSM_MOVI,2026-08,2026-08-02,10,2727,83,0.0304,2309,2727,23082,30166
MEL0,GSM_PERS,2026-08,2026-08-02,10,473,17,0.0359,440,470,24042,34149
MEL0,MOVI,2026-08,2026-08-02,10,9175,113,0.0123,7062,9174,48045,70967
AUSO,GSM_PERS,2026-08,2026-08-02,11,532,47,0.0883,496,517,4109,5051
CVIA,GSM_PERS,2026-08,2026-08-02,11,2214,110,0.0497,2001,2213,31731,40015
DRTV,GSM_PERS,2026-08,2026-08-02,11,108,6,0.0556,105,108,3806,4665
DRTW,GSM_PERS,2026-08,2026-08-02,11,130,12,0.0923,116,130,2700,3386
MEL0,GSM_MOVI,2026-08,2026-08-02,11,10911,276,0.0253,9286,10907,23082,30166
MEL0,GSM_PERS,2026-08,2026-08-02,11,2331,88,0.0378,2053,2239,24042,34149
MEL0,MOVI,2026-08,2026-08-02,11,17338,216,0.0125,13988,16105,48045,70967
AUSO,GSM_PERS,2026-08,2026-08-02,12,620,65,0.1048,578,599,4109,5051
CVIA,GSM_PERS,2026-08,2026-08-02,12,373,13,0.0349,333,373,23669,30942
DRTV,GSM_PERS,2026-08,2026-08-02,12,49,2,0.0408,45,49,3806,4665
DRTW,GSM_PERS,2026-08,2026-08-02,12,13,0,0.0000,13,13,2700,3386
MEL0,GSM_MOVI,2026-08,2026-08-02,12,2331,80,0.0343,2115,2330,23082,30166
MEL0,GSM_PERS,2026-08,2026-08-02,12,5335,148,0.0277,4555,5320,24042,34149
MEL0,MOVI,2026-08,2026-08-02,12,16190,238,0.0147,13400,14909,48045,70967
AUSO,GSM_PERS,2026-08,2026-08-02,13,606,59,0.0974,564,591,4109,5051
CVIA,GSM_PERS,2026-08,2026-08-02,13,393,14,0.0356,371,393,23669,30942
DRTV,GSM_PERS,2026-08,2026-08-02,13,44,1,0.0227,43,44,3806,4665
DRTW,GSM_PERS,2026-08,2026-08-02,13,39,2,0.0513,36,39,2700,3386
MEL0,GSM_PERS,2026-08,2026-08-02,13,5589,170,0.0304,4788,5551,24042,34149
MEL0,MOVI,2026-08,2026-08-02,13,16150,227,0.0141,13506,14987,48045,70967
AUSO,GSM_PERS,2026-08,2026-08-02,14,618,57,0.0922,580,599,4109,5051
CVIA,GSM_PERS,2026-08,2026-08-02,14,1337,33,0.0247,1241,1337,23669,30942
DRTV,GSM_PERS,2026-08,2026-08-02,14,200,13,0.0650,192,200,3806,4665
DRTW,GSM_PERS,2026-08,2026-08-02,14,150,11,0.0733,139,150,2700,3386
MEL0,GSM_PERS,2026-08,2026-08-02,14,4173,166,0.0398,3565,3800,24042,34149
MEL0,MOVI,2026-08,2026-08-02,14,16237,219,0.0135,13534,14956,48045,70967
AUSO,GSM_PERS,2026-08,2026-08-02,15,628,60,0.0955,594,612,4109,5051
CVIA,GSM_PERS,2026-08,2026-08-02,15,1681,32,0.0190,1566,1680,23669,30942
DRTV,GSM_PERS,2026-08,2026-08-02,15,174,14,0.0805,165,174,3806,4665
DRTW,GSM_PERS,2026-08,2026-08-02,15,93,6,0.0645,90,93,2700,3386
MEL0,GSM_PERS,2026-08,2026-08-02,15,3916,153,0.0391,3429,3634,24042,34149
MEL0,MOVI,2026-08,2026-08-02,15,8068,113,0.0140,7114,7760,48045,70967
AUSO,GSM_PERS,2026-08,2026-08-02,16,649,57,0.0878,607,628,4109,5051
CVIA,GSM_PERS,2026-08,2026-08-02,16,1344,23,0.0171,1256,1343,23669,30942
DRTV,GSM_PERS,2026-08,2026-08-02,16,189,11,0.0582,185,189,3806,4665
DRTW,GSM_PERS,2026-08,2026-08-02,16,89,6,0.0674,84,89,2700,3386
MEL0,GSM_PERS,2026-08,2026-08-02,16,4228,155,0.0367,3701,3922,24042,34149
AUSO,GSM_PERS,2026-08,2026-08-02,17,21,3,0.1429,21,21,2251,2770
CVIA,GSM_PERS,2026-08,2026-08-02,17,1576,48,0.0305,1472,1576,23669,30942
DRTV,GSM_PERS,2026-08,2026-08-02,17,165,12,0.0727,159,165,3806,4665
DRTW,GSM_PERS,2026-08,2026-08-02,17,191,13,0.0681,180,191,2700,3386
MEL0,GSM_PERS,2026-08,2026-08-02,17,4561,180,0.0395,3926,4172,24042,34149
CVIA,GSM_PERS,2026-08,2026-08-02,18,1595,49,0.0307,1497,1595,23669,30942
DRTV,GSM_PERS,2026-08,2026-08-02,18,350,18,0.0514,332,350,3806,4665
DRTW,GSM_PERS,2026-08,2026-08-02,18,160,9,0.0563,151,160,2700,3386
MEL0,GSM_PERS,2026-08,2026-08-02,18,4415,176,0.0399,3798,4012,24042,34149
CVIA,GSM_PERS,2026-08,2026-08-02,19,1793,54,0.0301,1675,1793,23669,30942
DRTV,GSM_PERS,2026-08,2026-08-02,19,166,13,0.0783,159,165,3806,4665
DRTW,GSM_PERS,2026-08,2026-08-02,19,150,17,0.1133,145,150,2700,3386
MEL0,GSM_PERS,2026-08,2026-08-02,19,4449,204,0.0459,3860,4072,24042,34149
CVIA,GSM_PERS,2026-08,2026-08-02,20,1523,45,0.0295,1443,1523,23669,30942
DRTV,GSM_PERS,2026-08,2026-08-02,20,185,12,0.0649,178,183,3806,4665
DRTW,GSM_PERS,2026-08,2026-08-02,20,142,17,0.1197,141,142,2700,3386
MEL0,GSM_PERS,2026-08,2026-08-02,20,4744,191,0.0403,4106,4365,24042,34149
CVIA,GSM_PERS,2026-08,2026-08-02,21,10,1,0.1000,10,10,19825,26330
AYS3,GSM_MOVI,2026-08,2026-08-03,8,31,8,0.2581,29,31,823,848
AYS3,GSM_PERS,2026-08,2026-08-03,8,51,8,0.1569,51,51,1327,1382
AYSA,GSM_MOVI,2026-08,2026-08-03,8,75,22,0.2933,67,75,74,82
AYSA,GSM_PERS,2026-08,2026-08-03,8,87,11,0.1264,86,87,2335,2441
AYSE,GSM_MOVI,2026-08,2026-08-03,8,310,71,0.2290,281,310,415,459
AYSE,GSM_PERS,2026-08,2026-08-03,8,195,44,0.2256,186,194,6270,8977
CVIA,GSM_MOVI,2026-08,2026-08-03,8,1945,180,0.0925,1710,1941,52244,62615
CVIA,GSM_PERS,2026-08,2026-08-03,8,1144,113,0.0988,1093,1144,31731,40015
DRTV,GSM_PERS,2026-08,2026-08-03,8,47,1,0.0213,47,47,3806,4665
DRTW,GSM_PERS,2026-08,2026-08-03,8,14,1,0.0714,14,14,2700,3386
MEL0,GSM_PERS,2026-08,2026-08-03,8,1149,25,0.0218,1082,1117,22949,33027
AYS3,GSM_PERS,2026-08,2026-08-03,9,26,3,0.1154,26,26,1327,1382
AYS3,MOVI,2026-08,2026-08-03,9,516,12,0.0233,499,516,4528,6041
AYSA,GSM_PERS,2026-08,2026-08-03,9,38,10,0.2632,38,38,2335,2441
AYSC,MOVI,2026-08,2026-08-03,9,1281,38,0.0297,587,1262,588,1265
AYSE,GSM_PERS,2026-08,2026-08-03,9,38,7,0.1842,38,38,6270,8977
CVIA,GSM_MOVI,2026-08,2026-08-03,9,5434,617,0.1135,5034,5427,14024,20955
CVIA,GSM_PERS,2026-08,2026-08-03,9,4799,722,0.1504,4507,4793,31731,40015
DRTV,GSM_PERS,2026-08,2026-08-03,9,39,3,0.0769,38,39,3806,4665
DRTW,GSM_MOVI,2026-08,2026-08-03,9,3772,296,0.0785,3036,3770,3715,4999
DRTW,GSM_PERS,2026-08,2026-08-03,9,13,0,0.0000,13,13,2700,3386
MEL0,GSM_PERS,2026-08,2026-08-03,9,430,10,0.0233,414,427,22949,33027
AYS3,GSM_PERS,2026-08,2026-08-03,10,41,6,0.1463,41,41,1327,1382
AYS3,MOVI,2026-08,2026-08-03,10,1390,56,0.0403,1285,1385,4528,6041
AYSA,GSM_PERS,2026-08,2026-08-03,10,25,1,0.0400,24,25,2335,2441
AYSE,GSM_PERS,2026-08,2026-08-03,10,24,7,0.2917,24,24,6270,8977
CVIA,GSM_PERS,2026-08,2026-08-03,10,4720,734,0.1555,4432,4711,31731,40015
CVIA,MOVI,2026-08,2026-08-03,10,102,23,0.2255,99,102,4318,4995
DRTV,GSM_PERS,2026-08,2026-08-03,10,64,5,0.0781,61,64,3806,4665
DRTW,GSM_MOVI,2026-08,2026-08-03,10,487,43,0.0883,455,487,3715,4999
DRTW,GSM_PERS,2026-08,2026-08-03,10,10,3,0.3000,10,10,2700,3386
FIME,GSM_MOVI,2026-08,2026-08-03,10,4709,178,0.0378,4549,4703,11517,12036
MEL0,GSM_MOVI,2026-08,2026-08-03,10,695,44,0.0633,622,695,23082,30166
MEL0,GSM_PERS,2026-08,2026-08-03,10,421,14,0.0333,413,420,22949,33027
MEL0,MOVI,2026-08,2026-08-03,10,1668,72,0.0432,1604,1668,48045,70967
AYS3,GSM_PERS,2026-08,2026-08-03,11,251,17,0.0677,247,251,1327,1382
AYS3,MOVI,2026-08,2026-08-03,11,810,22,0.0272,774,806,4528,6041
AYSA,GSM_PERS,2026-08,2026-08-03,11,369,48,0.1301,357,361,2335,2441
AYSE,GSM_PERS,2026-08,2026-08-03,11,185,43,0.2324,171,177,6270,8977
CVIA,GSM_PERS,2026-08,2026-08-03,11,1502,100,0.0666,1441,1502,31731,40015
CVIA,MOVI,2026-08,2026-08-03,11,364,80,0.2198,364,364,4318,4995
DRTV,GSM_PERS,2026-08,2026-08-03,11,353,27,0.0765,317,353,3806,4665
DRTW,GSM_PERS,2026-08,2026-08-03,11,106,8,0.0755,103,106,2700,3386
FIME,GSM_MOVI,2026-08,2026-08-03,11,4367,177,0.0405,4244,4367,11517,12036
MEL0,GSM_MOVI,2026-08,2026-08-03,11,2942,174,0.0591,2553,2942,23082,30166
MEL0,GSM_PERS,2026-08,2026-08-03,11,2489,88,0.0354,2254,2371,22949,33027
MEL0,MOVI,2026-08,2026-08-03,11,4009,163,0.0407,3772,4009,48045,70967
OEST,Sin proveedor,2026-08,2026-08-03,11,1,1,1.0000,1,1,1,1
ADT1,GSM_MOVI,2026-08,2026-08-03,12,55,7,0.1273,42,55,377,814
AYS3,GSM_MOVI,2026-08,2026-08-03,12,51,5,0.0980,51,49,823,848
AYS3,GSM_PERS,2026-08,2026-08-03,12,98,10,0.1020,97,98,1327,1382
AYS3,MOVI,2026-08,2026-08-03,12,691,23,0.0333,670,690,4528,6041
AYSA,GSM_PERS,2026-08,2026-08-03,12,88,6,0.0682,86,88,2335,2441
AYSE,GSM_PERS,2026-08,2026-08-03,12,2303,238,0.1033,1769,2295,6270,8977
AYSJ,GSM_MOVI,2026-08,2026-08-03,12,266,11,0.0414,207,266,929,1293
CVIA,GSM_PERS,2026-08,2026-08-03,12,233,11,0.0472,220,233,23669,30942
CVIA,MOVI,2026-08,2026-08-03,12,342,69,0.2018,339,342,4318,4995
DRTV,GSM_PERS,2026-08,2026-08-03,12,75,3,0.0400,68,75,3806,4665
DRTW,GSM_PERS,2026-08,2026-08-03,12,2,0,0.0000,2,2,1231,1537
FIME,GSM_MOVI,2026-08,2026-08-03,12,2974,136,0.0457,2894,2972,11517,12036
MEL0,GSM_MOVI,2026-08,2026-08-03,12,4019,224,0.0557,3498,4019,23082,30166
MEL0,GSM_PERS,2026-08,2026-08-03,12,2568,93,0.0362,2258,2555,22949,33027
MEL0,MOVI,2026-08,2026-08-03,12,4011,185,0.0461,3797,4011,48045,70967
ADT1,GSM_MOVI,2026-08,2026-08-03,13,409,34,0.0831,232,408,377,814
AYS3,GSM_MOVI,2026-08,2026-08-03,13,496,57,0.1149,483,494,823,848
AYS3,GSM_PERS,2026-08,2026-08-03,13,17,0,0.0000,16,17,1327,1382
AYS3,MOVI,2026-08,2026-08-03,13,818,16,0.0196,762,818,4528,6041
AYSA,GSM_PERS,2026-08,2026-08-03,13,31,4,0.1290,31,31,2335,2441
AYSE,GSM_PERS,2026-08,2026-08-03,13,3184,378,0.1187,2533,3170,6270,8977
AYSJ,GSM_MOVI,2026-08,2026-08-03,13,1336,60,0.0449,747,1005,929,1293
CVIA,GSM_PERS,2026-08,2026-08-03,13,66,4,0.0606,63,66,23669,30942
CVIA,MOVI,2026-08,2026-08-03,13,562,122,0.2171,555,562,4318,4995
DRTV,GSM_PERS,2026-08,2026-08-03,13,52,2,0.0385,46,52,1637,2001
DRTW,GSM_PERS,2026-08,2026-08-03,13,13,2,0.1538,13,13,2700,3386
MEL0,GSM_MOVI,2026-08,2026-08-03,13,6919,374,0.0541,5952,6916,23082,30166
MEL0,GSM_PERS,2026-08,2026-08-03,13,2004,59,0.0294,1759,2001,22949,33027
MEL0,MOVI,2026-08,2026-08-03,13,3870,188,0.0486,3736,3870,48045,70967
ADT1,GSM_MOVI,2026-08,2026-08-03,14,283,31,0.1095,159,283,377,814
AYS3,GSM_MOVI,2026-08,2026-08-03,14,246,28,0.1138,243,246,823,848
AYS3,GSM_PERS,2026-08,2026-08-03,14,23,6,0.2609,23,23,1327,1382
AYS3,MOVI,2026-08,2026-08-03,14,1407,12,0.0085,1279,1401,4528,6041
AYSA,GSM_PERS,2026-08,2026-08-03,14,33,4,0.1212,33,33,2335,2441
AYSE,GSM_PERS,2026-08,2026-08-03,14,2917,312,0.1070,2291,2911,6270,8977
AYSJ,GSM_MOVI,2026-08,2026-08-03,14,1002,43,0.0429,662,846,929,1293
CVIA,GSM_PERS,2026-08,2026-08-03,14,77,2,0.0260,76,77,23669,30942
CVIA,MOVI,2026-08,2026-08-03,14,614,145,0.2362,608,614,4318,4995
DRTV,GSM_PERS,2026-08,2026-08-03,14,37,2,0.0541,35,37,3806,4665
DRTW,GSM_PERS,2026-08,2026-08-03,14,3,0,0.0000,3,3,2700,3386
MEL0,GSM_MOVI,2026-08,2026-08-03,14,2466,139,0.0564,2223,2466,23082,30166
MEL0,GSM_PERS,2026-08,2026-08-03,14,2840,75,0.0264,2541,2835,22949,33027
MEL0,MOVI,2026-08,2026-08-03,14,3658,182,0.0498,3540,3658,48045,70967
AYS3,GSM_PERS,2026-08,2026-08-03,15,98,11,0.1122,97,98,1327,1382
AYSA,GSM_PERS,2026-08,2026-08-03,15,130,15,0.1154,130,130,2335,2441
AYSE,GSM_PERS,2026-08,2026-08-03,15,51,13,0.2549,50,51,6270,8977
CVIA,GSM_PERS,2026-08,2026-08-03,15,440,19,0.0432,420,440,23669,30942
CVIA,MOVI,2026-08,2026-08-03,15,333,74,0.2222,329,333,4318,4995
DRTV,GSM_PERS,2026-08,2026-08-03,15,243,14,0.0576,232,242,3806,4665
DRTW,GSM_PERS,2026-08,2026-08-03,15,30,0,0.0000,30,30,2700,3386
MEL0,GSM_PERS,2026-08,2026-08-03,15,5700,151,0.0265,4973,5609,22949,33027
MEL0,MOVI,2026-08,2026-08-03,15,3466,178,0.0514,3330,3466,48045,70967
AYS3,GSM_PERS,2026-08,2026-08-03,16,201,16,0.0796,199,201,1327,1382
AYSA,GSM_PERS,2026-08,2026-08-03,16,372,46,0.1237,369,372,2335,2441
AYSE,GSM_PERS,2026-08,2026-08-03,16,71,14,0.1972,69,71,6270,8977
CVIA,GSM_PERS,2026-08,2026-08-03,16,730,21,0.0288,707,730,23669,30942
CVIA,MOVI,2026-08,2026-08-03,16,210,58,0.2762,209,210,4318,4995
DRTV,GSM_PERS,2026-08,2026-08-03,16,372,18,0.0484,350,370,3806,4665
DRTW,GSM_PERS,2026-08,2026-08-03,16,47,3,0.0638,46,47,2700,3386
MEL0,GSM_PERS,2026-08,2026-08-03,16,4841,142,0.0293,4193,4456,22949,33027
MEL0,MOVI,2026-08,2026-08-03,16,3152,116,0.0368,2992,3152,48045,70967
AYS3,GSM_PERS,2026-08,2026-08-03,17,183,10,0.0546,181,183,1327,1382
AYSA,GSM_PERS,2026-08,2026-08-03,17,390,54,0.1385,385,388,2335,2441
AYSE,GSM_PERS,2026-08,2026-08-03,17,285,54,0.1895,276,285,6270,8977
CVIA,GSM_MOVI,2026-08,2026-08-03,17,1932,75,0.0388,1814,936,50332,57680
CVIA,GSM_PERS,2026-08,2026-08-03,17,607,15,0.0247,593,606,23669,30942
CVIA,MOVI,2026-08,2026-08-03,17,224,48,0.2143,224,224,4318,4995
DRTV,GSM_PERS,2026-08,2026-08-03,17,300,22,0.0733,279,298,3806,4665
DRTW,GSM_PERS,2026-08,2026-08-03,17,47,3,0.0638,47,47,2700,3386
MEL0,GSM_PERS,2026-08,2026-08-03,17,4458,139,0.0312,3863,4109,22949,33027
MEL0,MOVI,2026-08,2026-08-03,17,3169,135,0.0426,3012,3169,48045,70967
AYS3,GSM_PERS,2026-08,2026-08-03,18,165,18,0.1091,165,165,1327,1382
AYSA,GSM_PERS,2026-08,2026-08-03,18,481,64,0.1331,471,480,2335,2441
AYSE,GSM_PERS,2026-08,2026-08-03,18,90,15,0.1667,90,90,6270,8977
CVIA,GSM_MOVI,2026-08,2026-08-03,18,11322,440,0.0389,10565,5860,50332,57680
CVIA,GSM_PERS,2026-08,2026-08-03,18,575,13,0.0226,555,575,23669,30942
CVIA,MOVI,2026-08,2026-08-03,18,241,36,0.1494,241,241,4318,4995
DRTV,GSM_PERS,2026-08,2026-08-03,18,250,15,0.0600,238,250,3806,4665
DRTW,GSM_PERS,2026-08,2026-08-03,18,46,4,0.0870,46,46,2700,3386
MEL0,GSM_PERS,2026-08,2026-08-03,18,3377,112,0.0332,3009,3190,22949,33027
MEL0,MOVI,2026-08,2026-08-03,18,3076,119,0.0387,2945,3076,48045,70967
AYS3,GSM_PERS,2026-08,2026-08-03,19,83,8,0.0964,81,83,1327,1382
AYSA,GSM_PERS,2026-08,2026-08-03,19,160,22,0.1375,158,160,2335,2441
CVIA,GSM_MOVI,2026-08,2026-08-03,19,11398,505,0.0443,10716,5900,50332,57680
CVIA,GSM_PERS,2026-08,2026-08-03,19,413,14,0.0339,398,413,23669,30942
CVIA,MOVI,2026-08,2026-08-03,19,233,43,0.1845,233,233,9050,11035
DRTV,GSM_PERS,2026-08,2026-08-03,19,301,23,0.0764,278,294,3806,4665
DRTW,GSM_PERS,2026-08,2026-08-03,19,8,0,0.0000,8,8,2700,3386
MEL0,GSM_PERS,2026-08,2026-08-03,19,4155,116,0.0279,3611,3872,22949,33027
MEL0,MOVI,2026-08,2026-08-03,19,3139,165,0.0526,2997,3139,48045,70967
AYS3,GSM_PERS,2026-08,2026-08-03,20,114,19,0.1667,113,113,1327,1382
AYSA,GSM_PERS,2026-08,2026-08-03,20,146,17,0.1164,146,146,2335,2441
CVIA,GSM_MOVI,2026-08,2026-08-03,20,3114,122,0.0392,2968,1665,50332,57680
CVIA,GSM_PERS,2026-08,2026-08-03,20,746,19,0.0255,728,746,23669,30942
CVIA,MOVI,2026-08,2026-08-03,20,224,40,0.1786,222,224,4318,4995
DRTV,GSM_PERS,2026-08,2026-08-03,20,271,28,0.1033,260,270,3806,4665
DRTW,GSM_PERS,2026-08,2026-08-03,20,30,4,0.1333,30,30,2700,3386
MEL0,GSM_PERS,2026-08,2026-08-03,20,5008,160,0.0319,4357,4643,22949,33027
MEL0,MOVI,2026-08,2026-08-03,20,3139,145,0.0462,3011,3139,48045,70967
CVIA,GSM_PERS,2026-08,2026-08-03,21,2,0,0.0000,2,2,13652,18595
CVIA,MOVI,2026-08,2026-08-03,21,1,1,1.0000,1,1,3361,3880
MEL0,GSM_PERS,2026-08,2026-08-03,21,2,0,0.0000,2,2,22949,33027
MEL0,MOVI,2026-08,2026-08-03,21,9517,474,0.0498,8785,9516,48045,70967
MEL0,MOVI,2026-08,2026-08-03,22,34,1,0.0294,33,34,48045,70967
AUSO,GSM_MOVI,2026-08,2026-08-04,8,1014,138,0.1361,929,1014,11407,13763
AYS3,GSM_MOVI,2026-08,2026-08-04,8,17,2,0.1176,16,17,823,848
AYS3,GSM_PERS,2026-08,2026-08-04,8,67,7,0.1045,66,67,1327,1382
AYSA,GSM_MOVI,2026-08,2026-08-04,8,34,7,0.2059,32,34,74,82
AYSA,GSM_PERS,2026-08,2026-08-04,8,220,17,0.0773,214,220,2335,2441
AYSE,GSM_PERS,2026-08,2026-08-04,8,200,45,0.2250,189,191,5851,8523
CVIA,GSM_MOVI,2026-08,2026-08-04,8,3876,149,0.0384,3687,2399,58784,70107
CVIA,GSM_PERS,2026-08,2026-08-04,8,1620,121,0.0747,1480,1620,31731,40015
MEL0,GSM_PERS,2026-08,2026-08-04,8,282,7,0.0248,274,281,22949,33027
MEL0,MOVI,2026-08,2026-08-04,8,6606,189,0.0286,6168,6606,48045,70967
ADT1,GSM_MOVI,2026-08,2026-08-04,9,37,0,0.0000,29,37,377,814
AUSO,GSM_MOVI,2026-08,2026-08-04,9,3036,459,0.1512,2779,3034,17836,21430
AYS3,GSM_PERS,2026-08,2026-08-04,9,58,2,0.0345,57,57,1327,1382
AYS3,MOVI,2026-08,2026-08-04,9,8,2,0.2500,5,8,817,919
AYSA,GSM_PERS,2026-08,2026-08-04,9,48,9,0.1875,48,48,2335,2441
AYSC,MOVI,2026-08,2026-08-04,9,1280,51,0.0398,587,1262,588,1265
AYSE,GSM_MOVI,2026-08,2026-08-04,9,21,6,0.2857,18,21,404,445
AYSE,GSM_PERS,2026-08,2026-08-04,9,20,2,0.1000,20,20,5851,8523
AYSE,MOVI,2026-08,2026-08-04,9,88,88,1.0000,86,88,1130,1543
CVIA,GSM_MOVI,2026-08,2026-08-04,9,6592,524,0.0795,6189,5877,58784,70107
CVIA,GSM_PERS,2026-08,2026-08-04,9,5141,620,0.1206,4803,5133,31731,40015
CVIA,MOVI,2026-08,2026-08-04,9,223,49,0.2197,223,223,4318,4995
DRTV,GSM_MOVI,2026-08,2026-08-04,9,217,23,0.1060,200,217,3914,4675
DRTV,GSM_PERS,2026-08,2026-08-04,9,2,1,0.5000,2,2,1637,2001
DRTW,GSM_PERS,2026-08,2026-08-04,9,20,1,0.0500,19,20,1231,1537
MEL0,GSM_PERS,2026-08,2026-08-04,9,44,0,0.0000,39,44,22949,33027
ADT1,GSM_MOVI,2026-08,2026-08-04,10,50,2,0.0400,33,50,377,814
AUSO,GSM_MOVI,2026-08,2026-08-04,10,4763,797,0.1673,4363,4754,17836,21430
AYS3,GSM_MOVI,2026-08,2026-08-04,10,1,0,0.0000,1,1,597,615
AYS3,GSM_PERS,2026-08,2026-08-04,10,54,2,0.0370,54,54,1327,1382
AYSA,GSM_MOVI,2026-08,2026-08-04,10,3,2,0.6667,3,3,74,82
AYSA,GSM_PERS,2026-08,2026-08-04,10,30,9,0.3000,29,30,2335,2441
AYSE,GSM_MOVI,2026-08,2026-08-04,10,18,2,0.1111,18,18,404,445
AYSE,GSM_PERS,2026-08,2026-08-04,10,15,2,0.1333,15,15,5353,7979
AYSE,MOVI,2026-08,2026-08-04,10,99,99,1.0000,98,99,1130,1543
CVIA,GSM_MOVI,2026-08,2026-08-04,10,1676,92,0.0549,1625,1110,58784,70107
CVIA,GSM_PERS,2026-08,2026-08-04,10,4750,580,0.1221,4485,4747,31731,40015
CVIA,MOVI,2026-08,2026-08-04,10,188,43,0.2287,187,188,4318,4995
DRTV,GSM_MOVI,2026-08,2026-08-04,10,265,20,0.0755,230,265,3914,4675
DRTV,GSM_PERS,2026-08,2026-08-04,10,10,0,0.0000,9,10,1637,2001
DRTW,GSM_PERS,2026-08,2026-08-04,10,46,3,0.0652,43,46,1231,1537
FIME,GSM_MOVI,2026-08,2026-08-04,10,2625,100,0.0381,2560,2625,11517,12036
MEL0,GSM_MOVI,2026-08,2026-08-04,10,424,17,0.0401,372,424,23082,30166
MEL0,GSM_PERS,2026-08,2026-08-04,10,58,2,0.0345,58,58,22949,33027
MEL0,MOVI,2026-08,2026-08-04,10,1691,51,0.0302,1620,1690,48045,70967
ADT1,GSM_MOVI,2026-08,2026-08-04,11,7,0,0.0000,3,7,377,814
AUSO,GSM_MOVI,2026-08,2026-08-04,11,3593,644,0.1792,3319,3589,17836,21430
AYS3,GSM_PERS,2026-08,2026-08-04,11,93,5,0.0538,92,93,1327,1382
AYSA,GSM_PERS,2026-08,2026-08-04,11,286,34,0.1189,283,286,2335,2441
AYSE,GSM_MOVI,2026-08,2026-08-04,11,18,5,0.2778,17,18,404,445
AYSE,GSM_PERS,2026-08,2026-08-04,11,73,21,0.2877,62,64,5851,8523
AYSE,MOVI,2026-08,2026-08-04,11,78,78,1.0000,78,78,1130,1543
CVIA,GSM_MOVI,2026-08,2026-08-04,11,760,23,0.0303,730,385,50332,57680
CVIA,GSM_PERS,2026-08,2026-08-04,11,2179,93,0.0427,1928,2169,31731,40015
CVIA,MOVI,2026-08,2026-08-04,11,259,40,0.1544,257,259,9050,11035
DRTV,GSM_MOVI,2026-08,2026-08-04,11,148,14,0.0946,137,148,3914,4675
DRTV,GSM_PERS,2026-08,2026-08-04,11,2047,107,0.0523,1297,2046,3331,6537
DRTW,GSM_MOVI,2026-08,2026-08-04,11,13,1,0.0769,12,13,631,1011
DRTW,GSM_PERS,2026-08,2026-08-04,11,203,23,0.1133,166,203,3103,4988
FIME,GSM_MOVI,2026-08,2026-08-04,11,3666,122,0.0333,3570,3665,11517,12036
MEL0,GSM_MOVI,2026-08,2026-08-04,11,1878,89,0.0474,1636,1878,23082,30166
MEL0,GSM_PERS,2026-08,2026-08-04,11,228,7,0.0307,223,228,22949,33027
MEL0,MOVI,2026-08,2026-08-04,11,4082,150,0.0367,3764,4066,48045,70967
ADT1,GSM_MOVI,2026-08,2026-08-04,12,21,1,0.0476,14,21,377,814
AUSO,GSM_MOVI,2026-08,2026-08-04,12,3050,582,0.1908,2865,3049,17836,21430
AUSO,GSM_PERS,2026-08,2026-08-04,12,422,38,0.0900,387,413,4109,5051
AYS3,GSM_MOVI,2026-08,2026-08-04,12,19,4,0.2105,18,19,823,848
AYS3,GSM_PERS,2026-08,2026-08-04,12,69,7,0.1014,67,67,1327,1382
AYSA,GSM_PERS,2026-08,2026-08-04,12,67,12,0.1791,64,65,2335,2441
AYSE,GSM_MOVI,2026-08,2026-08-04,12,10,4,0.4000,10,10,356,388
AYSE,GSM_PERS,2026-08,2026-08-04,12,615,77,0.1252,503,614,5851,8523
AYSE,MOVI,2026-08,2026-08-04,12,479,29,0.0605,425,479,1130,1543
AYSJ,GSM_MOVI,2026-08,2026-08-04,12,47,1,0.0213,40,47,929,1293
CVIA,GSM_MOVI,2026-08,2026-08-04,12,911,24,0.0263,868,484,50332,57680
CVIA,GSM_PERS,2026-08,2026-08-04,12,452,18,0.0398,410,452,23669,30942
CVIA,MOVI,2026-08,2026-08-04,12,263,40,0.1521,261,263,9050,11035
DRTV,GSM_MOVI,2026-08,2026-08-04,12,143,12,0.0839,134,143,3914,4675
DRTV,GSM_PERS,2026-08,2026-08-04,12,2505,147,0.0587,1611,2325,4968,8538
DRTW,GSM_MOVI,2026-08,2026-08-04,12,57,1,0.0175,48,57,631,1011
DRTW,GSM_PERS,2026-08,2026-08-04,12,142,11,0.0775,111,142,3103,4988
FIME,GSM_MOVI,2026-08,2026-08-04,12,1968,75,0.0381,1931,1966,11517,12036
MEL0,GSM_MOVI,2026-08,2026-08-04,12,1242,52,0.0419,1092,1242,23082,30166
MEL0,GSM_PERS,2026-08,2026-08-04,12,769,23,0.0299,750,769,22949,33027
MEL0,MOVI,2026-08,2026-08-04,12,4086,143,0.0350,3803,4076,48045,70967
OEST,GSM_MOVI,2026-08,2026-08-04,12,2408,396,0.1645,2192,2406,15085,18247
AUSO,GSM_MOVI,2026-08,2026-08-04,13,1485,278,0.1872,1409,1484,17803,21387
AUSO,GSM_PERS,2026-08,2026-08-04,13,531,43,0.0810,476,515,4109,5051
AYS3,GSM_MOVI,2026-08,2026-08-04,13,39,6,0.1538,38,39,823,848
AYS3,GSM_PERS,2026-08,2026-08-04,13,45,3,0.0667,45,44,1327,1382
AYSA,GSM_PERS,2026-08,2026-08-04,13,39,3,0.0769,38,39,2335,2441
AYSE,GSM_MOVI,2026-08,2026-08-04,13,10,0,0.0000,10,10,371,410
AYSE,GSM_PERS,2026-08,2026-08-04,13,1417,154,0.1087,1128,1416,5851,8523
AYSE,MOVI,2026-08,2026-08-04,13,651,50,0.0768,561,651,1130,1543
AYSJ,GSM_MOVI,2026-08,2026-08-04,13,62,3,0.0484,53,62,929,1293
CVIA,GSM_MOVI,2026-08,2026-08-04,13,805,26,0.0323,781,426,50332,57680
CVIA,GSM_PERS,2026-08,2026-08-04,13,503,21,0.0417,457,503,23669,30942
CVIA,MOVI,2026-08,2026-08-04,13,204,37,0.1814,200,204,9050,11035
DRTV,GSM_MOVI,2026-08,2026-08-04,13,109,8,0.0734,105,109,3914,4675
DRTV,GSM_PERS,2026-08,2026-08-04,13,2550,118,0.0463,1544,2322,3331,6537
DRTW,GSM_MOVI,2026-08,2026-08-04,13,29,1,0.0345,24,29,631,1011
DRTW,GSM_PERS,2026-08,2026-08-04,13,100,4,0.0400,81,100,3103,4988
FIME,GSM_MOVI,2026-08,2026-08-04,13,1660,71,0.0428,1625,1659,11517,12036
MEL0,GSM_MOVI,2026-08,2026-08-04,13,975,52,0.0533,890,974,23082,30166
MEL0,GSM_PERS,2026-08,2026-08-04,13,7,2,0.2857,7,7,22949,33027
MEL0,MOVI,2026-08,2026-08-04,13,4181,152,0.0364,3875,4165,48045,70967
OEST,GSM_MOVI,2026-08,2026-08-04,13,4715,812,0.1722,4240,4703,15085,18247
ADT1,GSM_MOVI,2026-08,2026-08-04,14,18,0,0.0000,16,18,377,814
AUSO,GSM_MOVI,2026-08,2026-08-04,14,592,112,0.1892,557,592,6429,7667
AUSO,GSM_PERS,2026-08,2026-08-04,14,550,48,0.0873,492,532,4067,4998
AYS3,GSM_MOVI,2026-08,2026-08-04,14,7,3,0.4286,7,7,823,848
AYS3,GSM_PERS,2026-08,2026-08-04,14,27,2,0.0741,27,27,1327,1382
AYSA,GSM_PERS,2026-08,2026-08-04,14,61,6,0.0984,61,61,2335,2441
AYSE,GSM_MOVI,2026-08,2026-08-04,14,11,4,0.3636,10,11,404,445
AYSE,GSM_PERS,2026-08,2026-08-04,14,1334,170,0.1274,1126,1327,5851,8523
AYSE,MOVI,2026-08,2026-08-04,14,133,11,0.0827,125,133,1130,1543
AYSJ,GSM_MOVI,2026-08,2026-08-04,14,63,5,0.0794,57,61,899,1255
CVIA,GSM_MOVI,2026-08,2026-08-04,14,818,21,0.0257,782,414,50332,57680
CVIA,GSM_PERS,2026-08,2026-08-04,14,471,16,0.0340,427,471,23669,30942
CVIA,MOVI,2026-08,2026-08-04,14,231,29,0.1255,228,231,9050,11035
DRTV,GSM_MOVI,2026-08,2026-08-04,14,105,4,0.0381,103,105,3914,4675
DRTV,GSM_PERS,2026-08,2026-08-04,14,2554,111,0.0435,1622,2349,3331,6537
DRTW,GSM_MOVI,2026-08,2026-08-04,14,91,5,0.0549,76,91,631,1011
DRTW,GSM_PERS,2026-08,2026-08-04,14,152,4,0.0263,123,152,3103,4988
FIME,GSM_MOVI,2026-08,2026-08-04,14,2126,111,0.0522,2086,2126,11517,12036
MEL0,GSM_MOVI,2026-08,2026-08-04,14,1318,64,0.0486,1183,1317,23082,30166
MEL0,GSM_PERS,2026-08,2026-08-04,14,9,1,0.1111,9,9,22949,33027
MEL0,MOVI,2026-08,2026-08-04,14,3740,144,0.0385,3554,3726,48045,70967
OEST,GSM_MOVI,2026-08,2026-08-04,14,4882,795,0.1628,4400,4869,15085,18247
ADT1,GSM_MOVI,2026-08,2026-08-04,15,538,27,0.0502,307,537,377,814
AUSO,GSM_MOVI,2026-08,2026-08-04,15,448,80,0.1786,422,448,6396,7624
AUSO,GSM_PERS,2026-08,2026-08-04,15,524,51,0.0973,473,505,4109,5051
AYS3,GSM_MOVI,2026-08,2026-08-04,15,759,93,0.1225,737,755,823,848
AYS3,GSM_PERS,2026-08,2026-08-04,15,27,2,0.0741,27,27,1327,1382
AYSA,GSM_MOVI,2026-08,2026-08-04,15,30,14,0.4667,26,30,74,82
AYSA,GSM_PERS,2026-08,2026-08-04,15,50,7,0.1400,50,49,2335,2441
AYSE,GSM_MOVI,2026-08,2026-08-04,15,177,59,0.3333,163,177,419,464
AYSE,GSM_PERS,2026-08,2026-08-04,15,1779,261,0.1467,1371,1592,5851,8523
AYSJ,GSM_MOVI,2026-08,2026-08-04,15,371,15,0.0404,273,329,929,1293
CVIA,GSM_MOVI,2026-08,2026-08-04,15,2437,66,0.0271,2342,1227,50332,57680
CVIA,GSM_PERS,2026-08,2026-08-04,15,443,16,0.0361,400,443,23669,30942
CVIA,MOVI,2026-08,2026-08-04,15,192,40,0.2083,192,192,9050,11035
DRTV,GSM_MOVI,2026-08,2026-08-04,15,636,69,0.1085,574,636,3914,4675
DRTV,GSM_PERS,2026-08,2026-08-04,15,2046,122,0.0596,1358,1926,3331,6537
DRTW,GSM_MOVI,2026-08,2026-08-04,15,784,67,0.0855,510,783,631,1011
DRTW,GSM_PERS,2026-08,2026-08-04,15,138,5,0.0362,110,138,3103,4988
FIME,GSM_MOVI,2026-08,2026-08-04,15,5,2,0.4000,5,5,11517,12036
MEL0,GSM_MOVI,2026-08,2026-08-04,15,3336,203,0.0609,2685,3336,23082,30166
MEL0,GSM_PERS,2026-08,2026-08-04,15,27,1,0.0370,27,27,22949,33027
MEL0,MOVI,2026-08,2026-08-04,15,3343,108,0.0323,3172,3313,48045,70967
OEST,GSM_MOVI,2026-08,2026-08-04,15,700,105,0.1500,650,700,13842,16659
AUSO,GSM_MOVI,2026-08,2026-08-04,16,442,75,0.1697,413,442,6429,7667
AUSO,GSM_PERS,2026-08,2026-08-04,16,517,45,0.0870,464,494,4109,5051
AYS3,GSM_PERS,2026-08,2026-08-04,16,156,17,0.1090,154,156,1327,1382
AYSA,GSM_PERS,2026-08,2026-08-04,16,138,9,0.0652,135,138,2335,2441
AYSE,GSM_PERS,2026-08,2026-08-04,16,802,115,0.1434,698,798,5851,8523
AYSJ,GSM_MOVI,2026-08,2026-08-04,16,540,20,0.0370,417,521,929,1293
CVIA,GSM_MOVI,2026-08,2026-08-04,16,6298,525,0.0834,5551,4799,58784,70107
CVIA,GSM_PERS,2026-08,2026-08-04,16,1560,62,0.0397,1403,1559,23669,30942
CVIA,MOVI,2026-08,2026-08-04,16,228,39,0.1711,228,228,9050,11035
DRTV,GSM_MOVI,2026-08,2026-08-04,16,667,70,0.1049,613,666,3914,4675
DRTV,GSM_PERS,2026-08,2026-08-04,16,1442,60,0.0416,1046,1350,3331,6537
DRTW,GSM_PERS,2026-08,2026-08-04,16,456,30,0.0658,356,456,3103,4988
MEL0,GSM_MOVI,2026-08,2026-08-04,16,1696,72,0.0425,1476,1696,23082,30166
MEL0,GSM_PERS,2026-08,2026-08-04,16,66,1,0.0152,65,66,22949,33027
MEL0,MOVI,2026-08,2026-08-04,16,3106,91,0.0293,2884,3064,48045,70967
OEST,GSM_MOVI,2026-08,2026-08-04,16,687,117,0.1703,634,686,5837,6905
AUSO,GSM_MOVI,2026-08,2026-08-04,17,381,62,0.1627,362,381,6429,7667
AUSO,GSM_PERS,2026-08,2026-08-04,17,568,57,0.1004,518,557,4109,5051
AYS3,GSM_PERS,2026-08,2026-08-04,17,234,22,0.0940,231,233,1327,1382
AYSA,GSM_PERS,2026-08,2026-08-04,17,403,52,0.1290,394,397,2335,2441
AYSJ,GSM_MOVI,2026-08,2026-08-04,17,115,3,0.0261,105,115,929,1293
CVIA,GSM_MOVI,2026-08,2026-08-04,17,7896,935,0.1184,6043,7431,58784,70107
CVIA,GSM_PERS,2026-08,2026-08-04,17,3017,98,0.0325,2740,3010,23669,30942
CVIA,MOVI,2026-08,2026-08-04,17,243,35,0.1440,242,243,9050,11035
DRTV,GSM_MOVI,2026-08,2026-08-04,17,133,16,0.1203,120,133,3914,4675
DRTW,GSM_PERS,2026-08,2026-08-04,17,992,55,0.0554,782,992,3103,4988
MEL0,GSM_MOVI,2026-08,2026-08-04,17,473,25,0.0529,443,473,23082,30166
MEL0,GSM_PERS,2026-08,2026-08-04,17,31,3,0.0968,30,31,22949,33027
MEL0,MOVI,2026-08,2026-08-04,17,3101,92,0.0297,2898,3074,48045,70967
OEST,GSM_MOVI,2026-08,2026-08-04,17,690,97,0.1406,649,689,5837,6905
AUSO,GSM_MOVI,2026-08,2026-08-04,18,576,82,0.1424,539,576,6429,7667
AUSO,GSM_PERS,2026-08,2026-08-04,18,519,50,0.0963,468,503,4109,5051
AYS3,GSM_PERS,2026-08,2026-08-04,18,100,12,0.1200,98,100,1327,1382
AYSA,GSM_PERS,2026-08,2026-08-04,18,345,38,0.1101,341,345,2335,2441
AYSJ,GSM_MOVI,2026-08,2026-08-04,18,328,6,0.0183,270,324,929,1293
CVIA,GSM_MOVI,2026-08,2026-08-04,18,6088,216,0.0355,5795,3461,58784,70107
CVIA,GSM_PERS,2026-08,2026-08-04,18,3097,107,0.0345,2775,3093,23669,30942
CVIA,MOVI,2026-08,2026-08-04,18,279,48,0.1720,276,279,9050,11035
DRTV,GSM_MOVI,2026-08,2026-08-04,18,1025,114,0.1112,942,1024,3914,4675
DRTW,GSM_PERS,2026-08,2026-08-04,18,1080,69,0.0639,880,1080,3103,4988
MEL0,GSM_MOVI,2026-08,2026-08-04,18,2192,94,0.0429,1922,2192,23082,30166
MEL0,MOVI,2026-08,2026-08-04,18,3185,102,0.0320,2967,3141,48045,70967
MEL0,Sin proveedor,2026-08,2026-08-04,18,1,0,0.0000,1,1,2,2
OEST,GSM_MOVI,2026-08,2026-08-04,18,575,85,0.1478,539,575,5837,6905
AUSO,GSM_MOVI,2026-08,2026-08-04,19,624,85,0.1362,588,623,6429,7667
AUSO,GSM_PERS,2026-08,2026-08-04,19,501,41,0.0818,445,483,4079,5019
AYS3,GSM_PERS,2026-08,2026-08-04,19,459,52,0.1133,449,459,1327,1382
AYSA,GSM_PERS,2026-08,2026-08-04,19,767,90,0.1173,742,761,2335,2441
AYSJ,GSM_MOVI,2026-08,2026-08-04,19,1077,47,0.0436,642,827,929,1293
CVIA,GSM_MOVI,2026-08,2026-08-04,19,6448,194,0.0301,6164,3215,50332,57680
CVIA,GSM_PERS,2026-08,2026-08-04,19,1779,67,0.0377,1619,1770,23669,30942
CVIA,MOVI,2026-08,2026-08-04,19,259,35,0.1351,258,259,9050,11035
DRTV,GSM_MOVI,2026-08,2026-08-04,19,318,35,0.1101,294,318,3914,4675
DRTW,GSM_PERS,2026-08,2026-08-04,19,1586,93,0.0586,1181,1586,3103,4988
MEL0,GSM_MOVI,2026-08,2026-08-04,19,1277,59,0.0462,1151,1277,23082,30166
MEL0,GSM_PERS,2026-08,2026-08-04,19,24,1,0.0417,24,24,22949,33027
MEL0,MOVI,2026-08,2026-08-04,19,3249,119,0.0366,3019,3217,48045,70967
OEST,GSM_MOVI,2026-08,2026-08-04,19,1181,206,0.1744,1104,1180,5837,6905
AUSO,GSM_MOVI,2026-08,2026-08-04,20,905,149,0.1646,849,905,6429,7667
AUSO,GSM_PERS,2026-08,2026-08-04,20,2024,170,0.0840,1671,1828,4109,5051
AYSJ,GSM_MOVI,2026-08,2026-08-04,20,1,0,0.0000,1,1,688,965
CVIA,GSM_PERS,2026-08,2026-08-04,20,3667,137,0.0374,3292,3655,23669,30942
CVIA,MOVI,2026-08,2026-08-04,20,251,33,0.1315,250,251,9050,11035
DRTV,GSM_MOVI,2026-08,2026-08-04,20,822,102,0.1241,747,822,3914,4675
MEL0,GSM_MOVI,2026-08,2026-08-04,20,3362,142,0.0422,2945,3361,23082,30166
MEL0,GSM_PERS,2026-08,2026-08-04,20,92,3,0.0326,92,92,22949,33027
MEL0,MOVI,2026-08,2026-08-04,20,3194,110,0.0344,2976,3143,48045,70967
OEST,GSM_MOVI,2026-08,2026-08-04,20,1251,208,0.1663,1161,1250,5837,6905
CVIA,GSM_PERS,2026-08,2026-08-04,21,4,0,0.0000,4,4,19825,26330
CVIA,MOVI,2026-08,2026-08-04,21,1,0,0.0000,1,1,4732,6040
MEL0,MOVI,2026-08,2026-08-04,21,9617,351,0.0365,8268,9252,48045,70967
MEL0,MOVI,2026-08,2026-08-04,22,80,3,0.0375,77,80,48045,70967
AUSO,GSM_MOVI,2026-08,2026-08-05,8,342,41,0.1199,271,342,6332,11232
AUSO,GSM_PERS,2026-08,2026-08-05,8,863,57,0.0660,793,842,4109,5051
AYS3,GSM_PERS,2026-08,2026-08-05,8,56,5,0.0893,54,56,1327,1382
AYSA,GSM_PERS,2026-08,2026-08-05,8,78,10,0.1282,76,76,2335,2441
AYSE,GSM_MOVI,2026-08,2026-08-05,8,325,72,0.2215,290,325,408,450
AYSE,GSM_PERS,2026-08,2026-08-05,8,119,26,0.2185,112,111,5851,8523
CVIA,GSM_MOVI,2026-08,2026-08-05,8,3856,490,0.1271,3333,3826,35470,58012
CVIA,GSM_PERS,2026-08,2026-08-05,8,1541,103,0.0668,1482,1541,31731,40015
MEL0,MOVI,2026-08,2026-08-05,8,9614,235,0.0244,8345,9228,48045,70967
ADT1,GSM_MOVI,2026-08,2026-08-05,9,544,25,0.0460,306,542,377,814
AUSO,GSM_MOVI,2026-08,2026-08-05,9,1148,154,0.1341,880,1148,6332,11232
AUSO,GSM_PERS,2026-08,2026-08-05,9,238,16,0.0672,230,236,3979,4889
AYS3,GSM_PERS,2026-08,2026-08-05,9,145,12,0.0828,143,144,1327,1382
AYS3,MOVI,2026-08,2026-08-05,9,2,0,0.0000,1,2,817,919
AYSA,GSM_PERS,2026-08,2026-08-05,9,86,9,0.1047,83,83,2335,2441
AYSA,MOVI,2026-08,2026-08-05,9,522,97,0.1858,511,522,1682,1747
AYSC,MOVI,2026-08,2026-08-05,9,90,2,0.0222,72,90,588,1265
AYSE,GSM_PERS,2026-08,2026-08-05,9,120,16,0.1333,111,114,5851,8523
CVIA,GSM_MOVI,2026-08,2026-08-05,9,6951,969,0.1394,5997,6866,35470,58012
CVIA,GSM_PERS,2026-08,2026-08-05,9,4378,549,0.1254,4137,4373,31731,40015
CVIA,MOVI,2026-08,2026-08-05,9,77,10,0.1299,76,77,9050,11035
DRTV,GSM_PERS,2026-08,2026-08-05,9,112,9,0.0804,105,112,1637,2001
DRTW,GSM_MOVI,2026-08,2026-08-05,9,1074,56,0.0521,912,1074,4346,6010
DRTW,GSM_PERS,2026-08,2026-08-05,9,266,5,0.0188,200,266,1872,3451
MEL0,MOVI,2026-08,2026-08-05,9,2651,58,0.0219,2507,2614,48045,70967
ADT1,GSM_MOVI,2026-08,2026-08-05,10,67,4,0.0597,59,67,377,814
AUSO,GSM_MOVI,2026-08,2026-08-05,10,918,129,0.1405,736,917,6332,11232
AUSO,GSM_PERS,2026-08,2026-08-05,10,160,6,0.0375,155,160,3752,4617
AYS3,GSM_PERS,2026-08,2026-08-05,10,122,10,0.0820,121,122,1327,1382
AYS3,MOVI,2026-08,2026-08-05,10,1,0,0.0000,1,1,817,919
AYSA,GSM_PERS,2026-08,2026-08-05,10,102,10,0.0980,100,101,2335,2441
AYSA,MOVI,2026-08,2026-08-05,10,538,106,0.1970,531,537,1682,1747
AYSC,MOVI,2026-08,2026-08-05,10,90,4,0.0444,66,90,588,1265
AYSE,GSM_PERS,2026-08,2026-08-05,10,101,23,0.2277,94,96,5851,8523
CVIA,GSM_MOVI,2026-08,2026-08-05,10,4396,792,0.1802,3917,4364,35470,58012
CVIA,GSM_PERS,2026-08,2026-08-05,10,4075,535,0.1313,3904,4072,31731,40015
DRTV,GSM_PERS,2026-08,2026-08-05,10,162,5,0.0309,146,162,1637,2001
DRTW,GSM_MOVI,2026-08,2026-08-05,10,1094,75,0.0686,963,1094,4346,6010
DRTW,GSM_PERS,2026-08,2026-08-05,10,275,7,0.0255,205,275,1872,3451
FIME,GSM_MOVI,2026-08,2026-08-05,10,1614,52,0.0322,1577,1613,11517,12036
MEL0,GSM_MOVI,2026-08,2026-08-05,10,279,13,0.0466,241,279,23082,30166
MEL0,MOVI,2026-08,2026-08-05,10,3388,95,0.0280,3205,3349,48045,70967
ADT1,GSM_MOVI,2026-08,2026-08-05,11,10,0,0.0000,8,10,377,814
AUSO,GSM_MOVI,2026-08,2026-08-05,11,893,109,0.1221,698,893,6332,11232
AUSO,GSM_PERS,2026-08,2026-08-05,11,618,50,0.0809,593,616,4109,5051
AYS3,GSM_PERS,2026-08,2026-08-05,11,493,49,0.0994,476,492,1327,1382
AYSA,GSM_PERS,2026-08,2026-08-05,11,861,124,0.1440,837,859,2335,2441
AYSA,MOVI,2026-08,2026-08-05,11,528,111,0.2102,517,527,1682,1747
AYSC,MOVI,2026-08,2026-08-05,11,16,3,0.1875,16,16,588,1265
AYSE,GSM_PERS,2026-08,2026-08-05,11,478,92,0.1925,369,376,5851,8523
CVIA,GSM_MOVI,2026-08,2026-08-05,11,3182,707,0.2222,2841,3139,52244,62615
CVIA,MOVI,2026-08,2026-08-05,11,332,16,0.0482,326,332,4732,6040
DRTV,GSM_PERS,2026-08,2026-08-05,11,903,72,0.0797,786,903,1637,2001
DRTV,Sin proveedor,2026-08,2026-08-05,11,1,1,1.0000,1,1,1,1
DRTW,GSM_MOVI,2026-08,2026-08-05,11,234,19,0.0812,213,234,4346,6010
DRTW,GSM_PERS,2026-08,2026-08-05,11,1739,68,0.0391,1170,1739,1872,3451
FIME,GSM_MOVI,2026-08,2026-08-05,11,1802,69,0.0383,1761,1802,11517,12036
MEL0,GSM_MOVI,2026-08,2026-08-05,11,1834,65,0.0354,1592,1834,23082,30166
MEL0,MOVI,2026-08,2026-08-05,11,4004,165,0.0412,3716,3991,48045,70967
ADT1,GSM_MOVI,2026-08,2026-08-05,12,4,0,0.0000,4,4,377,814
AUSO,GSM_MOVI,2026-08,2026-08-05,12,864,145,0.1678,670,864,6332,11232
AUSO,GSM_PERS,2026-08,2026-08-05,12,116,14,0.1207,114,116,3810,4682
AYS3,GSM_MOVI,2026-08,2026-08-05,12,10,1,0.1000,10,10,823,848
AYS3,GSM_PERS,2026-08,2026-08-05,12,68,7,0.1029,68,68,1327,1382
AYS3,MOVI,2026-08,2026-08-05,12,348,58,0.1667,346,348,3711,5122
AYSA,GSM_PERS,2026-08,2026-08-05,12,234,25,0.1068,232,234,2335,2441
AYSA,MOVI,2026-08,2026-08-05,12,162,31,0.1914,162,162,1682,1747
AYSC,MOVI,2026-08,2026-08-05,12,20,2,0.1000,19,20,588,1265
AYSE,GSM_PERS,2026-08,2026-08-05,12,1014,145,0.1430,814,1011,5851,8523
CVIA,GSM_MOVI,2026-08,2026-08-05,12,3348,692,0.2067,2998,3311,35470,58012
CVIA,MOVI,2026-08,2026-08-05,12,251,22,0.0876,250,251,4732,6040
DRTV,GSM_PERS,2026-08,2026-08-05,12,1346,59,0.0438,981,1346,4968,8538
DRTV,MOVI,2026-08,2026-08-05,12,42,8,0.1905,42,42,493,537
DRTW,GSM_MOVI,2026-08,2026-08-05,12,156,16,0.1026,141,156,4346,6010
DRTW,GSM_PERS,2026-08,2026-08-05,12,204,10,0.0490,166,204,1872,3451
DRTW,MOVI,2026-08,2026-08-05,12,24,8,0.3333,23,24,490,575
FIME,GSM_MOVI,2026-08,2026-08-05,12,1996,89,0.0446,1950,1996,11517,12036
MEL0,GSM_MOVI,2026-08,2026-08-05,12,1646,91,0.0553,1447,1646,23082,30166
MEL0,GSM_PERS,2026-08,2026-08-05,12,2150,78,0.0363,1695,2148,22949,33027
MEL0,MOVI,2026-08,2026-08-05,12,4117,159,0.0386,3848,4106,48045,70967
AUSO,GSM_MOVI,2026-08,2026-08-05,13,857,126,0.1470,707,856,6332,11232
AUSO,Sin proveedor,2026-08,2026-08-05,13,1,1,1.0000,1,1,1,1
AYS3,GSM_MOVI,2026-08,2026-08-05,13,36,8,0.2222,36,36,823,848
AYS3,GSM_PERS,2026-08,2026-08-05,13,15,2,0.1333,15,15,1327,1382
AYS3,MOVI,2026-08,2026-08-05,13,183,24,0.1311,180,183,3711,5122
AYSA,GSM_PERS,2026-08,2026-08-05,13,23,4,0.1739,23,23,2335,2441
AYSC,MOVI,2026-08,2026-08-05,13,16,1,0.0625,16,16,588,1265
AYSE,GSM_PERS,2026-08,2026-08-05,13,1177,136,0.1155,953,1176,5851,8523
CVIA,GSM_MOVI,2026-08,2026-08-05,13,3040,716,0.2355,2724,2993,35470,58012
CVIA,MOVI,2026-08,2026-08-05,13,251,28,0.1116,246,251,4732,6040
DRTV,GSM_PERS,2026-08,2026-08-05,13,1931,100,0.0518,1325,1931,4968,8538
DRTV,MOVI,2026-08,2026-08-05,13,234,65,0.2778,223,234,493,537
DRTW,GSM_MOVI,2026-08,2026-08-05,13,193,14,0.0725,175,193,4346,6010
DRTW,GSM_PERS,2026-08,2026-08-05,13,43,3,0.0698,34,43,1872,3451
DRTW,MOVI,2026-08,2026-08-05,13,123,38,0.3089,121,123,490,575
FIME,GSM_MOVI,2026-08,2026-08-05,13,1900,107,0.0563,1857,1900,11517,12036
MEL0,GSM_MOVI,2026-08,2026-08-05,13,2061,99,0.0480,1791,2060,23082,30166
MEL0,GSM_PERS,2026-08,2026-08-05,13,2008,68,0.0339,1673,2008,22949,33027
MEL0,MOVI,2026-08,2026-08-05,13,4118,172,0.0418,3821,4106,48045,70967
ADT1,GSM_MOVI,2026-08,2026-08-05,14,14,3,0.2143,12,14,377,814
AUSO,GSM_MOVI,2026-08,2026-08-05,14,996,159,0.1596,798,996,6332,11232
AUSO,GSM_PERS,2026-08,2026-08-05,14,12,2,0.1667,12,12,1392,1731
AYS3,GSM_MOVI,2026-08,2026-08-05,14,90,10,0.1111,90,90,823,848
AYS3,GSM_PERS,2026-08,2026-08-05,14,31,3,0.0968,31,31,1327,1382
AYS3,MOVI,2026-08,2026-08-05,14,1,0,0.0000,1,1,817,919
AYSA,GSM_PERS,2026-08,2026-08-05,14,14,2,0.1429,14,14,2335,2441
AYSC,MOVI,2026-08,2026-08-05,14,27,0,0.0000,27,26,588,1265
AYSE,GSM_PERS,2026-08,2026-08-05,14,1471,182,0.1237,1260,1468,5851,8523
CVIA,GSM_MOVI,2026-08,2026-08-05,14,3458,727,0.2102,3111,3414,35470,58012
CVIA,MOVI,2026-08,2026-08-05,14,199,20,0.1005,197,199,4732,6040
DRTV,GSM_PERS,2026-08,2026-08-05,14,1604,82,0.0511,1132,1604,4968,8538
DRTV,MOVI,2026-08,2026-08-05,14,190,36,0.1895,189,190,493,537
DRTV,Sin proveedor,2026-08,2026-08-05,14,1,1,1.0000,1,1,2,2
DRTW,GSM_MOVI,2026-08,2026-08-05,14,182,16,0.0879,158,182,4346,6010
DRTW,GSM_PERS,2026-08,2026-08-05,14,11,1,0.0909,11,11,1872,3451
DRTW,MOVI,2026-08,2026-08-05,14,63,19,0.3016,60,63,490,575
DRTW,Sin proveedor,2026-08,2026-08-05,14,1,1,1.0000,1,1,1,1
FIME,GSM_MOVI,2026-08,2026-08-05,14,2089,95,0.0455,2054,2086,11517,12036
MEL0,GSM_MOVI,2026-08,2026-08-05,14,1836,110,0.0599,1617,1836,23082,30166
MEL0,GSM_PERS,2026-08,2026-08-05,14,2064,76,0.0368,1728,2063,22949,33027
MEL0,MOVI,2026-08,2026-08-05,14,3805,142,0.0373,3623,3788,48045,70967
ADT1,GSM_MOVI,2026-08,2026-08-05,15,20,1,0.0500,18,20,377,814
AUSO,GSM_MOVI,2026-08,2026-08-05,15,1033,148,0.1433,839,1032,6332,11232
AUSO,GSM_PERS,2026-08,2026-08-05,15,12,0,0.0000,12,12,1614,2000
AYS3,GSM_MOVI,2026-08,2026-08-05,15,89,8,0.0899,86,89,823,848
AYS3,GSM_PERS,2026-08,2026-08-05,15,7,1,0.1429,7,7,1327,1382
AYSA,GSM_PERS,2026-08,2026-08-05,15,16,3,0.1875,16,16,2335,2441
AYSC,MOVI,2026-08,2026-08-05,15,34,3,0.0882,29,34,588,1265
AYSE,GSM_PERS,2026-08,2026-08-05,15,1459,225,0.1542,1250,1440,5851,8523
CVIA,GSM_MOVI,2026-08,2026-08-05,15,3870,874,0.2258,3526,3794,35470,58012
CVIA,MOVI,2026-08,2026-08-05,15,26,3,0.1154,26,26,4732,6040
DRTV,GSM_PERS,2026-08,2026-08-05,15,1558,73,0.0469,1133,1558,4968,8538
DRTV,MOVI,2026-08,2026-08-05,15,71,16,0.2254,69,71,493,537
DRTW,GSM_MOVI,2026-08,2026-08-05,15,209,13,0.0622,185,209,4346,6010
DRTW,GSM_PERS,2026-08,2026-08-05,15,21,0,0.0000,18,21,1872,3451
DRTW,MOVI,2026-08,2026-08-05,15,20,4,0.2000,20,20,490,575
DRTW,Sin proveedor,2026-08,2026-08-05,15,1,1,1.0000,1,1,1,1
FIME,GSM_MOVI,2026-08,2026-08-05,15,2502,145,0.0580,2452,2502,11517,12036
MEL0,GSM_MOVI,2026-08,2026-08-05,15,1664,80,0.0481,1479,1664,23082,30166
MEL0,GSM_PERS,2026-08,2026-08-05,15,2069,76,0.0367,1746,2069,22949,33027
MEL0,MOVI,2026-08,2026-08-05,15,3696,127,0.0344,3505,3666,48045,70967
ADT1,GSM_MOVI,2026-08,2026-08-05,16,14,1,0.0714,14,14,377,814
AUSO,GSM_MOVI,2026-08,2026-08-05,16,921,147,0.1596,779,921,6332,11232
AUSO,GSM_PERS,2026-08,2026-08-05,16,8,0,0.0000,8,8,1299,1601
AYS3,GSM_MOVI,2026-08,2026-08-05,16,57,11,0.1930,56,57,823,848
AYS3,GSM_PERS,2026-08,2026-08-05,16,17,3,0.1765,17,17,1327,1382
AYS3,MOVI,2026-08,2026-08-05,16,1,0,0.0000,1,1,817,919
AYSA,GSM_PERS,2026-08,2026-08-05,16,63,8,0.1270,62,63,2335,2441
AYSC,MOVI,2026-08,2026-08-05,16,48,5,0.1042,40,48,588,1265
AYSE,GSM_PERS,2026-08,2026-08-05,16,220,30,0.1364,207,220,5851,8523
CVIA,GSM_MOVI,2026-08,2026-08-05,16,3583,1074,0.2997,3077,3405,52244,62615
DRTV,GSM_PERS,2026-08,2026-08-05,16,254,11,0.0433,224,254,4968,8538
DRTW,GSM_MOVI,2026-08,2026-08-05,16,141,8,0.0567,127,141,4346,6010
DRTW,GSM_PERS,2026-08,2026-08-05,16,28,1,0.0357,26,28,1872,3451
FIME,GSM_MOVI,2026-08,2026-08-05,16,147,6,0.0408,147,147,11517,12036
MEL0,GSM_MOVI,2026-08,2026-08-05,16,1257,66,0.0525,1120,1257,23082,30166
MEL0,GSM_PERS,2026-08,2026-08-05,16,1976,54,0.0273,1737,1976,22949,33027
MEL0,MOVI,2026-08,2026-08-05,16,3244,99,0.0305,2967,3183,48045,70967
OEST,GSM_MOVI,2026-08,2026-08-05,16,2211,315,0.1425,1663,2206,3013,4621
OEST,GSM_PERS,2026-08,2026-08-05,16,2560,327,0.1277,1902,2549,3209,4789
ADT1,GSM_MOVI,2026-08,2026-08-05,17,83,6,0.0723,59,83,377,814
AUSO,GSM_MOVI,2026-08,2026-08-05,17,908,138,0.1520,767,908,6332,11232
AUSO,GSM_PERS,2026-08,2026-08-05,17,5,0,0.0000,5,5,374,448
AYS3,GSM_MOVI,2026-08,2026-08-05,17,143,20,0.1399,142,142,823,848
AYS3,GSM_PERS,2026-08,2026-08-05,17,324,22,0.0679,318,324,1327,1382
AYSA,GSM_PERS,2026-08,2026-08-05,17,23,2,0.0870,23,23,2335,2441
AYSC,MOVI,2026-08,2026-08-05,17,47,4,0.0851,40,47,588,1265
CVIA,GSM_MOVI,2026-08,2026-08-05,17,1842,379,0.2058,1645,1842,21446,37057
CVIA,MOVI,2026-08,2026-08-05,17,13,3,0.2308,13,13,4732,6040
DRTV,GSM_PERS,2026-08,2026-08-05,17,27,3,0.1111,27,27,1637,2001
DRTW,GSM_MOVI,2026-08,2026-08-05,17,469,28,0.0597,439,469,4346,6010
DRTW,GSM_PERS,2026-08,2026-08-05,17,31,2,0.0645,30,31,1872,3451
MEL0,GSM_MOVI,2026-08,2026-08-05,17,2138,99,0.0463,1894,2138,23082,30166
MEL0,GSM_PERS,2026-08,2026-08-05,17,2452,89,0.0363,2084,2451,22949,33027
MEL0,MOVI,2026-08,2026-08-05,17,3270,102,0.0312,3039,3226,48045,70967
OEST,GSM_MOVI,2026-08,2026-08-05,17,2427,339,0.1397,1775,2423,3013,4621
OEST,GSM_PERS,2026-08,2026-08-05,17,2255,286,0.1268,1735,2248,3209,4789
AUSO,GSM_MOVI,2026-08,2026-08-05,18,932,158,0.1695,787,932,6332,11232
AUSO,GSM_PERS,2026-08,2026-08-05,18,202,17,0.0842,197,202,3948,4841
AYS3,GSM_MOVI,2026-08,2026-08-05,18,353,39,0.1105,348,350,823,848
AYS3,GSM_PERS,2026-08,2026-08-05,18,49,4,0.0816,49,49,929,971
AYSA,GSM_PERS,2026-08,2026-08-05,18,715,81,0.1133,696,713,2335,2441
AYSC,MOVI,2026-08,2026-08-05,18,52,3,0.0577,43,52,588,1265
CVIA,MOVI,2026-08,2026-08-05,18,275,28,0.1018,271,275,4732,6040
DRTV,GSM_PERS,2026-08,2026-08-05,18,453,42,0.0927,413,453,1637,2001
DRTW,GSM_MOVI,2026-08,2026-08-05,18,865,67,0.0775,761,865,4346,6010
DRTW,GSM_PERS,2026-08,2026-08-05,18,655,23,0.0351,524,655,1872,3451
MEL0,GSM_MOVI,2026-08,2026-08-05,18,6168,286,0.0464,5212,6163,23082,30166
MEL0,GSM_PERS,2026-08,2026-08-05,18,3277,118,0.0360,2729,3276,22949,33027
MEL0,MOVI,2026-08,2026-08-05,18,3198,124,0.0388,2982,3175,48045,70967
AUSO,GSM_MOVI,2026-08,2026-08-05,19,1492,235,0.1575,1251,1490,6332,11232
AUSO,GSM_PERS,2026-08,2026-08-05,19,80,8,0.1000,80,78,3546,4342
AYS3,GSM_MOVI,2026-08,2026-08-05,19,32,6,0.1875,32,32,823,848
AYS3,GSM_PERS,2026-08,2026-08-05,19,38,5,0.1316,38,38,929,971
AYSA,GSM_PERS,2026-08,2026-08-05,19,129,25,0.1938,129,129,2335,2441
AYSC,MOVI,2026-08,2026-08-05,19,68,8,0.1176,55,68,588,1265
CVIA,MOVI,2026-08,2026-08-05,19,295,33,0.1119,291,295,4732,6040
DRTW,GSM_MOVI,2026-08,2026-08-05,19,125,8,0.0640,119,125,3715,4999
DRTW,GSM_PERS,2026-08,2026-08-05,19,3,0,0.0000,3,3,1872,3451
MEL0,GSM_MOVI,2026-08,2026-08-05,19,197,12,0.0609,192,197,23082,30166
MEL0,GSM_PERS,2026-08,2026-08-05,19,5537,256,0.0462,4982,5537,22949,33027
MEL0,MOVI,2026-08,2026-08-05,19,3192,117,0.0367,2992,3165,48045,70967
MEL0,Sin proveedor,2026-08,2026-08-05,19,1,0,0.0000,1,1,2,2
AYSC,MOVI,2026-08,2026-08-05,20,55,2,0.0364,50,55,588,1265
CVIA,MOVI,2026-08,2026-08-05,20,320,37,0.1156,316,319,4732,6040
MEL0,GSM_PERS,2026-08,2026-08-05,20,6131,262,0.0427,5514,6130,22949,33027
MEL0,MOVI,2026-08,2026-08-05,20,3218,116,0.0360,2983,3182,48045,70967
AYS3,MOVI,2026-08,2026-08-05,21,3,0,0.0000,3,3,817,919
AYSC,MOVI,2026-08,2026-08-05,21,161,7,0.0435,105,159,588,1265
CVIA,MOVI,2026-08,2026-08-05,21,1,0,0.0000,1,1,4732,6040
MEL0,GSM_PERS,2026-08,2026-08-05,21,13,0,0.0000,13,13,22949,33027
MEL0,MOVI,2026-08,2026-08-05,21,9433,335,0.0355,8049,9166,48045,70967
MEL0,MOVI,2026-08,2026-08-05,22,33,3,0.0909,29,33,48045,70967
AUSO,GSM_MOVI,2026-08,2026-08-06,8,974,86,0.0883,904,973,11407,13763
AYS3,GSM_PERS,2026-08,2026-08-06,8,105,14,0.1333,102,105,1327,1382
AYSA,GSM_MOVI,2026-08,2026-08-06,8,745,74,0.0993,519,733,6850,10207
AYSA,GSM_PERS,2026-08,2026-08-06,8,311,41,0.1318,306,303,2335,2441
AYSC,MOVI,2026-08,2026-08-06,8,211,4,0.0190,145,211,588,1265
AYSE,GSM_MOVI,2026-08,2026-08-06,8,81,20,0.2469,74,81,408,450
AYSE,GSM_PERS,2026-08,2026-08-06,8,138,24,0.1739,114,117,5851,8523
CVIA,GSM_MOVI,2026-08,2026-08-06,8,3090,128,0.0414,2884,2019,58784,70107
CVIA,GSM_PERS,2026-08,2026-08-06,8,752,104,0.1383,716,751,11906,13685
MEL0,GSM_PERS,2026-08,2026-08-06,8,988,22,0.0223,941,988,22949,33027
MEL0,MOVI,2026-08,2026-08-06,8,9195,249,0.0271,7903,8928,48045,70967
REVO,GSM_PERS,2026-08,2026-08-06,8,63,2,0.0317,62,63,5618,6518
ADT1,GSM_MOVI,2026-08,2026-08-06,9,28,1,0.0357,19,28,377,814
AUSO,GSM_MOVI,2026-08,2026-08-06,9,2190,223,0.1018,2022,2189,11407,13763
AYS3,GSM_PERS,2026-08,2026-08-06,9,116,11,0.0948,114,116,1327,1382
AYS3,MOVI,2026-08,2026-08-06,9,16,16,1.0000,16,16,817,919
AYSA,GSM_MOVI,2026-08,2026-08-06,9,347,32,0.0922,259,342,6850,10207
AYSA,GSM_PERS,2026-08,2026-08-06,9,46,5,0.1087,44,46,2335,2441
AYSC,MOVI,2026-08,2026-08-06,9,312,12,0.0385,203,292,588,1265
AYSE,GSM_MOVI,2026-08,2026-08-06,9,12,5,0.4167,11,12,404,445
AYSE,GSM_PERS,2026-08,2026-08-06,9,81,16,0.1975,77,78,5851,8523
AYSE,MOVI,2026-08,2026-08-06,9,21,21,1.0000,21,21,1406,1916
CVIA,GSM_MOVI,2026-08,2026-08-06,9,5568,501,0.0900,5226,5193,58784,70107
CVIA,GSM_PERS,2026-08,2026-08-06,9,4403,624,0.1417,4140,4396,11906,13685
CVIA,MOVI,2026-08,2026-08-06,9,281,24,0.0854,279,281,4732,6040
DRTV,GSM_MOVI,2026-08,2026-08-06,9,71,5,0.0704,66,71,3914,4675
DRTW,GSM_MOVI,2026-08,2026-08-06,9,11,0,0.0000,10,11,631,1011
DRTW,GSM_PERS,2026-08,2026-08-06,9,228,8,0.0351,193,228,3103,4988
MEL0,GSM_PERS,2026-08,2026-08-06,9,236,6,0.0254,228,236,22949,33027
MEL0,MOVI,2026-08,2026-08-06,9,3334,91,0.0273,3112,3310,48045,70967
ADT1,GSM_MOVI,2026-08,2026-08-06,10,53,2,0.0377,38,53,377,814
AUSO,GSM_MOVI,2026-08,2026-08-06,10,3072,376,0.1224,2828,3068,11407,13763
AYS3,GSM_PERS,2026-08,2026-08-06,10,113,10,0.0885,110,113,1327,1382
AYS3,MOVI,2026-08,2026-08-06,10,3,2,0.6667,3,3,817,919
AYSA,GSM_MOVI,2026-08,2026-08-06,10,311,32,0.1029,250,310,6850,10207
AYSA,GSM_PERS,2026-08,2026-08-06,10,54,10,0.1852,54,54,2335,2441
AYSC,MOVI,2026-08,2026-08-06,10,148,9,0.0608,121,144,588,1265
AYSE,GSM_PERS,2026-08,2026-08-06,10,55,14,0.2545,55,55,5851,8523
AYSE,MOVI,2026-08,2026-08-06,10,42,42,1.0000,41,42,1406,1916
CVIA,GSM_MOVI,2026-08,2026-08-06,10,1521,103,0.0677,1455,1161,58784,70107
CVIA,GSM_PERS,2026-08,2026-08-06,10,4231,618,0.1461,4017,4228,11906,13685
CVIA,MOVI,2026-08,2026-08-06,10,262,31,0.1183,257,262,4732,6040
DRTV,GSM_MOVI,2026-08,2026-08-06,10,104,4,0.0385,101,104,3914,4675
DRTW,GSM_MOVI,2026-08,2026-08-06,10,13,0,0.0000,9,13,631,1011
DRTW,GSM_PERS,2026-08,2026-08-06,10,295,16,0.0542,243,295,3103,4988
DRTW,MOVI,2026-08,2026-08-06,10,371,60,0.1617,339,371,490,575
FIME,GSM_MOVI,2026-08,2026-08-06,10,2707,97,0.0358,2643,2707,11517,12036
MEL0,GSM_MOVI,2026-08,2026-08-06,10,299,11,0.0368,255,299,23082,30166
MEL0,GSM_PERS,2026-08,2026-08-06,10,188,3,0.0160,180,188,22949,33027
MEL0,MOVI,2026-08,2026-08-06,10,2107,72,0.0342,2047,2088,48045,70967
ADT1,GSM_MOVI,2026-08,2026-08-06,11,17,1,0.0588,10,17,377,814
AUSO,GSM_MOVI,2026-08,2026-08-06,11,2310,288,0.1247,2161,2309,11407,13763
AYS3,GSM_PERS,2026-08,2026-08-06,11,536,46,0.0858,528,535,1327,1382
AYS3,MOVI,2026-08,2026-08-06,11,187,4,0.0214,182,184,817,919
AYSA,GSM_MOVI,2026-08,2026-08-06,11,250,19,0.0760,189,249,6850,10207
AYSA,GSM_PERS,2026-08,2026-08-06,11,920,106,0.1152,901,917,2335,2441
AYSC,MOVI,2026-08,2026-08-06,11,18,2,0.1111,17,18,588,1265
AYSE,GSM_PERS,2026-08,2026-08-06,11,364,70,0.1923,307,311,5851,8523
AYSE,MOVI,2026-08,2026-08-06,11,333,38,0.1141,299,333,1406,1916
CVIA,GSM_MOVI,2026-08,2026-08-06,11,587,19,0.0324,571,309,50332,57680
CVIA,GSM_PERS,2026-08,2026-08-06,11,194,43,0.2216,193,194,11906,13685
CVIA,MOVI,2026-08,2026-08-06,11,274,28,0.1022,273,274,4732,6040
DRTV,GSM_MOVI,2026-08,2026-08-06,11,102,14,0.1373,97,102,3914,4675
DRTW,GSM_MOVI,2026-08,2026-08-06,11,9,1,0.1111,7,9,631,1011
DRTW,GSM_PERS,2026-08,2026-08-06,11,1993,83,0.0416,1489,1993,3103,4988
DRTW,MOVI,2026-08,2026-08-06,11,154,24,0.1558,144,154,490,575
FIME,GSM_MOVI,2026-08,2026-08-06,11,3637,127,0.0349,3539,3635,11517,12036
MEL0,GSM_MOVI,2026-08,2026-08-06,11,1395,45,0.0323,1187,1395,23082,30166
MEL0,GSM_PERS,2026-08,2026-08-06,11,1175,33,0.0281,1120,1175,22949,33027
MEL0,MOVI,2026-08,2026-08-06,11,3921,132,0.0337,3591,3911,48045,70967
ADT1,GSM_MOVI,2026-08,2026-08-06,12,25,0,0.0000,16,25,377,814
AUSO,GSM_MOVI,2026-08,2026-08-06,12,2079,297,0.1429,1931,2078,11407,13763
AYS3,GSM_PERS,2026-08,2026-08-06,12,181,20,0.1105,180,180,1327,1382
AYS3,MOVI,2026-08,2026-08-06,12,50,1,0.0200,49,50,817,919
AYSA,GSM_MOVI,2026-08,2026-08-06,12,229,23,0.1004,170,227,6850,10207
AYSA,GSM_PERS,2026-08,2026-08-06,12,572,60,0.1049,450,568,11753,19093
AYSC,MOVI,2026-08,2026-08-06,12,16,0,0.0000,15,16,588,1265
AYSE,GSM_MOVI,2026-08,2026-08-06,12,4,2,0.5000,4,4,360,396
AYSE,GSM_PERS,2026-08,2026-08-06,12,1478,186,0.1258,1190,1474,5851,8523
AYSE,MOVI,2026-08,2026-08-06,12,79,3,0.0380,77,79,1406,1916
CVIA,GSM_MOVI,2026-08,2026-08-06,12,530,21,0.0396,500,275,50332,57680
CVIA,MOVI,2026-08,2026-08-06,12,296,25,0.0845,293,296,4732,6040
DRTV,GSM_MOVI,2026-08,2026-08-06,12,65,4,0.0615,61,65,3914,4675
DRTV,GSM_PERS,2026-08,2026-08-06,12,1786,86,0.0482,1166,1786,3331,6537
DRTW,GSM_MOVI,2026-08,2026-08-06,12,27,3,0.1111,25,27,631,1011
DRTW,GSM_PERS,2026-08,2026-08-06,12,418,31,0.0742,364,418,3103,4988
FIME,GSM_MOVI,2026-08,2026-08-06,12,1975,81,0.0410,1943,1975,11517,12036
MEL0,GSM_MOVI,2026-08,2026-08-06,12,1205,47,0.0390,1065,1205,23082,30166
MEL0,GSM_PERS,2026-08,2026-08-06,12,572,30,0.0524,538,569,22949,33027
MEL0,MOVI,2026-08,2026-08-06,12,4090,143,0.0350,3741,4079,48045,70967
OEST,GSM_MOVI,2026-08,2026-08-06,12,1849,260,0.1406,1659,1846,9248,11342
ADT1,GSM_MOVI,2026-08,2026-08-06,13,9,0,0.0000,7,9,377,814
AUSO,GSM_MOVI,2026-08,2026-08-06,13,637,82,0.1287,614,637,11407,13763
AYS3,GSM_MOVI,2026-08,2026-08-06,13,20,1,0.0500,20,20,823,848
AYS3,GSM_PERS,2026-08,2026-08-06,13,2,1,0.5000,2,2,929,971
AYS3,MOVI,2026-08,2026-08-06,13,51,0,0.0000,50,50,817,919
AYSA,GSM_MOVI,2026-08,2026-08-06,13,265,35,0.1321,205,262,6850,10207
AYSA,GSM_PERS,2026-08,2026-08-06,13,323,31,0.0960,216,322,11753,19093
AYSC,MOVI,2026-08,2026-08-06,13,15,1,0.0667,12,15,588,1265
AYSE,GSM_PERS,2026-08,2026-08-06,13,1854,239,0.1289,1451,1849,5851,8523
AYSE,MOVI,2026-08,2026-08-06,13,79,6,0.0759,77,79,1406,1916
CVIA,GSM_MOVI,2026-08,2026-08-06,13,525,15,0.0286,496,282,50332,57680
CVIA,MOVI,2026-08,2026-08-06,13,285,36,0.1263,284,285,4732,6040
DRTV,GSM_MOVI,2026-08,2026-08-06,13,96,4,0.0417,91,96,3914,4675
DRTV,GSM_PERS,2026-08,2026-08-06,13,2576,120,0.0466,1703,2576,3331,6537
DRTW,GSM_MOVI,2026-08,2026-08-06,13,19,0,0.0000,16,19,631,1011
DRTW,GSM_PERS,2026-08,2026-08-06,13,26,0,0.0000,23,26,3103,4988
FIME,GSM_MOVI,2026-08,2026-08-06,13,1908,74,0.0388,1878,1908,11517,12036
MEL0,GSM_MOVI,2026-08,2026-08-06,13,1231,46,0.0374,1064,1231,23082,30166
MEL0,GSM_PERS,2026-08,2026-08-06,13,311,6,0.0193,287,311,22949,33027
MEL0,MOVI,2026-08,2026-08-06,13,3948,143,0.0362,3669,3937,48045,70967
OEST,GSM_MOVI,2026-08,2026-08-06,13,3363,494,0.1469,3006,3355,9248,11342
ADT1,GSM_MOVI,2026-08,2026-08-06,14,18,2,0.1111,12,17,377,814
AYS3,GSM_MOVI,2026-08,2026-08-06,14,30,2,0.0667,30,30,823,848
AYS3,GSM_PERS,2026-08,2026-08-06,14,11,1,0.0909,10,11,1327,1382
AYS3,MOVI,2026-08,2026-08-06,14,173,3,0.0173,166,172,817,919
AYSA,GSM_MOVI,2026-08,2026-08-06,14,238,21,0.0882,176,233,6850,10207
AYSA,GSM_PERS,2026-08,2026-08-06,14,620,49,0.0790,382,613,11753,19093
AYSC,MOVI,2026-08,2026-08-06,14,26,2,0.0769,23,26,588,1265
AYSE,GSM_PERS,2026-08,2026-08-06,14,1724,218,0.1265,1408,1721,5851,8523
AYSE,MOVI,2026-08,2026-08-06,14,312,15,0.0481,287,312,1406,1916
CVIA,GSM_MOVI,2026-08,2026-08-06,14,488,22,0.0451,462,267,50332,57680
CVIA,MOVI,2026-08,2026-08-06,14,283,27,0.0954,280,282,4732,6040
DRTV,GSM_MOVI,2026-08,2026-08-06,14,96,9,0.0938,88,96,3914,4675
DRTV,GSM_PERS,2026-08,2026-08-06,14,2127,106,0.0498,1458,2124,3331,6537
DRTW,GSM_MOVI,2026-08,2026-08-06,14,34,0,0.0000,28,34,631,1011
DRTW,GSM_PERS,2026-08,2026-08-06,14,35,3,0.0857,29,35,3103,4988
FIME,GSM_MOVI,2026-08,2026-08-06,14,1779,78,0.0438,1748,1778,11517,12036
MEL0,GSM_MOVI,2026-08,2026-08-06,14,1030,43,0.0417,903,1030,23082,30166
MEL0,GSM_PERS,2026-08,2026-08-06,14,460,11,0.0239,411,460,22949,33027
MEL0,MOVI,2026-08,2026-08-06,14,3771,121,0.0321,3536,3754,48045,70967
OEST,GSM_MOVI,2026-08,2026-08-06,14,4314,563,0.1305,3848,4303,9248,11342
ADT1,GSM_MOVI,2026-08,2026-08-06,15,109,4,0.0367,76,109,377,814
AYS3,GSM_MOVI,2026-08,2026-08-06,15,57,2,0.0351,57,57,823,848
AYS3,GSM_PERS,2026-08,2026-08-06,15,4,0,0.0000,4,4,929,971
AYS3,MOVI,2026-08,2026-08-06,15,145,1,0.0069,139,145,817,919
AYSA,GSM_MOVI,2026-08,2026-08-06,15,1602,175,0.1092,1217,1579,6850,10207
AYSA,GSM_PERS,2026-08,2026-08-06,15,2846,208,0.0731,1603,2662,11753,19093
AYSC,MOVI,2026-08,2026-08-06,15,37,3,0.0811,33,37,588,1265
AYSE,GSM_MOVI,2026-08,2026-08-06,15,84,23,0.2738,79,84,408,450
AYSE,MOVI,2026-08,2026-08-06,15,286,16,0.0559,263,286,1406,1916
CVIA,GSM_MOVI,2026-08,2026-08-06,15,3761,93,0.0247,3511,2008,50332,57680
CVIA,MOVI,2026-08,2026-08-06,15,271,23,0.0849,268,271,4732,6040
DRTV,GSM_MOVI,2026-08,2026-08-06,15,738,39,0.0528,678,737,3914,4675
DRTV,Sin proveedor,2026-08,2026-08-06,15,1,1,1.0000,1,1,2,2
DRTW,GSM_MOVI,2026-08,2026-08-06,15,33,0,0.0000,25,33,631,1011
DRTW,GSM_PERS,2026-08,2026-08-06,15,132,4,0.0303,109,132,3103,4988
FIME,GSM_MOVI,2026-08,2026-08-06,15,44,6,0.1364,44,44,11517,12036
MEL0,GSM_MOVI,2026-08,2026-08-06,15,2415,87,0.0360,2025,2415,23082,30166
MEL0,GSM_PERS,2026-08,2026-08-06,15,2110,75,0.0355,1811,2101,22949,33027
MEL0,MOVI,2026-08,2026-08-06,15,3424,111,0.0324,3224,3394,48045,70967
OEST,GSM_MOVI,2026-08,2026-08-06,15,132,23,0.1742,127,132,9248,11342
OEST,Sin proveedor,2026-08,2026-08-06,15,1,1,1.0000,1,1,1,1
ADT1,GSM_MOVI,2026-08,2026-08-06,16,204,7,0.0343,127,204,377,814
AYS3,GSM_MOVI,2026-08,2026-08-06,16,111,16,0.1441,109,110,823,848
AYS3,GSM_PERS,2026-08,2026-08-06,16,125,10,0.0800,124,124,1327,1382
AYSA,GSM_MOVI,2026-08,2026-08-06,16,1948,199,0.1022,1397,1885,6850,10207
AYSA,GSM_PERS,2026-08,2026-08-06,16,2715,196,0.0722,1548,2575,11753,19093
AYSC,MOVI,2026-08,2026-08-06,16,36,0,0.0000,33,36,588,1265
AYSE,GSM_PERS,2026-08,2026-08-06,16,96,21,0.2188,96,96,5851,8523
CVIA,GSM_MOVI,2026-08,2026-08-06,16,4640,131,0.0282,4334,2383,50332,57680
CVIA,MOVI,2026-08,2026-08-06,16,256,32,0.1250,255,256,4732,6040
DRTV,GSM_MOVI,2026-08,2026-08-06,16,609,44,0.0722,546,609,3914,4675
DRTW,GSM_MOVI,2026-08,2026-08-06,16,397,17,0.0428,287,396,631,1011
DRTW,GSM_PERS,2026-08,2026-08-06,16,236,6,0.0254,195,236,3103,4988
MEL0,GSM_MOVI,2026-08,2026-08-06,16,2511,117,0.0466,2073,2511,23082,30166
MEL0,GSM_PERS,2026-08,2026-08-06,16,1932,62,0.0321,1638,1926,22949,33027
MEL0,MOVI,2026-08,2026-08-06,16,3038,86,0.0283,2808,2982,48045,70967
ADT1,GSM_MOVI,2026-08,2026-08-06,17,286,18,0.0629,175,286,377,814
AYS3,GSM_MOVI,2026-08,2026-08-06,17,233,20,0.0858,228,233,823,848
AYS3,GSM_PERS,2026-08,2026-08-06,17,110,18,0.1636,108,110,1327,1382
AYSA,GSM_MOVI,2026-08,2026-08-06,17,1678,186,0.1108,1257,1626,6850,10207
AYSA,GSM_PERS,2026-08,2026-08-06,17,2856,226,0.0791,1766,2761,11753,19093
AYSC,MOVI,2026-08,2026-08-06,17,20,1,0.0500,16,20,588,1265
AYSE,GSM_MOVI,2026-08,2026-08-06,17,63,13,0.2063,58,63,408,450
AYSE,GSM_PERS,2026-08,2026-08-06,17,108,25,0.2315,104,106,5851,8523
CVIA,GSM_MOVI,2026-08,2026-08-06,17,4268,129,0.0302,4009,2293,50332,57680
CVIA,MOVI,2026-08,2026-08-06,17,228,29,0.1272,227,228,4732,6040
DRTV,GSM_MOVI,2026-08,2026-08-06,17,862,60,0.0696,797,862,3914,4675
DRTW,GSM_MOVI,2026-08,2026-08-06,17,372,15,0.0403,280,366,4524,6230
DRTW,GSM_PERS,2026-08,2026-08-06,17,104,5,0.0481,87,104,3103,4988
MEL0,GSM_MOVI,2026-08,2026-08-06,17,2889,139,0.0481,2489,2888,23082,30166
MEL0,GSM_PERS,2026-08,2026-08-06,17,2005,48,0.0239,1744,1995,22949,33027
MEL0,MOVI,2026-08,2026-08-06,17,3365,99,0.0294,3130,3291,48045,70967
AYS3,GSM_MOVI,2026-08,2026-08-06,18,127,10,0.0787,125,127,823,848
AYS3,GSM_PERS,2026-08,2026-08-06,18,23,1,0.0435,23,23,929,971
AYSA,GSM_MOVI,2026-08,2026-08-06,18,1830,176,0.0962,1389,1747,6850,10207
AYSA,GSM_PERS,2026-08,2026-08-06,18,2851,206,0.0723,1772,2760,11753,19093
AYSE,GSM_MOVI,2026-08,2026-08-06,18,56,14,0.2500,53,56,408,450
AYSE,GSM_PERS,2026-08,2026-08-06,18,61,14,0.2295,61,61,5851,8523
CVIA,GSM_MOVI,2026-08,2026-08-06,18,4057,117,0.0288,3855,2158,50332,57680
CVIA,MOVI,2026-08,2026-08-06,18,285,33,0.1158,281,285,4732,6040
DRTV,GSM_MOVI,2026-08,2026-08-06,18,825,58,0.0703,747,824,3914,4675
DRTW,GSM_MOVI,2026-08,2026-08-06,18,608,44,0.0724,487,608,4524,6230
DRTW,GSM_PERS,2026-08,2026-08-06,18,115,6,0.0522,94,115,3103,4988
MEL0,GSM_MOVI,2026-08,2026-08-06,18,3158,152,0.0481,2709,3158,23082,30166
MEL0,GSM_PERS,2026-08,2026-08-06,18,2048,60,0.0293,1808,2043,22949,33027
MEL0,MOVI,2026-08,2026-08-06,18,4319,130,0.0301,4042,4207,48045,70967
AYS3,GSM_MOVI,2026-08,2026-08-06,19,224,32,0.1429,219,223,823,848
AYS3,GSM_PERS,2026-08,2026-08-06,19,4,0,0.0000,4,4,929,971
AYSA,GSM_MOVI,2026-08,2026-08-06,19,1439,142,0.0987,1116,1398,6850,10207
AYSA,GSM_PERS,2026-08,2026-08-06,19,2851,204,0.0716,1747,2764,11753,19093
AYSE,GSM_MOVI,2026-08,2026-08-06,19,26,7,0.2692,25,26,305,338
AYSE,GSM_PERS,2026-08,2026-08-06,19,6,2,0.3333,6,6,2867,4277
CVIA,GSM_MOVI,2026-08,2026-08-06,19,4969,139,0.0280,4743,2511,50332,57680
CVIA,MOVI,2026-08,2026-08-06,19,312,29,0.0929,308,312,4732,6040
DRTV,GSM_MOVI,2026-08,2026-08-06,19,613,49,0.0799,569,613,3914,4675
DRTW,GSM_MOVI,2026-08,2026-08-06,19,381,32,0.0840,306,381,4524,6230
DRTW,GSM_PERS,2026-08,2026-08-06,19,164,11,0.0671,148,164,3103,4988
MEL0,GSM_MOVI,2026-08,2026-08-06,19,3217,163,0.0507,2778,3217,23082,30166
MEL0,GSM_PERS,2026-08,2026-08-06,19,2098,78,0.0372,1865,2092,22949,33027
MEL0,MOVI,2026-08,2026-08-06,19,4356,126,0.0289,4105,4253,48045,70967
AYS3,GSM_MOVI,2026-08,2026-08-06,20,9,2,0.2222,9,9,823,848
AYS3,GSM_PERS,2026-08,2026-08-06,20,11,1,0.0909,10,11,929,971
AYSA,GSM_PERS,2026-08,2026-08-06,20,3619,223,0.0616,2586,3516,11753,19093
AYSE,GSM_PERS,2026-08,2026-08-06,20,27,5,0.1852,27,27,5851,8523
CVIA,GSM_MOVI,2026-08,2026-08-06,20,47,2,0.0426,45,33,50332,57680
CVIA,MOVI,2026-08,2026-08-06,20,292,29,0.0993,291,292,4732,6040
DRTW,GSM_MOVI,2026-08,2026-08-06,20,19,4,0.2105,18,19,4524,6230
DRTW,GSM_PERS,2026-08,2026-08-06,20,212,15,0.0708,201,212,3103,4988
MEL0,GSM_MOVI,2026-08,2026-08-06,20,6,0,0.0000,6,6,23082,30166
MEL0,GSM_PERS,2026-08,2026-08-06,20,2529,102,0.0403,2333,2516,22949,33027
MEL0,MOVI,2026-08,2026-08-06,20,4328,133,0.0307,4037,4203,48045,70967
REVO,Sin proveedor,2026-08,2026-08-06,20,1,1,1.0000,1,1,1,1
AYSA,GSM_PERS,2026-08,2026-08-06,21,3,0,0.0000,3,3,9418,16652
CVIA,MOVI,2026-08,2026-08-06,21,1,0,0.0000,1,1,4732,6040
MEL0,GSM_PERS,2026-08,2026-08-06,21,5,1,0.2000,5,5,22949,33027
MEL0,MOVI,2026-08,2026-08-06,21,11249,371,0.0330,9615,10452,48045,70967
MEL0,MOVI,2026-08,2026-08-06,22,46,1,0.0217,43,46,48045,70967
